{
  "type": "FeatureCollection",
  "features": [
    {
      "type": "Feature",
      "properties": {
        "felt_featu": 1,
        "name": "Route Eight",
        "felt_color": "#E8B500",
        "felt_hasLo": "F",
        "felt_id": "b71YbgxrR7GkO2TNldD9A9BC",
        "felt_locke": "F",
        "felt_order": 1772808690139938,
        "felt_radiu": 90,
        "felt_route": "DRIVING",
        "felt_showE": "F",
        "felt_showL": "F",
        "felt_strok": 1,
        "felt_str_1": "solid",
        "felt_str_2": 4,
        "felt_type": "Path",
        "felt_width": 1,
        "source_file": "Route-Eight"
      },
      "geometry": {
        "type": "MultiLineString",
        "coordinates": [
          [
            [
              -79.299027,
              43.723
            ],
            [
              -79.29908,
              43.72308
            ],
            [
              -79.29889,
              43.72317
            ],
            [
              -79.29867,
              43.72324
            ],
            [
              -79.29852,
              43.7233
            ],
            [
              -79.29832,
              43.72366
            ],
            [
              -79.29816,
              43.72376
            ],
            [
              -79.2977,
              43.7239
            ],
            [
              -79.29761,
              43.72392
            ],
            [
              -79.297,
              43.72404
            ],
            [
              -79.29724,
              43.72463
            ],
            [
              -79.29729,
              43.72476
            ],
            [
              -79.29747,
              43.72519
            ],
            [
              -79.29759,
              43.7256
            ],
            [
              -79.2976,
              43.72578
            ],
            [
              -79.29832,
              43.72562
            ],
            [
              -79.29901,
              43.72546
            ],
            [
              -79.29942,
              43.72537
            ],
            [
              -79.29976,
              43.72529
            ],
            [
              -79.29993,
              43.72524
            ],
            [
              -79.30056,
              43.72512
            ],
            [
              -79.30071,
              43.72507
            ],
            [
              -79.30077,
              43.72503
            ],
            [
              -79.30115,
              43.72499
            ],
            [
              -79.30157,
              43.72494
            ],
            [
              -79.30274,
              43.72481
            ],
            [
              -79.3029,
              43.72519
            ],
            [
              -79.30295,
              43.72532
            ],
            [
              -79.30302,
              43.7255
            ],
            [
              -79.30307,
              43.72563
            ],
            [
              -79.30316,
              43.72585
            ],
            [
              -79.30322,
              43.72599
            ],
            [
              -79.30335,
              43.72632
            ],
            [
              -79.30351,
              43.72672
            ],
            [
              -79.30361,
              43.72703
            ],
            [
              -79.30384,
              43.72757
            ],
            [
              -79.30394,
              43.72781
            ],
            [
              -79.30423,
              43.7285
            ],
            [
              -79.30439,
              43.72889
            ],
            [
              -79.30452,
              43.72917
            ],
            [
              -79.30502,
              43.73038
            ],
            [
              -79.30509,
              43.73055
            ],
            [
              -79.30522,
              43.73087
            ],
            [
              -79.30539,
              43.73128
            ],
            [
              -79.30542,
              43.73136
            ],
            [
              -79.30549,
              43.73154
            ],
            [
              -79.30562,
              43.73186
            ],
            [
              -79.30566,
              43.73196
            ],
            [
              -79.30579,
              43.73227
            ],
            [
              -79.30589,
              43.73252
            ],
            [
              -79.30626,
              43.73342
            ],
            [
              -79.30643,
              43.73385
            ],
            [
              -79.30655,
              43.73415
            ],
            [
              -79.30661,
              43.73428
            ],
            [
              -79.30675,
              43.73461
            ],
            [
              -79.30705,
              43.73457
            ],
            [
              -79.30737,
              43.73457
            ],
            [
              -79.3076,
              43.73457
            ],
            [
              -79.30785,
              43.73456
            ],
            [
              -79.30806,
              43.73451
            ],
            [
              -79.3083,
              43.73441
            ],
            [
              -79.30867,
              43.73463
            ],
            [
              -79.30873,
              43.73474
            ],
            [
              -79.30904,
              43.7355
            ],
            [
              -79.30913,
              43.73553
            ],
            [
              -79.30925,
              43.73553
            ],
            [
              -79.31012,
              43.73534
            ],
            [
              -79.31204,
              43.73491
            ],
            [
              -79.312208,
              43.73531
            ]
          ],
          [
            [
              -79.312208,
              43.73531
            ],
            [
              -79.31238,
              43.73572
            ],
            [
              -79.31126,
              43.73595
            ],
            [
              -79.31043,
              43.73618
            ],
            [
              -79.30979,
              43.73633
            ],
            [
              -79.30948,
              43.73641
            ],
            [
              -79.30847,
              43.73666
            ],
            [
              -79.30837,
              43.73668
            ],
            [
              -79.30806,
              43.73675
            ],
            [
              -79.30764,
              43.73684
            ],
            [
              -79.30766,
              43.73689
            ],
            [
              -79.30785,
              43.73736
            ],
            [
              -79.30806,
              43.73786
            ],
            [
              -79.30817,
              43.73813
            ],
            [
              -79.3082,
              43.7382
            ],
            [
              -79.30824,
              43.73829
            ],
            [
              -79.3083,
              43.73844
            ],
            [
              -79.30836,
              43.73857
            ],
            [
              -79.30846,
              43.73878
            ],
            [
              -79.30864,
              43.73923
            ],
            [
              -79.30869,
              43.73933
            ],
            [
              -79.30888,
              43.7398
            ],
            [
              -79.30895,
              43.73997
            ],
            [
              -79.30911,
              43.74036
            ],
            [
              -79.30933,
              43.74091
            ],
            [
              -79.3094,
              43.7411
            ],
            [
              -79.30955,
              43.74149
            ],
            [
              -79.30961,
              43.74164
            ],
            [
              -79.30965,
              43.74175
            ],
            [
              -79.30981,
              43.74215
            ],
            [
              -79.31036,
              43.74203
            ],
            [
              -79.31076,
              43.74195
            ],
            [
              -79.31101,
              43.7419
            ],
            [
              -79.31133,
              43.74184
            ],
            [
              -79.31215,
              43.74171
            ],
            [
              -79.31278,
              43.74163
            ],
            [
              -79.31338,
              43.74157
            ],
            [
              -79.31371,
              43.74155
            ],
            [
              -79.31417,
              43.74152
            ],
            [
              -79.31504,
              43.74147
            ],
            [
              -79.31538,
              43.74145
            ],
            [
              -79.31616,
              43.74141
            ],
            [
              -79.31688,
              43.74136
            ],
            [
              -79.31756,
              43.74132
            ],
            [
              -79.31795,
              43.74129
            ],
            [
              -79.31829,
              43.74127
            ],
            [
              -79.31932,
              43.74121
            ],
            [
              -79.31969,
              43.74118
            ],
            [
              -79.32024,
              43.74114
            ],
            [
              -79.32056,
              43.74112
            ],
            [
              -79.3211,
              43.74108
            ],
            [
              -79.3213,
              43.74107
            ],
            [
              -79.32201,
              43.74102
            ],
            [
              -79.32241,
              43.74099
            ],
            [
              -79.32262,
              43.74098
            ],
            [
              -79.32304,
              43.74095
            ],
            [
              -79.32336,
              43.74092
            ],
            [
              -79.32376,
              43.74089
            ],
            [
              -79.32414,
              43.74086
            ],
            [
              -79.32435,
              43.74084
            ],
            [
              -79.32472,
              43.7408
            ],
            [
              -79.32518,
              43.74074
            ],
            [
              -79.32563,
              43.74068
            ],
            [
              -79.32656,
              43.74054
            ],
            [
              -79.32745,
              43.74039
            ],
            [
              -79.32861,
              43.74016
            ],
            [
              -79.32969,
              43.73994
            ],
            [
              -79.33016,
              43.73985
            ],
            [
              -79.33058,
              43.73977
            ],
            [
              -79.33084,
              43.73972
            ],
            [
              -79.33211,
              43.73946
            ],
            [
              -79.33278,
              43.73933
            ],
            [
              -79.33305,
              43.73928
            ],
            [
              -79.33453,
              43.73899
            ],
            [
              -79.33469,
              43.73896
            ],
            [
              -79.33518,
              43.73886
            ],
            [
              -79.3356,
              43.73878
            ],
            [
              -79.33627,
              43.73866
            ],
            [
              -79.33705,
              43.73852
            ],
            [
              -79.33738,
              43.73846
            ],
            [
              -79.33759,
              43.73842
            ],
            [
              -79.33774,
              43.73839
            ],
            [
              -79.33817,
              43.7383
            ],
            [
              -79.33873,
              43.73818
            ],
            [
              -79.33911,
              43.7381
            ],
            [
              -79.33948,
              43.73802
            ],
            [
              -79.3409,
              43.73772
            ],
            [
              -79.34101,
              43.7377
            ],
            [
              -79.34152,
              43.73759
            ],
            [
              -79.34184,
              43.73752
            ],
            [
              -79.34217,
              43.73745
            ],
            [
              -79.3426,
              43.73737
            ],
            [
              -79.34275,
              43.73734
            ],
            [
              -79.34334,
              43.73722
            ],
            [
              -79.34352,
              43.73718
            ],
            [
              -79.34384,
              43.7371
            ],
            [
              -79.34406,
              43.73705
            ],
            [
              -79.34432,
              43.737
            ],
            [
              -79.34464,
              43.73691
            ],
            [
              -79.34493,
              43.73685
            ],
            [
              -79.34506,
              43.73722
            ],
            [
              -79.34514,
              43.7376
            ],
            [
              -79.34527,
              43.73759
            ],
            [
              -79.345622,
              43.737512
            ]
          ],
          [
            [
              -79.345622,
              43.737512
            ],
            [
              -79.34527,
              43.73759
            ],
            [
              -79.34514,
              43.7376
            ],
            [
              -79.34506,
              43.73722
            ],
            [
              -79.34493,
              43.73685
            ],
            [
              -79.34464,
              43.73691
            ],
            [
              -79.34432,
              43.737
            ],
            [
              -79.34406,
              43.73705
            ],
            [
              -79.34384,
              43.7371
            ],
            [
              -79.34352,
              43.73718
            ],
            [
              -79.34334,
              43.73722
            ],
            [
              -79.34344,
              43.73758
            ],
            [
              -79.34353,
              43.73788
            ],
            [
              -79.34375,
              43.73868
            ],
            [
              -79.34396,
              43.73945
            ],
            [
              -79.34418,
              43.74029
            ],
            [
              -79.34424,
              43.74051
            ],
            [
              -79.34433,
              43.74085
            ],
            [
              -79.34436,
              43.74096
            ],
            [
              -79.34469,
              43.74222
            ],
            [
              -79.34484,
              43.74275
            ],
            [
              -79.34506,
              43.7436
            ],
            [
              -79.34519,
              43.7441
            ],
            [
              -79.34536,
              43.74472
            ],
            [
              -79.34547,
              43.74511
            ],
            [
              -79.34552,
              43.74531
            ],
            [
              -79.34556,
              43.74546
            ],
            [
              -79.34568,
              43.74588
            ],
            [
              -79.34573,
              43.74606
            ],
            [
              -79.34581,
              43.74635
            ],
            [
              -79.34592,
              43.74681
            ],
            [
              -79.34601,
              43.74715
            ],
            [
              -79.34606,
              43.74736
            ],
            [
              -79.34619,
              43.74786
            ],
            [
              -79.34629,
              43.74824
            ],
            [
              -79.34646,
              43.74891
            ],
            [
              -79.3467,
              43.74977
            ],
            [
              -79.34677,
              43.74994
            ],
            [
              -79.34682,
              43.75009
            ],
            [
              -79.34687,
              43.7502
            ],
            [
              -79.34699,
              43.7505
            ],
            [
              -79.34715,
              43.75091
            ],
            [
              -79.34723,
              43.75119
            ],
            [
              -79.34726,
              43.75145
            ],
            [
              -79.34727,
              43.75166
            ],
            [
              -79.34724,
              43.75196
            ],
            [
              -79.34721,
              43.75212
            ],
            [
              -79.34707,
              43.75278
            ],
            [
              -79.34697,
              43.75327
            ],
            [
              -79.34694,
              43.75357
            ],
            [
              -79.34693,
              43.75374
            ],
            [
              -79.34693,
              43.75401
            ],
            [
              -79.34694,
              43.75434
            ],
            [
              -79.34695,
              43.75466
            ],
            [
              -79.34695,
              43.75489
            ],
            [
              -79.34696,
              43.75533
            ],
            [
              -79.34696,
              43.75553
            ],
            [
              -79.34698,
              43.75565
            ],
            [
              -79.34704,
              43.7558
            ],
            [
              -79.34706,
              43.75623
            ],
            [
              -79.34707,
              43.7565
            ],
            [
              -79.34713,
              43.75782
            ],
            [
              -79.34713,
              43.75799
            ],
            [
              -79.34714,
              43.75836
            ],
            [
              -79.34714,
              43.75863
            ],
            [
              -79.34716,
              43.75966
            ],
            [
              -79.34716,
              43.7598
            ],
            [
              -79.34721,
              43.76127
            ],
            [
              -79.34722,
              43.76173
            ],
            [
              -79.34722,
              43.76198
            ],
            [
              -79.34721,
              43.76219
            ],
            [
              -79.3472,
              43.7625
            ],
            [
              -79.34717,
              43.76294
            ],
            [
              -79.34716,
              43.76307
            ],
            [
              -79.34703,
              43.76431
            ],
            [
              -79.34698,
              43.76491
            ],
            [
              -79.34695,
              43.76528
            ],
            [
              -79.34691,
              43.76575
            ],
            [
              -79.34689,
              43.76602
            ],
            [
              -79.34686,
              43.7663
            ],
            [
              -79.34683,
              43.76661
            ],
            [
              -79.34679,
              43.76711
            ],
            [
              -79.34673,
              43.76762
            ],
            [
              -79.34669,
              43.76809
            ],
            [
              -79.3466,
              43.76886
            ],
            [
              -79.34656,
              43.76936
            ],
            [
              -79.34654,
              43.76958
            ],
            [
              -79.34647,
              43.77021
            ],
            [
              -79.34638,
              43.77103
            ],
            [
              -79.34631,
              43.77182
            ],
            [
              -79.3463,
              43.77209
            ],
            [
              -79.34631,
              43.7724
            ],
            [
              -79.34634,
              43.77271
            ],
            [
              -79.34636,
              43.77295
            ],
            [
              -79.34645,
              43.77349
            ],
            [
              -79.34667,
              43.7742
            ],
            [
              -79.34677,
              43.77445
            ],
            [
              -79.34705,
              43.77508
            ],
            [
              -79.34722,
              43.77547
            ],
            [
              -79.34729,
              43.77564
            ],
            [
              -79.34736,
              43.77581
            ],
            [
              -79.34748,
              43.77611
            ],
            [
              -79.34762,
              43.77647
            ],
            [
              -79.34788,
              43.77711
            ],
            [
              -79.3481,
              43.77761
            ],
            [
              -79.34832,
              43.7781
            ],
            [
              -79.34846,
              43.77841
            ],
            [
              -79.34858,
              43.77868
            ],
            [
              -79.34875,
              43.77907
            ],
            [
              -79.34806,
              43.77923
            ],
            [
              -79.34769,
              43.77932
            ],
            [
              -79.34757,
              43.77935
            ],
            [
              -79.3474,
              43.77939
            ],
            [
              -79.34724,
              43.77943
            ],
            [
              -79.34661,
              43.77955
            ],
            [
              -79.34574,
              43.77966
            ],
            [
              -79.34572,
              43.77956
            ],
            [
              -79.34549,
              43.77929
            ],
            [
              -79.346,
              43.779
            ],
            [
              -79.346323,
              43.778826
            ]
          ],
          [
            [
              -79.346323,
              43.778826
            ],
            [
              -79.346,
              43.779
            ],
            [
              -79.34549,
              43.77929
            ],
            [
              -79.34572,
              43.77956
            ],
            [
              -79.34574,
              43.77966
            ],
            [
              -79.34574,
              43.77983
            ],
            [
              -79.34572,
              43.78021
            ],
            [
              -79.34568,
              43.78039
            ],
            [
              -79.3443,
              43.78096
            ],
            [
              -79.34308,
              43.7815
            ],
            [
              -79.34248,
              43.78181
            ],
            [
              -79.34247,
              43.78185
            ],
            [
              -79.34229,
              43.78204
            ],
            [
              -79.34221,
              43.78226
            ],
            [
              -79.34216,
              43.78259
            ],
            [
              -79.34218,
              43.7827
            ],
            [
              -79.34236,
              43.78342
            ],
            [
              -79.34251,
              43.78365
            ],
            [
              -79.34267,
              43.78381
            ],
            [
              -79.34286,
              43.78395
            ],
            [
              -79.34329,
              43.78412
            ],
            [
              -79.34441,
              43.78452
            ],
            [
              -79.34483,
              43.78471
            ],
            [
              -79.34522,
              43.78511
            ],
            [
              -79.34528,
              43.78517
            ],
            [
              -79.34549,
              43.78531
            ],
            [
              -79.34563,
              43.78545
            ],
            [
              -79.34575,
              43.78558
            ],
            [
              -79.34586,
              43.78578
            ],
            [
              -79.34589,
              43.78595
            ],
            [
              -79.34586,
              43.78609
            ],
            [
              -79.34565,
              43.78632
            ],
            [
              -79.34537,
              43.78661
            ],
            [
              -79.34487,
              43.78644
            ],
            [
              -79.34454,
              43.78637
            ],
            [
              -79.34424,
              43.78633
            ],
            [
              -79.3437,
              43.78635
            ],
            [
              -79.34358,
              43.78636
            ],
            [
              -79.34148,
              43.78659
            ],
            [
              -79.34094,
              43.78664
            ],
            [
              -79.34077,
              43.78667
            ],
            [
              -79.34031,
              43.78687
            ],
            [
              -79.33982,
              43.78699
            ],
            [
              -79.33777,
              43.78746
            ],
            [
              -79.337,
              43.78757
            ],
            [
              -79.3361,
              43.78777
            ],
            [
              -79.33501,
              43.78801
            ],
            [
              -79.33479,
              43.78753
            ],
            [
              -79.334742,
              43.78743
            ]
          ],
          [
            [
              -79.334742,
              43.78743
            ],
            [
              -79.33479,
              43.78753
            ],
            [
              -79.33501,
              43.78801
            ],
            [
              -79.33406,
              43.78824
            ],
            [
              -79.33373,
              43.78833
            ],
            [
              -79.33269,
              43.78854
            ],
            [
              -79.33157,
              43.78879
            ],
            [
              -79.33062,
              43.789
            ],
            [
              -79.33047,
              43.78903
            ],
            [
              -79.33039,
              43.78905
            ],
            [
              -79.32988,
              43.78918
            ],
            [
              -79.32959,
              43.78925
            ],
            [
              -79.32974,
              43.78957
            ],
            [
              -79.33077,
              43.79177
            ],
            [
              -79.33095,
              43.79216
            ],
            [
              -79.33105,
              43.79237
            ],
            [
              -79.33118,
              43.79264
            ],
            [
              -79.33142,
              43.79313
            ],
            [
              -79.331,
              43.79323
            ],
            [
              -79.33066,
              43.7933
            ],
            [
              -79.33049,
              43.79334
            ],
            [
              -79.33024,
              43.79339
            ],
            [
              -79.32941,
              43.79357
            ],
            [
              -79.32897,
              43.79367
            ],
            [
              -79.32823,
              43.79383
            ],
            [
              -79.32684,
              43.79416
            ],
            [
              -79.3264,
              43.79426
            ],
            [
              -79.32598,
              43.79436
            ],
            [
              -79.32538,
              43.79449
            ],
            [
              -79.32501,
              43.79457
            ],
            [
              -79.32286,
              43.79505
            ],
            [
              -79.32039,
              43.79563
            ],
            [
              -79.31992,
              43.79574
            ],
            [
              -79.3193,
              43.7959
            ],
            [
              -79.31885,
              43.796
            ],
            [
              -79.31862,
              43.79605
            ],
            [
              -79.3184,
              43.79611
            ],
            [
              -79.31788,
              43.79623
            ],
            [
              -79.31742,
              43.79634
            ],
            [
              -79.31685,
              43.79651
            ],
            [
              -79.316715,
              43.796294
            ]
          ],
          [
            [
              -79.316715,
              43.796294
            ],
            [
              -79.31685,
              43.79651
            ],
            [
              -79.31663,
              43.79658
            ],
            [
              -79.31622,
              43.79668
            ],
            [
              -79.3158,
              43.79679
            ],
            [
              -79.31548,
              43.79686
            ],
            [
              -79.3152,
              43.79692
            ],
            [
              -79.31492,
              43.79698
            ],
            [
              -79.314,
              43.79716
            ],
            [
              -79.31325,
              43.79731
            ],
            [
              -79.3128,
              43.79741
            ],
            [
              -79.31232,
              43.79753
            ],
            [
              -79.31166,
              43.79768
            ],
            [
              -79.31131,
              43.79776
            ],
            [
              -79.31073,
              43.79789
            ],
            [
              -79.31007,
              43.79804
            ],
            [
              -79.30982,
              43.7981
            ],
            [
              -79.30933,
              43.79821
            ],
            [
              -79.30799,
              43.79852
            ],
            [
              -79.30753,
              43.79864
            ],
            [
              -79.30701,
              43.79877
            ],
            [
              -79.30655,
              43.79888
            ],
            [
              -79.30598,
              43.79902
            ],
            [
              -79.30539,
              43.79916
            ],
            [
              -79.30493,
              43.79926
            ],
            [
              -79.30443,
              43.79937
            ],
            [
              -79.30331,
              43.79964
            ],
            [
              -79.30231,
              43.79988
            ],
            [
              -79.30158,
              43.80005
            ],
            [
              -79.30079,
              43.80025
            ],
            [
              -79.30028,
              43.80038
            ],
            [
              -79.3001,
              43.80042
            ],
            [
              -79.29963,
              43.80054
            ],
            [
              -79.29928,
              43.80062
            ],
            [
              -79.29901,
              43.80068
            ],
            [
              -79.29764,
              43.80101
            ],
            [
              -79.29697,
              43.80118
            ],
            [
              -79.29662,
              43.80126
            ],
            [
              -79.29642,
              43.80106
            ],
            [
              -79.29635,
              43.801
            ],
            [
              -79.29615,
              43.80079
            ],
            [
              -79.29592,
              43.80055
            ],
            [
              -79.29577,
              43.80035
            ],
            [
              -79.2957,
              43.80025
            ],
            [
              -79.29561,
              43.80012
            ],
            [
              -79.2955,
              43.79991
            ],
            [
              -79.2954,
              43.7997
            ],
            [
              -79.29528,
              43.7994
            ],
            [
              -79.29516,
              43.79913
            ],
            [
              -79.29513,
              43.79907
            ],
            [
              -79.29503,
              43.79881
            ],
            [
              -79.29445,
              43.79744
            ],
            [
              -79.29437,
              43.79726
            ],
            [
              -79.29426,
              43.797
            ],
            [
              -79.29385,
              43.79608
            ],
            [
              -79.29371,
              43.79576
            ],
            [
              -79.29358,
              43.79548
            ],
            [
              -79.29343,
              43.79514
            ],
            [
              -79.29327,
              43.79476
            ],
            [
              -79.29314,
              43.79444
            ],
            [
              -79.29274,
              43.79349
            ],
            [
              -79.29264,
              43.79326
            ],
            [
              -79.29243,
              43.79277
            ],
            [
              -79.2919,
              43.79152
            ],
            [
              -79.29171,
              43.79108
            ],
            [
              -79.29155,
              43.79071
            ],
            [
              -79.29083,
              43.78901
            ],
            [
              -79.29066,
              43.78862
            ],
            [
              -79.29025,
              43.78766
            ],
            [
              -79.29007,
              43.78724
            ],
            [
              -79.28994,
              43.78694
            ],
            [
              -79.28984,
              43.78669
            ],
            [
              -79.28967,
              43.78629
            ],
            [
              -79.28955,
              43.78602
            ],
            [
              -79.28944,
              43.78575
            ],
            [
              -79.28922,
              43.78523
            ],
            [
              -79.28916,
              43.78509
            ],
            [
              -79.28902,
              43.78477
            ],
            [
              -79.28896,
              43.78463
            ],
            [
              -79.28876,
              43.78419
            ],
            [
              -79.28865,
              43.78398
            ],
            [
              -79.28852,
              43.78375
            ],
            [
              -79.2883,
              43.78328
            ]
          ],
          [
            [
              -79.2883,
              43.78328
            ],
            [
              -79.28779,
              43.7834
            ],
            [
              -79.28747,
              43.78347
            ],
            [
              -79.2872,
              43.78353
            ],
            [
              -79.28705,
              43.78356
            ],
            [
              -79.28676,
              43.78363
            ],
            [
              -79.28651,
              43.78369
            ],
            [
              -79.28616,
              43.78376
            ],
            [
              -79.2859,
              43.78382
            ],
            [
              -79.28581,
              43.78384
            ],
            [
              -79.28536,
              43.78394
            ],
            [
              -79.28495,
              43.78403
            ],
            [
              -79.2839,
              43.78426
            ],
            [
              -79.28364,
              43.78431
            ],
            [
              -79.28333,
              43.78438
            ],
            [
              -79.28193,
              43.78464
            ],
            [
              -79.28161,
              43.7847
            ],
            [
              -79.28148,
              43.78472
            ],
            [
              -79.28108,
              43.78481
            ],
            [
              -79.28082,
              43.78487
            ],
            [
              -79.28049,
              43.78494
            ],
            [
              -79.28036,
              43.78496
            ],
            [
              -79.28022,
              43.78499
            ],
            [
              -79.28009,
              43.78502
            ],
            [
              -79.27995,
              43.78505
            ],
            [
              -79.27983,
              43.78507
            ],
            [
              -79.27943,
              43.78515
            ],
            [
              -79.27929,
              43.78518
            ],
            [
              -79.27915,
              43.78521
            ],
            [
              -79.27855,
              43.78534
            ],
            [
              -79.27803,
              43.78546
            ],
            [
              -79.27763,
              43.78556
            ],
            [
              -79.27741,
              43.78561
            ],
            [
              -79.27733,
              43.78563
            ],
            [
              -79.27709,
              43.78568
            ],
            [
              -79.27667,
              43.78579
            ],
            [
              -79.27652,
              43.78582
            ],
            [
              -79.27632,
              43.78586
            ],
            [
              -79.27604,
              43.78592
            ],
            [
              -79.27566,
              43.786
            ],
            [
              -79.27465,
              43.78622
            ],
            [
              -79.27384,
              43.78641
            ],
            [
              -79.2735,
              43.78648
            ],
            [
              -79.27302,
              43.78657
            ],
            [
              -79.27235,
              43.78672
            ],
            [
              -79.27152,
              43.7869
            ],
            [
              -79.2712,
              43.78697
            ],
            [
              -79.27102,
              43.78701
            ],
            [
              -79.27048,
              43.78713
            ],
            [
              -79.26988,
              43.78725
            ],
            [
              -79.26953,
              43.78733
            ],
            [
              -79.26942,
              43.78735
            ],
            [
              -79.26929,
              43.78738
            ],
            [
              -79.26919,
              43.7874
            ],
            [
              -79.26907,
              43.78743
            ],
            [
              -79.26836,
              43.78759
            ],
            [
              -79.26774,
              43.78773
            ],
            [
              -79.26753,
              43.78778
            ],
            [
              -79.26731,
              43.78783
            ],
            [
              -79.26701,
              43.7879
            ],
            [
              -79.26667,
              43.78797
            ],
            [
              -79.2664,
              43.78803
            ],
            [
              -79.26611,
              43.78809
            ],
            [
              -79.26577,
              43.78816
            ],
            [
              -79.26562,
              43.78819
            ],
            [
              -79.2654,
              43.78824
            ],
            [
              -79.2651,
              43.78831
            ],
            [
              -79.26466,
              43.7884
            ],
            [
              -79.26447,
              43.78844
            ],
            [
              -79.26392,
              43.78855
            ],
            [
              -79.26375,
              43.78859
            ],
            [
              -79.26359,
              43.78863
            ],
            [
              -79.26335,
              43.78868
            ],
            [
              -79.26274,
              43.78881
            ],
            [
              -79.26242,
              43.78888
            ],
            [
              -79.26026,
              43.78934
            ],
            [
              -79.25993,
              43.78941
            ],
            [
              -79.25964,
              43.78947
            ],
            [
              -79.25936,
              43.78953
            ],
            [
              -79.25884,
              43.78964
            ],
            [
              -79.258491,
              43.789711
            ]
          ],
          [
            [
              -79.258491,
              43.789711
            ],
            [
              -79.25884,
              43.78964
            ],
            [
              -79.25868,
              43.78927
            ],
            [
              -79.25862,
              43.78914
            ],
            [
              -79.2585,
              43.7889
            ],
            [
              -79.25841,
              43.78875
            ],
            [
              -79.25821,
              43.78849
            ],
            [
              -79.25783,
              43.78809
            ],
            [
              -79.25768,
              43.78794
            ],
            [
              -79.25748,
              43.78771
            ],
            [
              -79.25735,
              43.78749
            ],
            [
              -79.2573,
              43.78738
            ],
            [
              -79.25724,
              43.78724
            ],
            [
              -79.25716,
              43.78703
            ],
            [
              -79.25712,
              43.78694
            ],
            [
              -79.25708,
              43.78683
            ],
            [
              -79.25691,
              43.78638
            ],
            [
              -79.25681,
              43.78611
            ],
            [
              -79.25676,
              43.78599
            ],
            [
              -79.25667,
              43.78576
            ],
            [
              -79.25653,
              43.7854
            ],
            [
              -79.25647,
              43.78514
            ],
            [
              -79.25643,
              43.78503
            ],
            [
              -79.25607,
              43.78412
            ],
            [
              -79.25593,
              43.78377
            ],
            [
              -79.2558,
              43.78344
            ],
            [
              -79.25568,
              43.78313
            ],
            [
              -79.2556,
              43.7829
            ],
            [
              -79.25527,
              43.78183
            ],
            [
              -79.25505,
              43.78123
            ],
            [
              -79.25497,
              43.78104
            ],
            [
              -79.2549,
              43.78086
            ],
            [
              -79.25482,
              43.78067
            ],
            [
              -79.25453,
              43.78006
            ],
            [
              -79.25431,
              43.77958
            ],
            [
              -79.25411,
              43.77912
            ],
            [
              -79.25407,
              43.77903
            ],
            [
              -79.25397,
              43.77879
            ],
            [
              -79.25382,
              43.77839
            ],
            [
              -79.25356,
              43.77771
            ],
            [
              -79.25311,
              43.77656
            ],
            [
              -79.25289,
              43.77599
            ],
            [
              -79.25281,
              43.77577
            ],
            [
              -79.2527,
              43.7755
            ],
            [
              -79.25256,
              43.77514
            ],
            [
              -79.25244,
              43.77483
            ],
            [
              -79.25238,
              43.77475
            ],
            [
              -79.25228,
              43.77467
            ],
            [
              -79.25211,
              43.77423
            ],
            [
              -79.25199,
              43.77389
            ],
            [
              -79.25189,
              43.77361
            ],
            [
              -79.25178,
              43.77328
            ],
            [
              -79.25169,
              43.77301
            ],
            [
              -79.25156,
              43.7726
            ],
            [
              -79.25146,
              43.77222
            ],
            [
              -79.25136,
              43.77183
            ],
            [
              -79.251332,
              43.771717
            ]
          ],
          [
            [
              -79.25132,
              43.77167
            ],
            [
              -79.25125,
              43.77143
            ],
            [
              -79.25112,
              43.771
            ],
            [
              -79.25083,
              43.77022
            ],
            [
              -79.2508,
              43.77013
            ],
            [
              -79.25037,
              43.76906
            ],
            [
              -79.25031,
              43.7689
            ],
            [
              -79.25019,
              43.76861
            ],
            [
              -79.24919,
              43.76606
            ],
            [
              -79.24893,
              43.7654
            ],
            [
              -79.2488,
              43.76508
            ],
            [
              -79.24871,
              43.76482
            ],
            [
              -79.24856,
              43.76443
            ],
            [
              -79.24823,
              43.76358
            ],
            [
              -79.24819,
              43.76347
            ],
            [
              -79.24764,
              43.7621
            ],
            [
              -79.2476,
              43.76199
            ],
            [
              -79.24736,
              43.76136
            ],
            [
              -79.24722,
              43.761
            ],
            [
              -79.24689,
              43.76016
            ],
            [
              -79.24685,
              43.76006
            ],
            [
              -79.2467,
              43.75967
            ],
            [
              -79.24643,
              43.75898
            ],
            [
              -79.2462,
              43.75838
            ],
            [
              -79.24609,
              43.7581
            ],
            [
              -79.24594,
              43.75771
            ],
            [
              -79.2459,
              43.75761
            ],
            [
              -79.2458,
              43.75735
            ],
            [
              -79.24575,
              43.75723
            ],
            [
              -79.24569,
              43.75708
            ],
            [
              -79.24563,
              43.75691
            ],
            [
              -79.24555,
              43.75666
            ],
            [
              -79.24552,
              43.75654
            ],
            [
              -79.24549,
              43.75637
            ],
            [
              -79.24547,
              43.75613
            ],
            [
              -79.24546,
              43.75599
            ],
            [
              -79.24544,
              43.75571
            ],
            [
              -79.24543,
              43.75556
            ],
            [
              -79.24594,
              43.75546
            ],
            [
              -79.24612,
              43.75542
            ],
            [
              -79.24631,
              43.75538
            ],
            [
              -79.24645,
              43.75535
            ],
            [
              -79.24675,
              43.75529
            ],
            [
              -79.24695,
              43.75525
            ],
            [
              -79.2475,
              43.75514
            ],
            [
              -79.24767,
              43.7551
            ],
            [
              -79.24801,
              43.75502
            ],
            [
              -79.24859,
              43.75491
            ],
            [
              -79.24924,
              43.75478
            ],
            [
              -79.24932,
              43.75476
            ],
            [
              -79.24969,
              43.75468
            ],
            [
              -79.24978,
              43.75466
            ],
            [
              -79.24989,
              43.75464
            ],
            [
              -79.25013,
              43.75459
            ],
            [
              -79.25035,
              43.75455
            ],
            [
              -79.25058,
              43.7545
            ],
            [
              -79.25073,
              43.75447
            ],
            [
              -79.25081,
              43.75445
            ],
            [
              -79.25094,
              43.75443
            ],
            [
              -79.2511,
              43.7544
            ],
            [
              -79.25123,
              43.75437
            ],
            [
              -79.25156,
              43.7543
            ],
            [
              -79.2518,
              43.75425
            ],
            [
              -79.25224,
              43.75416
            ],
            [
              -79.25248,
              43.75411
            ],
            [
              -79.25282,
              43.75404
            ],
            [
              -79.25289,
              43.75403
            ],
            [
              -79.25326,
              43.75395
            ],
            [
              -79.25357,
              43.75389
            ],
            [
              -79.25377,
              43.75385
            ],
            [
              -79.25459,
              43.75368
            ],
            [
              -79.2548,
              43.75363
            ],
            [
              -79.25494,
              43.7536
            ],
            [
              -79.25539,
              43.75351
            ],
            [
              -79.256,
              43.75339
            ],
            [
              -79.25719,
              43.75315
            ],
            [
              -79.25804,
              43.75298
            ],
            [
              -79.25823,
              43.75294
            ],
            [
              -79.25852,
              43.75288
            ],
            [
              -79.2587,
              43.75284
            ],
            [
              -79.25921,
              43.75274
            ],
            [
              -79.25985,
              43.75261
            ],
            [
              -79.26009,
              43.75256
            ],
            [
              -79.26057,
              43.75246
            ],
            [
              -79.26085,
              43.75241
            ],
            [
              -79.26113,
              43.75235
            ],
            [
              -79.26131,
              43.75231
            ],
            [
              -79.26143,
              43.75229
            ],
            [
              -79.26176,
              43.75222
            ],
            [
              -79.26185,
              43.7522
            ],
            [
              -79.26214,
              43.75214
            ],
            [
              -79.26247,
              43.75207
            ],
            [
              -79.26285,
              43.75199
            ],
            [
              -79.26309,
              43.75194
            ],
            [
              -79.26331,
              43.75189
            ],
            [
              -79.26377,
              43.7518
            ],
            [
              -79.26403,
              43.75175
            ],
            [
              -79.26422,
              43.75171
            ],
            [
              -79.2643,
              43.7517
            ],
            [
              -79.26461,
              43.75164
            ],
            [
              -79.26503,
              43.75155
            ],
            [
              -79.26573,
              43.75141
            ],
            [
              -79.26587,
              43.75138
            ],
            [
              -79.26654,
              43.75126
            ],
            [
              -79.26704,
              43.75117
            ],
            [
              -79.26879,
              43.75078
            ],
            [
              -79.27213,
              43.7501
            ],
            [
              -79.27292,
              43.74993
            ],
            [
              -79.27339,
              43.74984
            ],
            [
              -79.27358,
              43.74985
            ],
            [
              -79.27371,
              43.74984
            ],
            [
              -79.27416,
              43.74975
            ],
            [
              -79.27454,
              43.74967
            ],
            [
              -79.27497,
              43.74958
            ],
            [
              -79.2754,
              43.74949
            ],
            [
              -79.27578,
              43.74941
            ],
            [
              -79.27605,
              43.74934
            ],
            [
              -79.27637,
              43.7493
            ],
            [
              -79.27695,
              43.74918
            ],
            [
              -79.27713,
              43.74913
            ],
            [
              -79.2773,
              43.7491
            ],
            [
              -79.2775,
              43.74906
            ],
            [
              -79.27773,
              43.74901
            ],
            [
              -79.27791,
              43.74897
            ],
            [
              -79.27799,
              43.74895
            ],
            [
              -79.27834,
              43.74887
            ],
            [
              -79.27841,
              43.74885
            ],
            [
              -79.27915,
              43.74868
            ],
            [
              -79.27932,
              43.74864
            ],
            [
              -79.2798,
              43.74854
            ],
            [
              -79.27969,
              43.74826
            ],
            [
              -79.27976,
              43.74825
            ],
            [
              -79.28029,
              43.74815
            ],
            [
              -79.28132,
              43.74796
            ],
            [
              -79.28129,
              43.74777
            ]
          ],
          [
            [
              -79.28129,
              43.74777
            ],
            [
              -79.28192,
              43.74767
            ],
            [
              -79.28198,
              43.74783
            ],
            [
              -79.28207,
              43.74807
            ],
            [
              -79.28219,
              43.74805
            ],
            [
              -79.28234,
              43.74802
            ],
            [
              -79.28272,
              43.74794
            ],
            [
              -79.28366,
              43.74775
            ],
            [
              -79.28404,
              43.74767
            ],
            [
              -79.28481,
              43.74751
            ],
            [
              -79.28575,
              43.74732
            ],
            [
              -79.28638,
              43.74719
            ],
            [
              -79.28652,
              43.74716
            ],
            [
              -79.28751,
              43.74695
            ],
            [
              -79.28792,
              43.74686
            ],
            [
              -79.28845,
              43.74674
            ],
            [
              -79.28878,
              43.74666
            ],
            [
              -79.28912,
              43.74659
            ],
            [
              -79.28982,
              43.74643
            ],
            [
              -79.29012,
              43.74636
            ],
            [
              -79.29037,
              43.74631
            ],
            [
              -79.29055,
              43.74627
            ],
            [
              -79.29094,
              43.74619
            ],
            [
              -79.29126,
              43.74613
            ],
            [
              -79.29189,
              43.746
            ],
            [
              -79.2922,
              43.74594
            ],
            [
              -79.29227,
              43.74593
            ],
            [
              -79.29298,
              43.74579
            ],
            [
              -79.29322,
              43.74573
            ],
            [
              -79.29357,
              43.74565
            ],
            [
              -79.29416,
              43.74553
            ],
            [
              -79.29476,
              43.74539
            ],
            [
              -79.29532,
              43.74527
            ],
            [
              -79.29566,
              43.7452
            ],
            [
              -79.29592,
              43.74514
            ],
            [
              -79.29608,
              43.7451
            ],
            [
              -79.29667,
              43.74498
            ],
            [
              -79.29688,
              43.74494
            ],
            [
              -79.29726,
              43.74486
            ],
            [
              -79.29771,
              43.74476
            ],
            [
              -79.29812,
              43.74467
            ],
            [
              -79.29836,
              43.74462
            ],
            [
              -79.29895,
              43.74449
            ],
            [
              -79.29931,
              43.74441
            ],
            [
              -79.29984,
              43.7443
            ],
            [
              -79.30007,
              43.74425
            ],
            [
              -79.30032,
              43.74419
            ],
            [
              -79.30054,
              43.74414
            ],
            [
              -79.30078,
              43.74409
            ],
            [
              -79.30104,
              43.74403
            ],
            [
              -79.30138,
              43.74396
            ],
            [
              -79.30218,
              43.74377
            ],
            [
              -79.30286,
              43.74362
            ],
            [
              -79.30331,
              43.74352
            ],
            [
              -79.30348,
              43.74349
            ],
            [
              -79.30366,
              43.74345
            ],
            [
              -79.30385,
              43.74341
            ],
            [
              -79.30418,
              43.74334
            ],
            [
              -79.30463,
              43.74325
            ],
            [
              -79.30483,
              43.74373
            ],
            [
              -79.30487,
              43.74383
            ],
            [
              -79.30494,
              43.74401
            ],
            [
              -79.30498,
              43.74411
            ],
            [
              -79.30501,
              43.74417
            ],
            [
              -79.30554,
              43.74547
            ],
            [
              -79.30582,
              43.74619
            ],
            [
              -79.30601,
              43.74669
            ],
            [
              -79.30622,
              43.74723
            ],
            [
              -79.30663,
              43.7482
            ],
            [
              -79.3069,
              43.74885
            ],
            [
              -79.30703,
              43.74916
            ],
            [
              -79.30735,
              43.74994
            ],
            [
              -79.30752,
              43.75036
            ],
            [
              -79.30765,
              43.75067
            ],
            [
              -79.30777,
              43.75098
            ],
            [
              -79.3079,
              43.75131
            ],
            [
              -79.30831,
              43.75235
            ],
            [
              -79.30844,
              43.75269
            ],
            [
              -79.30862,
              43.75314
            ],
            [
              -79.308802,
              43.753595
            ]
          ],
          [
            [
              -79.308802,
              43.753595
            ],
            [
              -79.30908,
              43.75429
            ],
            [
              -79.30936,
              43.755
            ],
            [
              -79.31004,
              43.75667
            ],
            [
              -79.31017,
              43.757
            ],
            [
              -79.31018,
              43.75727
            ],
            [
              -79.30997,
              43.75815
            ],
            [
              -79.30997,
              43.75832
            ],
            [
              -79.31004,
              43.7586
            ],
            [
              -79.31017,
              43.75907
            ],
            [
              -79.31061,
              43.75896
            ],
            [
              -79.31099,
              43.75887
            ],
            [
              -79.3113,
              43.75879
            ],
            [
              -79.31158,
              43.75872
            ],
            [
              -79.31187,
              43.75865
            ]
          ],
          [
            [
              -79.31187,
              43.75865
            ],
            [
              -79.31213,
              43.75859
            ],
            [
              -79.31256,
              43.7585
            ],
            [
              -79.31292,
              43.75842
            ],
            [
              -79.31348,
              43.75827
            ],
            [
              -79.31367,
              43.75822
            ],
            [
              -79.31388,
              43.75817
            ],
            [
              -79.31411,
              43.75812
            ],
            [
              -79.31436,
              43.75806
            ],
            [
              -79.31456,
              43.75801
            ],
            [
              -79.31472,
              43.75798
            ],
            [
              -79.31499,
              43.75792
            ],
            [
              -79.31525,
              43.75787
            ],
            [
              -79.31567,
              43.75782
            ],
            [
              -79.31625,
              43.75776
            ],
            [
              -79.31692,
              43.75767
            ],
            [
              -79.3176,
              43.75762
            ],
            [
              -79.3179,
              43.75764
            ],
            [
              -79.31816,
              43.75768
            ],
            [
              -79.3184,
              43.75773
            ],
            [
              -79.31864,
              43.7578
            ],
            [
              -79.31886,
              43.75788
            ],
            [
              -79.31904,
              43.75796
            ],
            [
              -79.31918,
              43.75804
            ],
            [
              -79.31941,
              43.75819
            ],
            [
              -79.31959,
              43.75833
            ],
            [
              -79.31964,
              43.75837
            ],
            [
              -79.31982,
              43.75852
            ],
            [
              -79.32008,
              43.75871
            ],
            [
              -79.3202,
              43.7588
            ],
            [
              -79.32056,
              43.75908
            ],
            [
              -79.32074,
              43.75922
            ],
            [
              -79.32091,
              43.75935
            ],
            [
              -79.32106,
              43.75946
            ],
            [
              -79.32147,
              43.75977
            ],
            [
              -79.32164,
              43.75988
            ],
            [
              -79.322,
              43.7601
            ],
            [
              -79.32212,
              43.76017
            ],
            [
              -79.32246,
              43.76035
            ],
            [
              -79.32269,
              43.76047
            ],
            [
              -79.32299,
              43.76064
            ],
            [
              -79.32319,
              43.76075
            ],
            [
              -79.3235,
              43.7609
            ],
            [
              -79.3238,
              43.76068
            ],
            [
              -79.3241,
              43.76045
            ],
            [
              -79.32436,
              43.76024
            ],
            [
              -79.32445,
              43.76018
            ],
            [
              -79.32463,
              43.76008
            ],
            [
              -79.32489,
              43.75988
            ],
            [
              -79.32513,
              43.75971
            ],
            [
              -79.32525,
              43.7598
            ],
            [
              -79.32536,
              43.75985
            ]
          ]
        ]
      }
    },
    {
      "type": "Feature",
      "properties": {
        "felt_featu": 1,
        "felt_color": "#723FA6",
        "felt_hasLo": "F",
        "felt_id": "l1jUEgnhT9Ay9CrkQWdCc0KD",
        "felt_locke": "F",
        "felt_order": 1772807608521997,
        "felt_radiu": 90,
        "felt_route": "DRIVING",
        "felt_showE": "F",
        "felt_showL": "F",
        "felt_strok": 1,
        "felt_str_1": "solid",
        "felt_str_2": 4,
        "felt_type": "Path",
        "felt_width": 1,
        "source_file": "Route-Five"
      },
      "geometry": {
        "type": "MultiLineString",
        "coordinates": [
          [
            [
              -79.420098,
              43.654967
            ],
            [
              -79.41994,
              43.655
            ],
            [
              -79.41953,
              43.65509
            ],
            [
              -79.41906,
              43.65518
            ],
            [
              -79.4189,
              43.65519
            ],
            [
              -79.41866,
              43.65521
            ],
            [
              -79.41831,
              43.65523
            ],
            [
              -79.41787,
              43.65524
            ],
            [
              -79.41764,
              43.65523
            ],
            [
              -79.41735,
              43.6552
            ],
            [
              -79.41704,
              43.65515
            ],
            [
              -79.41672,
              43.65511
            ],
            [
              -79.41601,
              43.65501
            ],
            [
              -79.41559,
              43.65495
            ],
            [
              -79.41538,
              43.65494
            ],
            [
              -79.41516,
              43.65495
            ],
            [
              -79.41473,
              43.65504
            ],
            [
              -79.41389,
              43.65521
            ],
            [
              -79.41341,
              43.6553
            ],
            [
              -79.41298,
              43.65539
            ],
            [
              -79.4126,
              43.65547
            ],
            [
              -79.41139,
              43.6557
            ],
            [
              -79.41078,
              43.65582
            ],
            [
              -79.41012,
              43.65596
            ],
            [
              -79.40943,
              43.65613
            ],
            [
              -79.40899,
              43.65624
            ],
            [
              -79.40836,
              43.65638
            ],
            [
              -79.40774,
              43.6565
            ],
            [
              -79.40714,
              43.6566
            ],
            [
              -79.40649,
              43.65672
            ],
            [
              -79.40639,
              43.65674
            ],
            [
              -79.40605,
              43.65679
            ],
            [
              -79.4058,
              43.65684
            ],
            [
              -79.40517,
              43.65696
            ],
            [
              -79.40455,
              43.65708
            ],
            [
              -79.40446,
              43.6571
            ],
            [
              -79.40405,
              43.65718
            ],
            [
              -79.40377,
              43.65727
            ],
            [
              -79.40322,
              43.65739
            ],
            [
              -79.40299,
              43.65744
            ],
            [
              -79.40281,
              43.65747
            ],
            [
              -79.40235,
              43.65757
            ],
            [
              -79.40185,
              43.65768
            ],
            [
              -79.40143,
              43.65778
            ],
            [
              -79.4012,
              43.65783
            ],
            [
              -79.40108,
              43.65787
            ],
            [
              -79.4009,
              43.65791
            ],
            [
              -79.40046,
              43.65798
            ],
            [
              -79.40015,
              43.65793
            ],
            [
              -79.39993,
              43.65795
            ],
            [
              -79.39984,
              43.65794
            ],
            [
              -79.39961,
              43.65797
            ],
            [
              -79.39888,
              43.65813
            ],
            [
              -79.398298,
              43.658246
            ]
          ],
          [
            [
              -79.39818,
              43.65827
            ],
            [
              -79.39759,
              43.65838
            ],
            [
              -79.39718,
              43.65846
            ],
            [
              -79.39703,
              43.65849
            ],
            [
              -79.39649,
              43.65859
            ],
            [
              -79.396,
              43.65869
            ],
            [
              -79.39529,
              43.65883
            ],
            [
              -79.39496,
              43.65889
            ],
            [
              -79.39467,
              43.65895
            ],
            [
              -79.3941,
              43.65907
            ],
            [
              -79.39348,
              43.6592
            ],
            [
              -79.3923,
              43.65945
            ],
            [
              -79.39134,
              43.65965
            ],
            [
              -79.39058,
              43.65982
            ],
            [
              -79.39036,
              43.65987
            ],
            [
              -79.38788,
              43.66043
            ],
            [
              -79.38744,
              43.66051
            ],
            [
              -79.38668,
              43.66066
            ],
            [
              -79.38654,
              43.66069
            ],
            [
              -79.38583,
              43.66081
            ],
            [
              -79.3853,
              43.66091
            ],
            [
              -79.38424,
              43.66114
            ],
            [
              -79.38396,
              43.6612
            ],
            [
              -79.38372,
              43.66125
            ],
            [
              -79.38348,
              43.6613
            ],
            [
              -79.38311,
              43.66137
            ],
            [
              -79.38283,
              43.6614
            ],
            [
              -79.38243,
              43.6614
            ],
            [
              -79.38273,
              43.66215
            ],
            [
              -79.38336,
              43.66201
            ],
            [
              -79.38341,
              43.66213
            ],
            [
              -79.38358,
              43.66252
            ],
            [
              -79.38374,
              43.66287
            ],
            [
              -79.38379,
              43.66299
            ],
            [
              -79.38413,
              43.66389
            ],
            [
              -79.38426,
              43.66421
            ],
            [
              -79.38437,
              43.66446
            ],
            [
              -79.38456,
              43.66492
            ],
            [
              -79.38486,
              43.66564
            ],
            [
              -79.38493,
              43.66582
            ],
            [
              -79.38502,
              43.66605
            ],
            [
              -79.38522,
              43.66653
            ],
            [
              -79.38529,
              43.6667
            ],
            [
              -79.38566,
              43.66756
            ],
            [
              -79.38584,
              43.66799
            ],
            [
              -79.38596,
              43.66829
            ],
            [
              -79.38611,
              43.66864
            ],
            [
              -79.38615,
              43.66873
            ],
            [
              -79.38638,
              43.66927
            ],
            [
              -79.38643,
              43.66938
            ],
            [
              -79.38656,
              43.66966
            ],
            [
              -79.3868,
              43.67022
            ],
            [
              -79.38704,
              43.67083
            ],
            [
              -79.38714,
              43.67111
            ],
            [
              -79.3872,
              43.67127
            ],
            [
              -79.38736,
              43.67168
            ],
            [
              -79.38746,
              43.67192
            ],
            [
              -79.387538,
              43.67209
            ]
          ],
          [
            [
              -79.38756,
              43.67214
            ],
            [
              -79.38779,
              43.6727
            ],
            [
              -79.38786,
              43.67288
            ],
            [
              -79.38801,
              43.67323
            ],
            [
              -79.3887,
              43.67491
            ],
            [
              -79.38886,
              43.67533
            ],
            [
              -79.38896,
              43.67558
            ],
            [
              -79.38906,
              43.67586
            ],
            [
              -79.38915,
              43.67607
            ],
            [
              -79.38923,
              43.67625
            ],
            [
              -79.38933,
              43.67649
            ],
            [
              -79.38951,
              43.67694
            ],
            [
              -79.38955,
              43.67704
            ],
            [
              -79.38969,
              43.67737
            ],
            [
              -79.38988,
              43.67783
            ],
            [
              -79.38995,
              43.678
            ],
            [
              -79.39004,
              43.67821
            ],
            [
              -79.39041,
              43.67913
            ],
            [
              -79.39053,
              43.6794
            ],
            [
              -79.39074,
              43.6799
            ],
            [
              -79.39087,
              43.68025
            ],
            [
              -79.39098,
              43.68052
            ],
            [
              -79.39107,
              43.68076
            ],
            [
              -79.3912,
              43.6811
            ],
            [
              -79.39127,
              43.68128
            ],
            [
              -79.39135,
              43.68147
            ],
            [
              -79.39144,
              43.68167
            ],
            [
              -79.39156,
              43.68197
            ],
            [
              -79.39165,
              43.68216
            ],
            [
              -79.39194,
              43.68286
            ],
            [
              -79.39204,
              43.6831
            ],
            [
              -79.39216,
              43.68339
            ],
            [
              -79.39238,
              43.68394
            ],
            [
              -79.39252,
              43.68429
            ],
            [
              -79.39281,
              43.68501
            ],
            [
              -79.39316,
              43.68585
            ],
            [
              -79.39332,
              43.68625
            ],
            [
              -79.39357,
              43.68686
            ],
            [
              -79.39369,
              43.68714
            ],
            [
              -79.39408,
              43.68808
            ],
            [
              -79.393879,
              43.688122
            ]
          ],
          [
            [
              -79.393879,
              43.688122
            ],
            [
              -79.39408,
              43.68808
            ],
            [
              -79.39424,
              43.68845
            ],
            [
              -79.39455,
              43.68917
            ],
            [
              -79.39476,
              43.68973
            ],
            [
              -79.39486,
              43.68999
            ],
            [
              -79.39492,
              43.69017
            ],
            [
              -79.39501,
              43.69061
            ],
            [
              -79.39503,
              43.69073
            ],
            [
              -79.39513,
              43.69124
            ],
            [
              -79.39524,
              43.69177
            ],
            [
              -79.39529,
              43.69201
            ],
            [
              -79.3954,
              43.69256
            ],
            [
              -79.39588,
              43.69482
            ],
            [
              -79.396,
              43.69542
            ],
            [
              -79.39603,
              43.69555
            ],
            [
              -79.39607,
              43.69571
            ],
            [
              -79.39615,
              43.69614
            ],
            [
              -79.39621,
              43.69646
            ],
            [
              -79.39635,
              43.69715
            ],
            [
              -79.39638,
              43.69728
            ],
            [
              -79.3964,
              43.69737
            ],
            [
              -79.39648,
              43.69772
            ],
            [
              -79.39654,
              43.698
            ],
            [
              -79.39661,
              43.69828
            ],
            [
              -79.39673,
              43.69888
            ],
            [
              -79.3968,
              43.69935
            ],
            [
              -79.39689,
              43.69979
            ],
            [
              -79.397,
              43.70029
            ],
            [
              -79.39709,
              43.70082
            ],
            [
              -79.39715,
              43.70114
            ],
            [
              -79.39724,
              43.7015
            ],
            [
              -79.39732,
              43.70182
            ],
            [
              -79.39737,
              43.70203
            ],
            [
              -79.39745,
              43.70245
            ],
            [
              -79.39747,
              43.70257
            ],
            [
              -79.39756,
              43.70297
            ],
            [
              -79.39763,
              43.70327
            ],
            [
              -79.39765,
              43.70337
            ],
            [
              -79.39776,
              43.70392
            ],
            [
              -79.3978,
              43.70411
            ],
            [
              -79.39785,
              43.70434
            ],
            [
              -79.39792,
              43.70465
            ],
            [
              -79.39798,
              43.70496
            ],
            [
              -79.39804,
              43.70527
            ],
            [
              -79.39808,
              43.70549
            ],
            [
              -79.39812,
              43.70572
            ],
            [
              -79.39816,
              43.70595
            ],
            [
              -79.3982,
              43.70628
            ],
            [
              -79.39831,
              43.70675
            ],
            [
              -79.3984,
              43.70714
            ],
            [
              -79.39847,
              43.70746
            ],
            [
              -79.39854,
              43.70778
            ],
            [
              -79.39858,
              43.70796
            ],
            [
              -79.39864,
              43.70823
            ]
          ],
          [
            [
              -79.39864,
              43.70823
            ],
            [
              -79.39929,
              43.70809
            ],
            [
              -79.40082,
              43.70775
            ],
            [
              -79.4007,
              43.70745
            ],
            [
              -79.40063,
              43.70728
            ],
            [
              -79.40045,
              43.70682
            ],
            [
              -79.40026,
              43.70634
            ],
            [
              -79.40085,
              43.70622
            ],
            [
              -79.40112,
              43.70616
            ],
            [
              -79.40118,
              43.70615
            ],
            [
              -79.40142,
              43.70611
            ],
            [
              -79.40172,
              43.70604
            ],
            [
              -79.40273,
              43.70583
            ],
            [
              -79.40372,
              43.70562
            ],
            [
              -79.40431,
              43.7055
            ],
            [
              -79.40493,
              43.70537
            ],
            [
              -79.40593,
              43.70516
            ],
            [
              -79.40616,
              43.70511
            ],
            [
              -79.40655,
              43.70503
            ],
            [
              -79.40741,
              43.70485
            ],
            [
              -79.40814,
              43.70469
            ],
            [
              -79.40848,
              43.70462
            ],
            [
              -79.40962,
              43.70438
            ],
            [
              -79.41096,
              43.7041
            ],
            [
              -79.41167,
              43.70395
            ],
            [
              -79.41209,
              43.70386
            ],
            [
              -79.4132,
              43.70361
            ],
            [
              -79.41384,
              43.70348
            ],
            [
              -79.41441,
              43.70336
            ],
            [
              -79.41493,
              43.70328
            ],
            [
              -79.41555,
              43.70315
            ],
            [
              -79.41578,
              43.70311
            ],
            [
              -79.41599,
              43.70306
            ],
            [
              -79.4161,
              43.70303
            ],
            [
              -79.41708,
              43.70281
            ],
            [
              -79.41742,
              43.70274
            ],
            [
              -79.41801,
              43.7026
            ],
            [
              -79.4183,
              43.70253
            ],
            [
              -79.41852,
              43.70248
            ],
            [
              -79.41909,
              43.70236
            ],
            [
              -79.41974,
              43.70223
            ],
            [
              -79.41992,
              43.70219
            ],
            [
              -79.420194,
              43.702138
            ]
          ],
          [
            [
              -79.420194,
              43.702138
            ],
            [
              -79.42034,
              43.70211
            ],
            [
              -79.42058,
              43.70206
            ],
            [
              -79.4209,
              43.70199
            ],
            [
              -79.42134,
              43.70189
            ],
            [
              -79.42209,
              43.70172
            ],
            [
              -79.42258,
              43.70162
            ],
            [
              -79.42315,
              43.7015
            ],
            [
              -79.42423,
              43.70127
            ],
            [
              -79.42507,
              43.70109
            ],
            [
              -79.42555,
              43.70099
            ],
            [
              -79.4256,
              43.7012
            ],
            [
              -79.42562,
              43.70135
            ],
            [
              -79.42563,
              43.70156
            ],
            [
              -79.42565,
              43.70177
            ],
            [
              -79.4257,
              43.70248
            ],
            [
              -79.42575,
              43.70278
            ],
            [
              -79.42578,
              43.70291
            ],
            [
              -79.4259,
              43.70338
            ],
            [
              -79.42605,
              43.70398
            ],
            [
              -79.42612,
              43.70425
            ],
            [
              -79.42624,
              43.70471
            ],
            [
              -79.42627,
              43.70485
            ],
            [
              -79.42632,
              43.70504
            ],
            [
              -79.42637,
              43.70521
            ],
            [
              -79.42642,
              43.70542
            ],
            [
              -79.426477,
              43.705657
            ]
          ],
          [
            [
              -79.426477,
              43.705657
            ],
            [
              -79.42649,
              43.70571
            ],
            [
              -79.42655,
              43.70596
            ],
            [
              -79.42662,
              43.70625
            ],
            [
              -79.42673,
              43.70667
            ],
            [
              -79.42684,
              43.7071
            ],
            [
              -79.42695,
              43.70751
            ],
            [
              -79.42706,
              43.70794
            ],
            [
              -79.42715,
              43.70833
            ],
            [
              -79.42721,
              43.70858
            ],
            [
              -79.42725,
              43.70875
            ],
            [
              -79.42727,
              43.70883
            ],
            [
              -79.42733,
              43.7091
            ],
            [
              -79.42737,
              43.70928
            ],
            [
              -79.42745,
              43.70959
            ],
            [
              -79.42748,
              43.70971
            ],
            [
              -79.42752,
              43.70987
            ],
            [
              -79.42757,
              43.71007
            ],
            [
              -79.42766,
              43.71044
            ],
            [
              -79.42771,
              43.71064
            ],
            [
              -79.42779,
              43.71099
            ],
            [
              -79.42783,
              43.71117
            ],
            [
              -79.42788,
              43.71141
            ],
            [
              -79.42791,
              43.71154
            ],
            [
              -79.42797,
              43.71178
            ],
            [
              -79.42812,
              43.71233
            ],
            [
              -79.42827,
              43.71294
            ],
            [
              -79.42835,
              43.71325
            ],
            [
              -79.42841,
              43.71352
            ],
            [
              -79.42847,
              43.71375
            ],
            [
              -79.4285,
              43.71388
            ],
            [
              -79.42854,
              43.71407
            ],
            [
              -79.42858,
              43.71424
            ],
            [
              -79.42866,
              43.71457
            ],
            [
              -79.42872,
              43.71485
            ],
            [
              -79.42877,
              43.71507
            ],
            [
              -79.42879,
              43.71515
            ],
            [
              -79.42887,
              43.7155
            ],
            [
              -79.42893,
              43.71575
            ],
            [
              -79.42898,
              43.71596
            ],
            [
              -79.42909,
              43.71642
            ],
            [
              -79.42913,
              43.7166
            ],
            [
              -79.42918,
              43.7168
            ],
            [
              -79.42929,
              43.71722
            ],
            [
              -79.42934,
              43.71743
            ],
            [
              -79.42938,
              43.71762
            ],
            [
              -79.42948,
              43.71809
            ],
            [
              -79.42952,
              43.71826
            ],
            [
              -79.42956,
              43.71843
            ],
            [
              -79.42965,
              43.71884
            ],
            [
              -79.4297,
              43.71904
            ],
            [
              -79.42972,
              43.71911
            ],
            [
              -79.42976,
              43.71929
            ],
            [
              -79.42983,
              43.71961
            ],
            [
              -79.42986,
              43.71972
            ],
            [
              -79.42994,
              43.72008
            ],
            [
              -79.42997,
              43.72022
            ],
            [
              -79.43001,
              43.72039
            ],
            [
              -79.43012,
              43.72086
            ],
            [
              -79.43037,
              43.72085
            ],
            [
              -79.43058,
              43.72085
            ],
            [
              -79.43086,
              43.72079
            ],
            [
              -79.431039,
              43.720753
            ]
          ],
          [
            [
              -79.431039,
              43.720753
            ],
            [
              -79.43086,
              43.72079
            ],
            [
              -79.43058,
              43.72085
            ],
            [
              -79.43037,
              43.72085
            ],
            [
              -79.43012,
              43.72086
            ],
            [
              -79.43001,
              43.72039
            ],
            [
              -79.42997,
              43.72022
            ],
            [
              -79.42994,
              43.72008
            ],
            [
              -79.42986,
              43.71972
            ],
            [
              -79.42983,
              43.71961
            ],
            [
              -79.42976,
              43.71929
            ],
            [
              -79.42944,
              43.71936
            ],
            [
              -79.42919,
              43.71941
            ],
            [
              -79.428,
              43.71966
            ],
            [
              -79.42738,
              43.71979
            ],
            [
              -79.42698,
              43.71987
            ],
            [
              -79.42674,
              43.71992
            ],
            [
              -79.42636,
              43.72
            ],
            [
              -79.42508,
              43.72027
            ],
            [
              -79.4244,
              43.72041
            ],
            [
              -79.424,
              43.72049
            ],
            [
              -79.42284,
              43.72074
            ],
            [
              -79.42245,
              43.72082
            ],
            [
              -79.42183,
              43.72095
            ],
            [
              -79.42142,
              43.72104
            ],
            [
              -79.41998,
              43.72135
            ],
            [
              -79.4185,
              43.72166
            ],
            [
              -79.4183,
              43.7217
            ],
            [
              -79.41677,
              43.72201
            ],
            [
              -79.41637,
              43.72209
            ],
            [
              -79.41608,
              43.72215
            ],
            [
              -79.41561,
              43.72225
            ],
            [
              -79.41495,
              43.7224
            ],
            [
              -79.41442,
              43.72252
            ],
            [
              -79.41428,
              43.72255
            ],
            [
              -79.41396,
              43.72262
            ],
            [
              -79.41371,
              43.72267
            ],
            [
              -79.41342,
              43.72274
            ],
            [
              -79.41296,
              43.72284
            ],
            [
              -79.41263,
              43.72291
            ],
            [
              -79.41207,
              43.72303
            ],
            [
              -79.4117,
              43.72311
            ],
            [
              -79.41131,
              43.72319
            ],
            [
              -79.40982,
              43.7235
            ],
            [
              -79.40878,
              43.72372
            ],
            [
              -79.40778,
              43.72392
            ],
            [
              -79.40561,
              43.7244
            ],
            [
              -79.40451,
              43.72464
            ],
            [
              -79.40356,
              43.72483
            ],
            [
              -79.40327,
              43.72489
            ],
            [
              -79.40275,
              43.725
            ],
            [
              -79.40221,
              43.72511
            ],
            [
              -79.402108,
              43.724606
            ]
          ],
          [
            [
              -79.402108,
              43.724606
            ],
            [
              -79.40221,
              43.72511
            ],
            [
              -79.40172,
              43.72521
            ],
            [
              -79.40157,
              43.72524
            ],
            [
              -79.40121,
              43.72532
            ],
            [
              -79.40073,
              43.72542
            ],
            [
              -79.40002,
              43.72557
            ],
            [
              -79.39929,
              43.72572
            ],
            [
              -79.39892,
              43.7258
            ],
            [
              -79.3981,
              43.72598
            ],
            [
              -79.39757,
              43.72609
            ],
            [
              -79.39726,
              43.72615
            ],
            [
              -79.39712,
              43.72584
            ],
            [
              -79.39691,
              43.7253
            ],
            [
              -79.39685,
              43.72514
            ],
            [
              -79.39637,
              43.72395
            ],
            [
              -79.39599,
              43.72297
            ],
            [
              -79.39572,
              43.72231
            ],
            [
              -79.39534,
              43.72136
            ],
            [
              -79.39524,
              43.72112
            ],
            [
              -79.39494,
              43.72035
            ],
            [
              -79.3948,
              43.72003
            ],
            [
              -79.39451,
              43.71929
            ],
            [
              -79.3944,
              43.71896
            ],
            [
              -79.39432,
              43.71865
            ],
            [
              -79.39427,
              43.71844
            ],
            [
              -79.39424,
              43.71825
            ],
            [
              -79.39415,
              43.7179
            ],
            [
              -79.39401,
              43.71756
            ],
            [
              -79.39392,
              43.71738
            ],
            [
              -79.39381,
              43.71722
            ],
            [
              -79.39357,
              43.71692
            ],
            [
              -79.39325,
              43.71654
            ],
            [
              -79.39318,
              43.7164
            ],
            [
              -79.39311,
              43.71622
            ],
            [
              -79.39303,
              43.71601
            ],
            [
              -79.39293,
              43.71572
            ],
            [
              -79.39264,
              43.71494
            ],
            [
              -79.39224,
              43.71381
            ],
            [
              -79.39211,
              43.71348
            ],
            [
              -79.39175,
              43.71259
            ],
            [
              -79.39142,
              43.71175
            ],
            [
              -79.39118,
              43.71113
            ],
            [
              -79.3909,
              43.71037
            ],
            [
              -79.39061,
              43.70959
            ],
            [
              -79.39038,
              43.70902
            ],
            [
              -79.39027,
              43.70874
            ],
            [
              -79.39014,
              43.70842
            ],
            [
              -79.39003,
              43.70811
            ],
            [
              -79.38957,
              43.70689
            ],
            [
              -79.38951,
              43.70674
            ],
            [
              -79.38941,
              43.70647
            ],
            [
              -79.38932,
              43.70626
            ],
            [
              -79.38925,
              43.70608
            ],
            [
              -79.38916,
              43.70584
            ],
            [
              -79.38898,
              43.70538
            ],
            [
              -79.3889,
              43.70517
            ],
            [
              -79.38865,
              43.70459
            ],
            [
              -79.38852,
              43.70428
            ],
            [
              -79.38839,
              43.70396
            ],
            [
              -79.388325,
              43.70379
            ]
          ],
          [
            [
              -79.388325,
              43.70379
            ],
            [
              -79.38814,
              43.70331
            ],
            [
              -79.38793,
              43.70278
            ],
            [
              -79.38781,
              43.70247
            ],
            [
              -79.3877,
              43.7022
            ],
            [
              -79.38765,
              43.70206
            ],
            [
              -79.38756,
              43.70184
            ],
            [
              -79.38748,
              43.70165
            ],
            [
              -79.38734,
              43.7013
            ],
            [
              -79.38707,
              43.70063
            ],
            [
              -79.38693,
              43.7003
            ]
          ],
          [
            [
              -79.38693,
              43.7003
            ],
            [
              -79.38669,
              43.70034
            ],
            [
              -79.38623,
              43.70044
            ],
            [
              -79.38583,
              43.70053
            ],
            [
              -79.38533,
              43.70064
            ],
            [
              -79.38472,
              43.70077
            ],
            [
              -79.38326,
              43.70109
            ],
            [
              -79.38267,
              43.70121
            ],
            [
              -79.38225,
              43.70128
            ],
            [
              -79.38173,
              43.70141
            ],
            [
              -79.38063,
              43.70163
            ],
            [
              -79.37966,
              43.70185
            ],
            [
              -79.37898,
              43.70197
            ],
            [
              -79.37875,
              43.70203
            ],
            [
              -79.37853,
              43.70208
            ],
            [
              -79.37803,
              43.70218
            ],
            [
              -79.37642,
              43.7025
            ],
            [
              -79.37528,
              43.70274
            ],
            [
              -79.37466,
              43.70287
            ],
            [
              -79.37412,
              43.70301
            ],
            [
              -79.37419,
              43.70318
            ],
            [
              -79.37427,
              43.7034
            ],
            [
              -79.37429,
              43.70344
            ],
            [
              -79.37432,
              43.70352
            ],
            [
              -79.37444,
              43.70384
            ],
            [
              -79.37449,
              43.70397
            ],
            [
              -79.3746,
              43.70427
            ],
            [
              -79.374,
              43.7044
            ],
            [
              -79.3734,
              43.70453
            ],
            [
              -79.37246,
              43.70474
            ],
            [
              -79.37114,
              43.70491
            ],
            [
              -79.3702,
              43.70496
            ],
            [
              -79.36979,
              43.70496
            ],
            [
              -79.36896,
              43.70493
            ],
            [
              -79.36812,
              43.70481
            ],
            [
              -79.36818,
              43.70541
            ],
            [
              -79.36818,
              43.705609
            ]
          ],
          [
            [
              -79.36818,
              43.705609
            ],
            [
              -79.36818,
              43.70571
            ],
            [
              -79.36809,
              43.70612
            ],
            [
              -79.367998,
              43.706371
            ]
          ]
        ]
      }
    },
    {
      "type": "Feature",
      "properties": {
        "felt_featu": 1,
        "name": "Route Four",
        "felt_color": "#E8B500",
        "felt_hasLo": "F",
        "felt_id": "AOxVU9AbqSDKEtl544trc0C",
        "felt_locke": "F",
        "felt_order": 1772807419237207,
        "felt_radiu": 90,
        "felt_route": "DRIVING",
        "felt_showE": "F",
        "felt_showL": "F",
        "felt_strok": 1,
        "felt_str_1": "solid",
        "felt_str_2": 4,
        "felt_type": "Path",
        "felt_width": 1,
        "source_file": "Route-Four"
      },
      "geometry": {
        "type": "MultiLineString",
        "coordinates": [
          [
            [
              -79.491097,
              43.763543
            ],
            [
              -79.49099,
              43.76337
            ],
            [
              -79.49096,
              43.76321
            ],
            [
              -79.49092,
              43.76304
            ],
            [
              -79.49087,
              43.76286
            ],
            [
              -79.49084,
              43.76276
            ],
            [
              -79.49083,
              43.7627
            ],
            [
              -79.49081,
              43.76264
            ],
            [
              -79.49078,
              43.7625
            ],
            [
              -79.49067,
              43.76212
            ],
            [
              -79.49063,
              43.76198
            ],
            [
              -79.4906,
              43.76185
            ],
            [
              -79.49055,
              43.76166
            ],
            [
              -79.49052,
              43.76155
            ],
            [
              -79.49042,
              43.7612
            ],
            [
              -79.49039,
              43.7611
            ],
            [
              -79.49029,
              43.76071
            ],
            [
              -79.49025,
              43.76057
            ],
            [
              -79.49021,
              43.76041
            ],
            [
              -79.49017,
              43.76028
            ],
            [
              -79.49003,
              43.75981
            ],
            [
              -79.48991,
              43.75932
            ],
            [
              -79.48982,
              43.75899
            ],
            [
              -79.48979,
              43.75886
            ],
            [
              -79.48974,
              43.75864
            ],
            [
              -79.4897,
              43.75849
            ],
            [
              -79.48965,
              43.75828
            ],
            [
              -79.48959,
              43.75805
            ],
            [
              -79.48954,
              43.75786
            ],
            [
              -79.48944,
              43.75743
            ],
            [
              -79.48939,
              43.75723
            ],
            [
              -79.48935,
              43.75709
            ],
            [
              -79.48933,
              43.75701
            ],
            [
              -79.48928,
              43.75679
            ],
            [
              -79.48925,
              43.75668
            ],
            [
              -79.48917,
              43.75636
            ],
            [
              -79.48912,
              43.75616
            ],
            [
              -79.48905,
              43.75587
            ],
            [
              -79.48896,
              43.75545
            ],
            [
              -79.48895,
              43.75539
            ],
            [
              -79.48888,
              43.75511
            ],
            [
              -79.48886,
              43.75503
            ],
            [
              -79.48884,
              43.75496
            ],
            [
              -79.48876,
              43.75459
            ],
            [
              -79.48873,
              43.75447
            ],
            [
              -79.48863,
              43.75405
            ],
            [
              -79.4886,
              43.75392
            ],
            [
              -79.48852,
              43.75359
            ],
            [
              -79.4885,
              43.7535
            ],
            [
              -79.48846,
              43.75335
            ],
            [
              -79.48841,
              43.75316
            ],
            [
              -79.48837,
              43.75302
            ],
            [
              -79.48831,
              43.75278
            ],
            [
              -79.48827,
              43.75263
            ],
            [
              -79.48812,
              43.75202
            ],
            [
              -79.48802,
              43.75161
            ],
            [
              -79.48797,
              43.75139
            ],
            [
              -79.48789,
              43.75106
            ],
            [
              -79.48779,
              43.75061
            ],
            [
              -79.48776,
              43.75049
            ],
            [
              -79.48771,
              43.75028
            ],
            [
              -79.48762,
              43.74991
            ],
            [
              -79.48755,
              43.74961
            ],
            [
              -79.48746,
              43.74926
            ],
            [
              -79.4874,
              43.749
            ],
            [
              -79.48724,
              43.74829
            ],
            [
              -79.48716,
              43.74799
            ],
            [
              -79.48707,
              43.74763
            ],
            [
              -79.48699,
              43.74732
            ],
            [
              -79.48693,
              43.74704
            ],
            [
              -79.48684,
              43.74666
            ],
            [
              -79.48678,
              43.74642
            ],
            [
              -79.48675,
              43.74629
            ],
            [
              -79.48672,
              43.74615
            ],
            [
              -79.48667,
              43.7459
            ],
            [
              -79.48659,
              43.74556
            ],
            [
              -79.48652,
              43.74528
            ],
            [
              -79.48647,
              43.74508
            ],
            [
              -79.4864,
              43.74483
            ],
            [
              -79.48624,
              43.74419
            ],
            [
              -79.4862,
              43.74405
            ],
            [
              -79.4861,
              43.74365
            ],
            [
              -79.48598,
              43.74316
            ],
            [
              -79.48591,
              43.74286
            ],
            [
              -79.48584,
              43.74259
            ],
            [
              -79.48578,
              43.74236
            ],
            [
              -79.48573,
              43.74213
            ],
            [
              -79.48558,
              43.74152
            ],
            [
              -79.48554,
              43.74135
            ],
            [
              -79.48548,
              43.74108
            ],
            [
              -79.48539,
              43.7407
            ],
            [
              -79.48528,
              43.74026
            ],
            [
              -79.48519,
              43.73988
            ],
            [
              -79.48509,
              43.73948
            ],
            [
              -79.48501,
              43.73913
            ],
            [
              -79.48488,
              43.73861
            ],
            [
              -79.4848,
              43.73828
            ],
            [
              -79.48474,
              43.73801
            ],
            [
              -79.4847,
              43.73786
            ],
            [
              -79.4846,
              43.73744
            ],
            [
              -79.48454,
              43.73721
            ],
            [
              -79.48448,
              43.73697
            ],
            [
              -79.48441,
              43.73666
            ],
            [
              -79.48431,
              43.73622
            ],
            [
              -79.48413,
              43.73547
            ],
            [
              -79.48408,
              43.73526
            ],
            [
              -79.48393,
              43.73467
            ],
            [
              -79.48385,
              43.73433
            ],
            [
              -79.48377,
              43.734
            ],
            [
              -79.48372,
              43.73378
            ],
            [
              -79.48367,
              43.73359
            ],
            [
              -79.48359,
              43.73321
            ],
            [
              -79.48357,
              43.73312
            ],
            [
              -79.48355,
              43.73304
            ],
            [
              -79.4835,
              43.73282
            ],
            [
              -79.48347,
              43.73271
            ],
            [
              -79.48341,
              43.73251
            ],
            [
              -79.48337,
              43.73235
            ],
            [
              -79.48331,
              43.73212
            ],
            [
              -79.48328,
              43.73199
            ],
            [
              -79.48327,
              43.73193
            ],
            [
              -79.4832,
              43.7316
            ],
            [
              -79.48316,
              43.73143
            ],
            [
              -79.48309,
              43.73114
            ],
            [
              -79.48301,
              43.73079
            ],
            [
              -79.48298,
              43.73066
            ],
            [
              -79.48289,
              43.73032
            ],
            [
              -79.48284,
              43.73013
            ],
            [
              -79.4828,
              43.72996
            ],
            [
              -79.48277,
              43.72982
            ],
            [
              -79.48273,
              43.72966
            ],
            [
              -79.48266,
              43.72934
            ],
            [
              -79.48259,
              43.72907
            ],
            [
              -79.48247,
              43.72857
            ],
            [
              -79.482747,
              43.728503
            ]
          ],
          [
            [
              -79.482747,
              43.728503
            ],
            [
              -79.48247,
              43.72857
            ],
            [
              -79.48243,
              43.72842
            ],
            [
              -79.48239,
              43.72825
            ],
            [
              -79.48237,
              43.72815
            ],
            [
              -79.48233,
              43.72797
            ],
            [
              -79.48231,
              43.72789
            ],
            [
              -79.48228,
              43.72775
            ],
            [
              -79.48221,
              43.72744
            ],
            [
              -79.48216,
              43.72721
            ],
            [
              -79.48214,
              43.72709
            ],
            [
              -79.48208,
              43.72667
            ],
            [
              -79.48193,
              43.72596
            ],
            [
              -79.48184,
              43.72559
            ],
            [
              -79.4818,
              43.72545
            ],
            [
              -79.48178,
              43.72537
            ],
            [
              -79.48173,
              43.72511
            ],
            [
              -79.48168,
              43.72483
            ],
            [
              -79.48163,
              43.72444
            ],
            [
              -79.48158,
              43.72403
            ],
            [
              -79.48154,
              43.72365
            ],
            [
              -79.48146,
              43.72317
            ],
            [
              -79.48144,
              43.72298
            ],
            [
              -79.48138,
              43.72271
            ],
            [
              -79.48134,
              43.72254
            ],
            [
              -79.48128,
              43.72232
            ],
            [
              -79.48123,
              43.72211
            ],
            [
              -79.48111,
              43.72172
            ],
            [
              -79.48106,
              43.72158
            ],
            [
              -79.48091,
              43.72118
            ],
            [
              -79.4809,
              43.72115
            ],
            [
              -79.48084,
              43.72097
            ],
            [
              -79.48077,
              43.72075
            ],
            [
              -79.4807,
              43.72053
            ],
            [
              -79.48063,
              43.72028
            ],
            [
              -79.48057,
              43.72005
            ],
            [
              -79.48051,
              43.71984
            ],
            [
              -79.48045,
              43.71956
            ],
            [
              -79.48039,
              43.71925
            ],
            [
              -79.4803,
              43.71887
            ],
            [
              -79.48024,
              43.71857
            ],
            [
              -79.48018,
              43.71819
            ],
            [
              -79.48013,
              43.71789
            ],
            [
              -79.48,
              43.71733
            ],
            [
              -79.47982,
              43.71654
            ],
            [
              -79.47963,
              43.7157
            ],
            [
              -79.4796,
              43.71559
            ],
            [
              -79.47955,
              43.71536
            ],
            [
              -79.47945,
              43.71491
            ],
            [
              -79.47941,
              43.7147
            ],
            [
              -79.47923,
              43.71391
            ],
            [
              -79.4791,
              43.71336
            ],
            [
              -79.47907,
              43.71325
            ],
            [
              -79.47903,
              43.71306
            ],
            [
              -79.47895,
              43.71266
            ],
            [
              -79.47892,
              43.71253
            ],
            [
              -79.4789,
              43.71243
            ],
            [
              -79.47885,
              43.71222
            ],
            [
              -79.4788,
              43.71195
            ],
            [
              -79.4787,
              43.71153
            ],
            [
              -79.47868,
              43.71144
            ],
            [
              -79.47863,
              43.71123
            ],
            [
              -79.47861,
              43.71114
            ],
            [
              -79.47849,
              43.71064
            ],
            [
              -79.47847,
              43.71057
            ],
            [
              -79.47843,
              43.71042
            ],
            [
              -79.4784,
              43.71032
            ],
            [
              -79.47837,
              43.71018
            ],
            [
              -79.4783,
              43.7099
            ],
            [
              -79.47823,
              43.70962
            ],
            [
              -79.47817,
              43.70934
            ],
            [
              -79.47813,
              43.70916
            ],
            [
              -79.47811,
              43.70906
            ],
            [
              -79.47802,
              43.70867
            ],
            [
              -79.47838,
              43.70851
            ],
            [
              -79.47873,
              43.70837
            ],
            [
              -79.47907,
              43.70827
            ],
            [
              -79.47925,
              43.70822
            ],
            [
              -79.4798,
              43.7081
            ],
            [
              -79.47993,
              43.70807
            ],
            [
              -79.48016,
              43.70803
            ],
            [
              -79.48041,
              43.70797
            ],
            [
              -79.48096,
              43.70785
            ],
            [
              -79.48107,
              43.70783
            ],
            [
              -79.48136,
              43.70777
            ],
            [
              -79.48194,
              43.70764
            ],
            [
              -79.48245,
              43.70753
            ],
            [
              -79.48282,
              43.70745
            ],
            [
              -79.48448,
              43.70708
            ],
            [
              -79.48471,
              43.70703
            ],
            [
              -79.48483,
              43.707
            ],
            [
              -79.48507,
              43.70695
            ],
            [
              -79.48529,
              43.7069
            ],
            [
              -79.48564,
              43.70682
            ],
            [
              -79.48597,
              43.70674
            ],
            [
              -79.48629,
              43.70667
            ],
            [
              -79.48635,
              43.70666
            ]
          ],
          [
            [
              -79.48635,
              43.70666
            ],
            [
              -79.48629,
              43.70667
            ],
            [
              -79.48597,
              43.70674
            ],
            [
              -79.48564,
              43.70682
            ],
            [
              -79.48529,
              43.7069
            ],
            [
              -79.48507,
              43.70695
            ],
            [
              -79.48483,
              43.707
            ],
            [
              -79.48471,
              43.70703
            ],
            [
              -79.48448,
              43.70708
            ],
            [
              -79.48282,
              43.70745
            ],
            [
              -79.48245,
              43.70753
            ],
            [
              -79.48194,
              43.70764
            ],
            [
              -79.48136,
              43.70777
            ],
            [
              -79.48107,
              43.70783
            ],
            [
              -79.48096,
              43.70785
            ],
            [
              -79.48041,
              43.70797
            ],
            [
              -79.48016,
              43.70803
            ],
            [
              -79.47993,
              43.70807
            ],
            [
              -79.4798,
              43.7081
            ],
            [
              -79.47925,
              43.70822
            ],
            [
              -79.47907,
              43.70827
            ],
            [
              -79.47873,
              43.70837
            ],
            [
              -79.47838,
              43.70851
            ],
            [
              -79.47802,
              43.70867
            ],
            [
              -79.47795,
              43.70833
            ],
            [
              -79.47788,
              43.70801
            ],
            [
              -79.47782,
              43.70772
            ],
            [
              -79.47774,
              43.70734
            ],
            [
              -79.47768,
              43.70712
            ],
            [
              -79.47763,
              43.7069
            ],
            [
              -79.47762,
              43.70682
            ],
            [
              -79.47761,
              43.70675
            ],
            [
              -79.4776,
              43.70669
            ],
            [
              -79.47757,
              43.70654
            ],
            [
              -79.47754,
              43.70641
            ],
            [
              -79.47749,
              43.7062
            ],
            [
              -79.47743,
              43.7059
            ],
            [
              -79.47739,
              43.70574
            ],
            [
              -79.47736,
              43.70559
            ],
            [
              -79.47734,
              43.70552
            ],
            [
              -79.47728,
              43.70527
            ],
            [
              -79.47722,
              43.70502
            ],
            [
              -79.47711,
              43.70455
            ],
            [
              -79.47705,
              43.70427
            ],
            [
              -79.47698,
              43.70399
            ],
            [
              -79.47692,
              43.70377
            ],
            [
              -79.47686,
              43.7035
            ],
            [
              -79.47681,
              43.7033
            ],
            [
              -79.47675,
              43.70301
            ],
            [
              -79.47671,
              43.70281
            ],
            [
              -79.47666,
              43.70261
            ],
            [
              -79.47662,
              43.70242
            ],
            [
              -79.47656,
              43.70217
            ],
            [
              -79.47648,
              43.70179
            ],
            [
              -79.47646,
              43.7017
            ],
            [
              -79.47644,
              43.7016
            ],
            [
              -79.47637,
              43.70132
            ],
            [
              -79.47636,
              43.70126
            ],
            [
              -79.47628,
              43.70088
            ],
            [
              -79.47622,
              43.70062
            ],
            [
              -79.47609,
              43.70004
            ],
            [
              -79.47595,
              43.69942
            ],
            [
              -79.47593,
              43.69932
            ],
            [
              -79.47583,
              43.69891
            ],
            [
              -79.47572,
              43.69844
            ],
            [
              -79.47568,
              43.69827
            ],
            [
              -79.47561,
              43.69795
            ],
            [
              -79.47558,
              43.69781
            ],
            [
              -79.47556,
              43.69772
            ],
            [
              -79.47553,
              43.69759
            ],
            [
              -79.47551,
              43.69753
            ],
            [
              -79.47544,
              43.69727
            ],
            [
              -79.47539,
              43.69701
            ],
            [
              -79.47536,
              43.69688
            ],
            [
              -79.4753,
              43.69663
            ],
            [
              -79.47523,
              43.6963
            ],
            [
              -79.47514,
              43.69588
            ],
            [
              -79.47507,
              43.6956
            ],
            [
              -79.475,
              43.69532
            ],
            [
              -79.47491,
              43.69492
            ],
            [
              -79.47484,
              43.69461
            ],
            [
              -79.47479,
              43.69436
            ],
            [
              -79.47472,
              43.69406
            ],
            [
              -79.47453,
              43.69307
            ],
            [
              -79.47451,
              43.69298
            ],
            [
              -79.47449,
              43.69287
            ],
            [
              -79.47446,
              43.69272
            ],
            [
              -79.47433,
              43.69224
            ],
            [
              -79.47424,
              43.69197
            ],
            [
              -79.47422,
              43.69187
            ],
            [
              -79.47423,
              43.69178
            ],
            [
              -79.47427,
              43.6917
            ],
            [
              -79.47431,
              43.69165
            ],
            [
              -79.47443,
              43.69155
            ],
            [
              -79.4745,
              43.69151
            ],
            [
              -79.47493,
              43.6912
            ],
            [
              -79.47522,
              43.691
            ],
            [
              -79.47527,
              43.69095
            ],
            [
              -79.47534,
              43.69084
            ],
            [
              -79.47527,
              43.69063
            ],
            [
              -79.47524,
              43.69055
            ],
            [
              -79.47506,
              43.69015
            ],
            [
              -79.47494,
              43.68989
            ],
            [
              -79.47491,
              43.68983
            ],
            [
              -79.47486,
              43.68971
            ],
            [
              -79.47462,
              43.68921
            ],
            [
              -79.47448,
              43.68887
            ],
            [
              -79.47434,
              43.68851
            ],
            [
              -79.4743,
              43.68841
            ],
            [
              -79.47426,
              43.68832
            ],
            [
              -79.47422,
              43.68822
            ],
            [
              -79.474,
              43.68773
            ],
            [
              -79.47391,
              43.68752
            ],
            [
              -79.47382,
              43.68731
            ],
            [
              -79.47358,
              43.68675
            ],
            [
              -79.47354,
              43.68666
            ],
            [
              -79.47341,
              43.68635
            ],
            [
              -79.47336,
              43.68623
            ],
            [
              -79.47318,
              43.68583
            ],
            [
              -79.4731,
              43.68564
            ],
            [
              -79.47302,
              43.68545
            ],
            [
              -79.47299,
              43.68538
            ],
            [
              -79.47293,
              43.68525
            ],
            [
              -79.4728,
              43.68494
            ],
            [
              -79.47257,
              43.68441
            ],
            [
              -79.47251,
              43.68427
            ],
            [
              -79.47241,
              43.68403
            ],
            [
              -79.47237,
              43.68393
            ],
            [
              -79.47228,
              43.68374
            ],
            [
              -79.47206,
              43.68323
            ],
            [
              -79.47193,
              43.68292
            ],
            [
              -79.47159,
              43.68213
            ],
            [
              -79.47097,
              43.68218
            ],
            [
              -79.47028,
              43.68223
            ],
            [
              -79.46948,
              43.6823
            ],
            [
              -79.46909,
              43.68232
            ],
            [
              -79.4689,
              43.6823
            ],
            [
              -79.4686,
              43.68222
            ],
            [
              -79.46788,
              43.68195
            ],
            [
              -79.46776,
              43.68188
            ],
            [
              -79.46745,
              43.68187
            ],
            [
              -79.46713,
              43.68193
            ],
            [
              -79.46653,
              43.68205
            ],
            [
              -79.46545,
              43.6823
            ],
            [
              -79.46491,
              43.68242
            ],
            [
              -79.46439,
              43.68253
            ],
            [
              -79.46395,
              43.68262
            ],
            [
              -79.46331,
              43.68276
            ],
            [
              -79.46224,
              43.683
            ],
            [
              -79.46128,
              43.68323
            ],
            [
              -79.46057,
              43.68336
            ],
            [
              -79.46024,
              43.68342
            ],
            [
              -79.45979,
              43.68343
            ],
            [
              -79.45957,
              43.68341
            ],
            [
              -79.45923,
              43.68333
            ],
            [
              -79.45887,
              43.68325
            ],
            [
              -79.45852,
              43.68319
            ],
            [
              -79.45805,
              43.68311
            ],
            [
              -79.45817,
              43.68337
            ],
            [
              -79.45826,
              43.68357
            ],
            [
              -79.45829,
              43.68363
            ],
            [
              -79.45854,
              43.68359
            ],
            [
              -79.45849,
              43.68351
            ],
            [
              -79.45846,
              43.68341
            ]
          ],
          [
            [
              -79.45846,
              43.68341
            ],
            [
              -79.45849,
              43.68351
            ],
            [
              -79.45854,
              43.68359
            ],
            [
              -79.45829,
              43.68363
            ],
            [
              -79.45826,
              43.68357
            ],
            [
              -79.45817,
              43.68337
            ],
            [
              -79.45805,
              43.68311
            ],
            [
              -79.45737,
              43.68301
            ],
            [
              -79.45725,
              43.68301
            ],
            [
              -79.45717,
              43.68301
            ],
            [
              -79.45661,
              43.6831
            ],
            [
              -79.45607,
              43.6832
            ],
            [
              -79.4545,
              43.68356
            ],
            [
              -79.45352,
              43.68378
            ],
            [
              -79.45288,
              43.68396
            ],
            [
              -79.45231,
              43.68408
            ],
            [
              -79.45169,
              43.68421
            ],
            [
              -79.45109,
              43.68435
            ],
            [
              -79.4505,
              43.68448
            ],
            [
              -79.4499,
              43.68461
            ],
            [
              -79.44933,
              43.68473
            ],
            [
              -79.44865,
              43.68487
            ],
            [
              -79.44812,
              43.68501
            ],
            [
              -79.44712,
              43.68534
            ],
            [
              -79.44661,
              43.68545
            ],
            [
              -79.44611,
              43.68557
            ],
            [
              -79.44502,
              43.68579
            ],
            [
              -79.44396,
              43.68602
            ],
            [
              -79.44283,
              43.68624
            ],
            [
              -79.4416,
              43.68649
            ],
            [
              -79.44061,
              43.6867
            ],
            [
              -79.43965,
              43.6869
            ],
            [
              -79.43868,
              43.68712
            ],
            [
              -79.43878,
              43.6874
            ],
            [
              -79.43842,
              43.68744
            ],
            [
              -79.43836,
              43.68736
            ]
          ],
          [
            [
              -79.43836,
              43.68736
            ],
            [
              -79.43842,
              43.68744
            ],
            [
              -79.43878,
              43.6874
            ],
            [
              -79.43884,
              43.68756
            ],
            [
              -79.43892,
              43.68778
            ],
            [
              -79.43912,
              43.68833
            ],
            [
              -79.43936,
              43.68899
            ],
            [
              -79.43953,
              43.68955
            ],
            [
              -79.43959,
              43.68977
            ],
            [
              -79.43994,
              43.6906
            ],
            [
              -79.44031,
              43.69147
            ],
            [
              -79.44062,
              43.69225
            ],
            [
              -79.44083,
              43.69264
            ],
            [
              -79.44091,
              43.69281
            ],
            [
              -79.4412,
              43.69349
            ],
            [
              -79.44134,
              43.69383
            ],
            [
              -79.44149,
              43.69418
            ],
            [
              -79.44168,
              43.69466
            ],
            [
              -79.4418,
              43.69497
            ],
            [
              -79.44215,
              43.69577
            ],
            [
              -79.44244,
              43.6965
            ],
            [
              -79.44249,
              43.6966
            ],
            [
              -79.44262,
              43.69695
            ],
            [
              -79.44276,
              43.69731
            ],
            [
              -79.442024,
              43.697467
            ]
          ],
          [
            [
              -79.442024,
              43.697467
            ],
            [
              -79.44131,
              43.69762
            ],
            [
              -79.44026,
              43.69784
            ],
            [
              -79.43937,
              43.69804
            ],
            [
              -79.43902,
              43.69811
            ],
            [
              -79.43837,
              43.69825
            ],
            [
              -79.43824,
              43.69828
            ],
            [
              -79.43724,
              43.6985
            ],
            [
              -79.43657,
              43.69865
            ],
            [
              -79.43642,
              43.69868
            ],
            [
              -79.43632,
              43.6987
            ],
            [
              -79.436,
              43.69877
            ],
            [
              -79.4358,
              43.69881
            ],
            [
              -79.43559,
              43.69885
            ],
            [
              -79.43508,
              43.69896
            ],
            [
              -79.43479,
              43.69901
            ],
            [
              -79.43446,
              43.69908
            ],
            [
              -79.43417,
              43.69914
            ],
            [
              -79.43382,
              43.69921
            ],
            [
              -79.43313,
              43.69937
            ],
            [
              -79.43283,
              43.69944
            ],
            [
              -79.43185,
              43.69964
            ],
            [
              -79.43095,
              43.69983
            ],
            [
              -79.4299,
              43.70005
            ],
            [
              -79.4288,
              43.7003
            ],
            [
              -79.42851,
              43.70036
            ],
            [
              -79.42823,
              43.70042
            ],
            [
              -79.42784,
              43.70051
            ],
            [
              -79.42761,
              43.70056
            ],
            [
              -79.42751,
              43.70058
            ],
            [
              -79.42667,
              43.70076
            ],
            [
              -79.42634,
              43.70083
            ],
            [
              -79.42604,
              43.70089
            ],
            [
              -79.42555,
              43.70099
            ],
            [
              -79.42507,
              43.70109
            ],
            [
              -79.42423,
              43.70127
            ],
            [
              -79.42315,
              43.7015
            ],
            [
              -79.42258,
              43.70162
            ],
            [
              -79.42209,
              43.70172
            ],
            [
              -79.42134,
              43.70189
            ],
            [
              -79.4209,
              43.70199
            ],
            [
              -79.42058,
              43.70206
            ],
            [
              -79.42034,
              43.70211
            ],
            [
              -79.41992,
              43.70219
            ],
            [
              -79.41974,
              43.70223
            ],
            [
              -79.41909,
              43.70236
            ],
            [
              -79.41852,
              43.70248
            ],
            [
              -79.4183,
              43.70253
            ],
            [
              -79.41801,
              43.7026
            ],
            [
              -79.41742,
              43.70274
            ],
            [
              -79.41708,
              43.70281
            ],
            [
              -79.4161,
              43.70303
            ],
            [
              -79.41599,
              43.70306
            ],
            [
              -79.41578,
              43.70311
            ],
            [
              -79.41555,
              43.70315
            ],
            [
              -79.41493,
              43.70328
            ],
            [
              -79.41441,
              43.70336
            ],
            [
              -79.41384,
              43.70348
            ],
            [
              -79.4132,
              43.70361
            ],
            [
              -79.41209,
              43.70386
            ],
            [
              -79.41167,
              43.70395
            ],
            [
              -79.41096,
              43.7041
            ],
            [
              -79.40962,
              43.70438
            ],
            [
              -79.40848,
              43.70462
            ],
            [
              -79.40814,
              43.70469
            ],
            [
              -79.40741,
              43.70485
            ],
            [
              -79.40655,
              43.70503
            ],
            [
              -79.40616,
              43.70511
            ],
            [
              -79.40593,
              43.70516
            ],
            [
              -79.40493,
              43.70537
            ],
            [
              -79.40431,
              43.7055
            ],
            [
              -79.40372,
              43.70562
            ],
            [
              -79.40273,
              43.70583
            ],
            [
              -79.40172,
              43.70604
            ],
            [
              -79.40142,
              43.70611
            ],
            [
              -79.40118,
              43.70615
            ],
            [
              -79.40112,
              43.70616
            ],
            [
              -79.40085,
              43.70622
            ],
            [
              -79.40026,
              43.70634
            ],
            [
              -79.39897,
              43.70661
            ],
            [
              -79.39831,
              43.70675
            ],
            [
              -79.39783,
              43.70685
            ],
            [
              -79.39747,
              43.70693
            ],
            [
              -79.39717,
              43.70699
            ],
            [
              -79.39683,
              43.70706
            ],
            [
              -79.39546,
              43.70733
            ],
            [
              -79.39416,
              43.7076
            ],
            [
              -79.39281,
              43.70788
            ],
            [
              -79.3921,
              43.70802
            ],
            [
              -79.3915,
              43.70814
            ],
            [
              -79.39072,
              43.7083
            ],
            [
              -79.39014,
              43.70842
            ],
            [
              -79.3896,
              43.70854
            ],
            [
              -79.38931,
              43.7086
            ],
            [
              -79.38888,
              43.70869
            ],
            [
              -79.38863,
              43.70874
            ],
            [
              -79.38794,
              43.70888
            ],
            [
              -79.38755,
              43.70895
            ],
            [
              -79.38723,
              43.70901
            ],
            [
              -79.38698,
              43.70906
            ],
            [
              -79.38633,
              43.70919
            ],
            [
              -79.38622,
              43.70921
            ],
            [
              -79.38532,
              43.70939
            ],
            [
              -79.38488,
              43.70948
            ],
            [
              -79.38437,
              43.70958
            ],
            [
              -79.38427,
              43.7096
            ],
            [
              -79.38359,
              43.70974
            ],
            [
              -79.38319,
              43.70982
            ],
            [
              -79.38298,
              43.70986
            ],
            [
              -79.38255,
              43.70995
            ],
            [
              -79.38224,
              43.71002
            ],
            [
              -79.38127,
              43.71023
            ],
            [
              -79.38092,
              43.7103
            ],
            [
              -79.38023,
              43.71044
            ],
            [
              -79.37965,
              43.71056
            ],
            [
              -79.37938,
              43.71062
            ],
            [
              -79.37891,
              43.7107
            ],
            [
              -79.3787,
              43.71074
            ],
            [
              -79.37835,
              43.71081
            ],
            [
              -79.37816,
              43.71085
            ],
            [
              -79.3777,
              43.71095
            ],
            [
              -79.3771,
              43.71108
            ],
            [
              -79.37668,
              43.71117
            ],
            [
              -79.37644,
              43.71122
            ],
            [
              -79.37615,
              43.71128
            ],
            [
              -79.37587,
              43.71133
            ],
            [
              -79.37554,
              43.7114
            ],
            [
              -79.37473,
              43.71156
            ],
            [
              -79.37393,
              43.71173
            ],
            [
              -79.37362,
              43.71179
            ],
            [
              -79.37316,
              43.71189
            ],
            [
              -79.37207,
              43.7121
            ],
            [
              -79.37122,
              43.71227
            ],
            [
              -79.37095,
              43.71232
            ],
            [
              -79.36965,
              43.71258
            ],
            [
              -79.36848,
              43.71283
            ],
            [
              -79.36723,
              43.71308
            ],
            [
              -79.36671,
              43.71319
            ],
            [
              -79.36597,
              43.71335
            ],
            [
              -79.3653,
              43.71349
            ],
            [
              -79.36477,
              43.7136
            ],
            [
              -79.36429,
              43.7137
            ],
            [
              -79.3642,
              43.71372
            ],
            [
              -79.36393,
              43.71377
            ],
            [
              -79.3633,
              43.7139
            ],
            [
              -79.36302,
              43.71396
            ],
            [
              -79.36237,
              43.71409
            ],
            [
              -79.3623,
              43.7141
            ],
            [
              -79.3621,
              43.71414
            ],
            [
              -79.36138,
              43.71427
            ],
            [
              -79.3613,
              43.71429
            ],
            [
              -79.36123,
              43.7143
            ],
            [
              -79.36043,
              43.71447
            ],
            [
              -79.35984,
              43.71462
            ],
            [
              -79.35919,
              43.71477
            ],
            [
              -79.35836,
              43.71497
            ],
            [
              -79.35775,
              43.71511
            ],
            [
              -79.35676,
              43.7153
            ],
            [
              -79.35626,
              43.71539
            ],
            [
              -79.35588,
              43.71538
            ],
            [
              -79.35523,
              43.71543
            ],
            [
              -79.35462,
              43.71553
            ],
            [
              -79.35428,
              43.71563
            ],
            [
              -79.35399,
              43.71574
            ],
            [
              -79.35328,
              43.71599
            ],
            [
              -79.35286,
              43.71612
            ],
            [
              -79.35256,
              43.71621
            ],
            [
              -79.35234,
              43.71628
            ],
            [
              -79.35129,
              43.7165
            ],
            [
              -79.34984,
              43.71698
            ],
            [
              -79.34836,
              43.71746
            ],
            [
              -79.34774,
              43.71771
            ],
            [
              -79.34597,
              43.71822
            ],
            [
              -79.34566,
              43.7183
            ],
            [
              -79.34504,
              43.71851
            ],
            [
              -79.34428,
              43.71873
            ],
            [
              -79.34348,
              43.71897
            ],
            [
              -79.34269,
              43.719223
            ]
          ],
          [
            [
              -79.34269,
              43.719223
            ],
            [
              -79.3408,
              43.71983
            ],
            [
              -79.33942,
              43.72028
            ],
            [
              -79.33894,
              43.72043
            ],
            [
              -79.33892,
              43.72019
            ],
            [
              -79.33871,
              43.71957
            ],
            [
              -79.33866,
              43.71942
            ],
            [
              -79.33846,
              43.71893
            ],
            [
              -79.33828,
              43.71854
            ],
            [
              -79.33805,
              43.71802
            ],
            [
              -79.33782,
              43.71752
            ],
            [
              -79.33771,
              43.71727
            ],
            [
              -79.33743,
              43.71664
            ],
            [
              -79.33738,
              43.71653
            ],
            [
              -79.33722,
              43.71659
            ],
            [
              -79.33595,
              43.7169
            ],
            [
              -79.33556,
              43.71699
            ],
            [
              -79.33509,
              43.7171
            ],
            [
              -79.33485,
              43.71716
            ],
            [
              -79.33468,
              43.71728
            ],
            [
              -79.33441,
              43.71759
            ],
            [
              -79.3343,
              43.71766
            ],
            [
              -79.33418,
              43.71772
            ],
            [
              -79.33393,
              43.7178
            ],
            [
              -79.33352,
              43.71789
            ],
            [
              -79.33319,
              43.71797
            ],
            [
              -79.33253,
              43.7181
            ],
            [
              -79.33228,
              43.71816
            ],
            [
              -79.33165,
              43.71831
            ],
            [
              -79.33128,
              43.71817
            ],
            [
              -79.33112,
              43.717889
            ]
          ],
          [
            [
              -79.33112,
              43.717889
            ],
            [
              -79.33128,
              43.71817
            ],
            [
              -79.3314,
              43.71837
            ],
            [
              -79.33165,
              43.71831
            ],
            [
              -79.33228,
              43.71816
            ],
            [
              -79.33253,
              43.7181
            ],
            [
              -79.33319,
              43.71797
            ],
            [
              -79.33352,
              43.71789
            ],
            [
              -79.33393,
              43.7178
            ],
            [
              -79.33418,
              43.71772
            ],
            [
              -79.3343,
              43.71766
            ],
            [
              -79.33441,
              43.71759
            ],
            [
              -79.33468,
              43.71728
            ],
            [
              -79.33485,
              43.71716
            ],
            [
              -79.33509,
              43.7171
            ],
            [
              -79.33556,
              43.71699
            ],
            [
              -79.33595,
              43.7169
            ],
            [
              -79.33722,
              43.71659
            ],
            [
              -79.33738,
              43.71653
            ],
            [
              -79.33732,
              43.71639
            ],
            [
              -79.33693,
              43.71552
            ],
            [
              -79.33678,
              43.71518
            ],
            [
              -79.33645,
              43.71438
            ],
            [
              -79.33628,
              43.71403
            ],
            [
              -79.33585,
              43.7131
            ],
            [
              -79.33519,
              43.71164
            ],
            [
              -79.33506,
              43.71135
            ],
            [
              -79.33495,
              43.71109
            ],
            [
              -79.33475,
              43.71064
            ],
            [
              -79.33465,
              43.71041
            ],
            [
              -79.33449,
              43.71001
            ],
            [
              -79.33472,
              43.70995
            ],
            [
              -79.33501,
              43.70984
            ],
            [
              -79.33517,
              43.70978
            ],
            [
              -79.33556,
              43.70955
            ],
            [
              -79.3362,
              43.70932
            ],
            [
              -79.33625,
              43.70931
            ],
            [
              -79.33631,
              43.70929
            ],
            [
              -79.33663,
              43.70921
            ],
            [
              -79.33711,
              43.70909
            ],
            [
              -79.33789,
              43.70888
            ],
            [
              -79.33859,
              43.7087
            ],
            [
              -79.33907,
              43.70856
            ],
            [
              -79.33946,
              43.70848
            ],
            [
              -79.33992,
              43.70841
            ],
            [
              -79.34077,
              43.70823
            ],
            [
              -79.34139,
              43.7081
            ],
            [
              -79.34203,
              43.70794
            ],
            [
              -79.34242,
              43.70785
            ],
            [
              -79.3426,
              43.70781
            ],
            [
              -79.34302,
              43.70772
            ],
            [
              -79.34364,
              43.70757
            ],
            [
              -79.34357,
              43.70742
            ],
            [
              -79.3435,
              43.70723
            ],
            [
              -79.34341,
              43.70701
            ],
            [
              -79.34333,
              43.7068
            ],
            [
              -79.34322,
              43.70656
            ],
            [
              -79.34308,
              43.70623
            ],
            [
              -79.34305,
              43.70616
            ],
            [
              -79.34297,
              43.70599
            ],
            [
              -79.34283,
              43.70567
            ],
            [
              -79.3425,
              43.70525
            ],
            [
              -79.34243,
              43.70519
            ],
            [
              -79.34237,
              43.70514
            ],
            [
              -79.34218,
              43.70499
            ],
            [
              -79.34208,
              43.70489
            ],
            [
              -79.342,
              43.70482
            ],
            [
              -79.34176,
              43.70463
            ],
            [
              -79.34166,
              43.70456
            ],
            [
              -79.34138,
              43.70435
            ],
            [
              -79.34124,
              43.70413
            ],
            [
              -79.34121,
              43.7039
            ],
            [
              -79.34131,
              43.70367
            ],
            [
              -79.34146,
              43.70352
            ],
            [
              -79.34168,
              43.70331
            ],
            [
              -79.34195,
              43.70305
            ],
            [
              -79.34203,
              43.70298
            ],
            [
              -79.3421,
              43.70291
            ]
          ],
          [
            [
              -79.3421,
              43.70291
            ],
            [
              -79.34242,
              43.7026
            ],
            [
              -79.34246,
              43.70256
            ],
            [
              -79.34252,
              43.7025
            ],
            [
              -79.34313,
              43.70192
            ],
            [
              -79.34328,
              43.70184
            ],
            [
              -79.34343,
              43.70179
            ],
            [
              -79.34352,
              43.70176
            ],
            [
              -79.3437,
              43.70174
            ],
            [
              -79.34398,
              43.70177
            ],
            [
              -79.3442,
              43.70189
            ],
            [
              -79.34447,
              43.70203
            ],
            [
              -79.34468,
              43.70215
            ],
            [
              -79.34485,
              43.70225
            ],
            [
              -79.34517,
              43.70243
            ],
            [
              -79.34552,
              43.70262
            ],
            [
              -79.34558,
              43.70265
            ],
            [
              -79.34572,
              43.70271
            ],
            [
              -79.34581,
              43.70275
            ],
            [
              -79.34665,
              43.70322
            ],
            [
              -79.34737,
              43.70361
            ],
            [
              -79.34747,
              43.70366
            ],
            [
              -79.34759,
              43.70373
            ],
            [
              -79.34787,
              43.70388
            ],
            [
              -79.34792,
              43.7039
            ],
            [
              -79.34802,
              43.70397
            ],
            [
              -79.34838,
              43.70419
            ],
            [
              -79.34863,
              43.70434
            ],
            [
              -79.3489,
              43.7045
            ],
            [
              -79.34907,
              43.70461
            ],
            [
              -79.34916,
              43.70466
            ],
            [
              -79.34925,
              43.7047
            ],
            [
              -79.34959,
              43.70489
            ],
            [
              -79.34975,
              43.70498
            ],
            [
              -79.34993,
              43.70509
            ],
            [
              -79.3507,
              43.70435
            ],
            [
              -79.35103,
              43.70403
            ],
            [
              -79.35115,
              43.70393
            ],
            [
              -79.35136,
              43.70371
            ],
            [
              -79.35175,
              43.70331
            ],
            [
              -79.35203,
              43.70304
            ],
            [
              -79.35242,
              43.70265
            ],
            [
              -79.35248,
              43.7026
            ],
            [
              -79.35274,
              43.70225
            ],
            [
              -79.35295,
              43.70193
            ],
            [
              -79.35279,
              43.70188
            ],
            [
              -79.35246,
              43.70174
            ],
            [
              -79.35211,
              43.70157
            ],
            [
              -79.35199,
              43.70148
            ],
            [
              -79.35191,
              43.70143
            ],
            [
              -79.3517,
              43.70124
            ],
            [
              -79.35161,
              43.70114
            ],
            [
              -79.35152,
              43.70101
            ],
            [
              -79.35142,
              43.70084
            ],
            [
              -79.35093,
              43.7
            ],
            [
              -79.35062,
              43.69946
            ],
            [
              -79.35021,
              43.69874
            ],
            [
              -79.35003,
              43.69842
            ],
            [
              -79.3497,
              43.69784
            ],
            [
              -79.3496,
              43.69766
            ],
            [
              -79.3495,
              43.69749
            ],
            [
              -79.34945,
              43.6973
            ],
            [
              -79.34941,
              43.69704
            ],
            [
              -79.34943,
              43.69679
            ],
            [
              -79.34963,
              43.69662
            ],
            [
              -79.34974,
              43.69653
            ],
            [
              -79.3499,
              43.6964
            ],
            [
              -79.35007,
              43.69626
            ],
            [
              -79.35033,
              43.69605
            ],
            [
              -79.35054,
              43.69587
            ],
            [
              -79.35078,
              43.69565
            ],
            [
              -79.35087,
              43.69555
            ],
            [
              -79.35097,
              43.69537
            ],
            [
              -79.351,
              43.69527
            ],
            [
              -79.35101,
              43.69516
            ],
            [
              -79.35099,
              43.695
            ],
            [
              -79.35061,
              43.69396
            ],
            [
              -79.35048,
              43.69364
            ],
            [
              -79.35025,
              43.69323
            ],
            [
              -79.35012,
              43.69293
            ],
            [
              -79.34996,
              43.69249
            ],
            [
              -79.34991,
              43.69233
            ],
            [
              -79.34987,
              43.69222
            ],
            [
              -79.34966,
              43.69167
            ],
            [
              -79.349602,
              43.691519
            ]
          ],
          [
            [
              -79.349602,
              43.691519
            ],
            [
              -79.34954,
              43.69136
            ],
            [
              -79.34944,
              43.69109
            ],
            [
              -79.34935,
              43.69084
            ],
            [
              -79.34918,
              43.69039
            ],
            [
              -79.34913,
              43.69025
            ],
            [
              -79.34902,
              43.68996
            ],
            [
              -79.34901,
              43.68992
            ],
            [
              -79.34882,
              43.68942
            ],
            [
              -79.348515,
              43.689477
            ]
          ],
          [
            [
              -79.348515,
              43.689477
            ],
            [
              -79.34839,
              43.6895
            ],
            [
              -79.34806,
              43.68957
            ],
            [
              -79.3478,
              43.68962
            ],
            [
              -79.34776,
              43.68963
            ],
            [
              -79.34693,
              43.68978
            ],
            [
              -79.34593,
              43.68997
            ],
            [
              -79.34535,
              43.69008
            ],
            [
              -79.34502,
              43.69014
            ],
            [
              -79.34484,
              43.69018
            ],
            [
              -79.34412,
              43.69032
            ],
            [
              -79.34377,
              43.69039
            ],
            [
              -79.34357,
              43.69043
            ],
            [
              -79.3431,
              43.69052
            ],
            [
              -79.34272,
              43.6906
            ],
            [
              -79.34265,
              43.69061
            ],
            [
              -79.34234,
              43.69068
            ],
            [
              -79.3422,
              43.69074
            ],
            [
              -79.34196,
              43.6909
            ],
            [
              -79.34167,
              43.69116
            ],
            [
              -79.34113,
              43.69128
            ],
            [
              -79.34064,
              43.69139
            ],
            [
              -79.33966,
              43.69161
            ],
            [
              -79.3387,
              43.69181
            ],
            [
              -79.33774,
              43.69202
            ],
            [
              -79.33705,
              43.69217
            ],
            [
              -79.33675,
              43.69224
            ],
            [
              -79.33568,
              43.69249
            ],
            [
              -79.33514,
              43.6926
            ],
            [
              -79.33497,
              43.69264
            ],
            [
              -79.33478,
              43.69268
            ],
            [
              -79.33459,
              43.69272
            ],
            [
              -79.33454,
              43.69273
            ],
            [
              -79.33428,
              43.69278
            ],
            [
              -79.33372,
              43.69289
            ],
            [
              -79.33338,
              43.69296
            ],
            [
              -79.33306,
              43.69303
            ],
            [
              -79.33292,
              43.69306
            ],
            [
              -79.33282,
              43.69308
            ],
            [
              -79.3327,
              43.69311
            ],
            [
              -79.33258,
              43.69313
            ],
            [
              -79.33235,
              43.69318
            ],
            [
              -79.33203,
              43.69325
            ],
            [
              -79.33194,
              43.69327
            ],
            [
              -79.33128,
              43.69343
            ],
            [
              -79.33112,
              43.69347
            ],
            [
              -79.33011,
              43.6937
            ],
            [
              -79.32996,
              43.69371
            ],
            [
              -79.329902,
              43.693568
            ]
          ],
          [
            [
              -79.329902,
              43.693568
            ],
            [
              -79.32996,
              43.69371
            ],
            [
              -79.32939,
              43.69382
            ],
            [
              -79.32905,
              43.69389
            ],
            [
              -79.3285,
              43.69403
            ],
            [
              -79.328,
              43.69415
            ],
            [
              -79.32784,
              43.69374
            ],
            [
              -79.32768,
              43.69334
            ],
            [
              -79.32727,
              43.69236
            ],
            [
              -79.32717,
              43.69212
            ],
            [
              -79.32709,
              43.69193
            ],
            [
              -79.32698,
              43.69167
            ],
            [
              -79.3269,
              43.69149
            ],
            [
              -79.32686,
              43.69139
            ],
            [
              -79.32682,
              43.69129
            ],
            [
              -79.32662,
              43.69077
            ],
            [
              -79.32655,
              43.69059
            ],
            [
              -79.32635,
              43.69008
            ],
            [
              -79.32623,
              43.68978
            ],
            [
              -79.32615,
              43.68958
            ],
            [
              -79.32605,
              43.68932
            ],
            [
              -79.32598,
              43.68914
            ],
            [
              -79.32583,
              43.68877
            ],
            [
              -79.32573,
              43.68851
            ],
            [
              -79.32571,
              43.68846
            ],
            [
              -79.32555,
              43.68849
            ]
          ],
          [
            [
              -79.32555,
              43.68849
            ],
            [
              -79.32571,
              43.68846
            ],
            [
              -79.32561,
              43.6882
            ],
            [
              -79.32554,
              43.68803
            ],
            [
              -79.32545,
              43.68781
            ],
            [
              -79.32525,
              43.68734
            ],
            [
              -79.32511,
              43.68698
            ],
            [
              -79.32494,
              43.6866
            ],
            [
              -79.32475,
              43.68614
            ],
            [
              -79.32461,
              43.6858
            ],
            [
              -79.32444,
              43.68537
            ],
            [
              -79.32427,
              43.68497
            ],
            [
              -79.32402,
              43.68439
            ],
            [
              -79.32393,
              43.68418
            ],
            [
              -79.32378,
              43.68382
            ],
            [
              -79.323612,
              43.683403
            ]
          ]
        ]
      }
    },
    {
      "type": "Feature",
      "properties": {
        "felt_featu": 1,
        "name": "Route Nine",
        "felt_color": "#723FA6",
        "felt_hasLo": "F",
        "felt_id": "GRFeXsUtSNGr9B2XLZnZPLA",
        "felt_locke": "F",
        "felt_order": 1772811589761597,
        "felt_route": "DRIVING",
        "felt_showE": "F",
        "felt_showL": "F",
        "felt_strok": 1,
        "felt_str_1": "solid",
        "felt_str_2": 4,
        "felt_type": "Path",
        "source_file": "Route-Nine"
      },
      "geometry": {
        "type": "MultiLineString",
        "coordinates": [
          [
            [
              -79.368643,
              43.650194
            ],
            [
              -79.36842,
              43.65025
            ],
            [
              -79.36787,
              43.65038
            ],
            [
              -79.36805,
              43.65081
            ],
            [
              -79.36824,
              43.65126
            ],
            [
              -79.36859,
              43.65215
            ],
            [
              -79.36896,
              43.65305
            ],
            [
              -79.3691,
              43.65339
            ],
            [
              -79.36926,
              43.65387
            ],
            [
              -79.36945,
              43.65451
            ]
          ],
          [
            [
              -79.36945,
              43.65451
            ],
            [
              -79.36896,
              43.65462
            ],
            [
              -79.368,
              43.65483
            ],
            [
              -79.3675,
              43.65493
            ],
            [
              -79.36717,
              43.655
            ],
            [
              -79.36659,
              43.65513
            ],
            [
              -79.36614,
              43.65523
            ],
            [
              -79.36575,
              43.65532
            ],
            [
              -79.36444,
              43.65559
            ]
          ],
          [
            [
              -79.364452,
              43.65562
            ],
            [
              -79.3646,
              43.65598
            ],
            [
              -79.36463,
              43.65606
            ],
            [
              -79.36472,
              43.65627
            ],
            [
              -79.36481,
              43.6565
            ],
            [
              -79.36499,
              43.65694
            ],
            [
              -79.36513,
              43.65728
            ],
            [
              -79.36549,
              43.65816
            ],
            [
              -79.36574,
              43.65877
            ],
            [
              -79.36583,
              43.65899
            ],
            [
              -79.36594,
              43.65926
            ],
            [
              -79.366,
              43.65943
            ],
            [
              -79.36612,
              43.65972
            ],
            [
              -79.36619,
              43.65989
            ],
            [
              -79.36628,
              43.66011
            ],
            [
              -79.3664,
              43.66041
            ],
            [
              -79.36653,
              43.66072
            ],
            [
              -79.36678,
              43.66135
            ],
            [
              -79.36685,
              43.66153
            ],
            [
              -79.367026,
              43.661929
            ]
          ],
          [
            [
              -79.36704,
              43.66196
            ],
            [
              -79.3665,
              43.66206
            ],
            [
              -79.36615,
              43.66214
            ],
            [
              -79.366,
              43.66218
            ],
            [
              -79.36585,
              43.66221
            ],
            [
              -79.36569,
              43.66224
            ],
            [
              -79.36531,
              43.6623
            ],
            [
              -79.36496,
              43.66237
            ],
            [
              -79.36481,
              43.6624
            ],
            [
              -79.3646,
              43.66244
            ],
            [
              -79.36408,
              43.66261
            ],
            [
              -79.36344,
              43.66273
            ],
            [
              -79.36316,
              43.66278
            ],
            [
              -79.36301,
              43.66283
            ],
            [
              -79.3627,
              43.66289
            ],
            [
              -79.3623,
              43.66296
            ],
            [
              -79.36148,
              43.66315
            ],
            [
              -79.36083,
              43.66329
            ],
            [
              -79.36031,
              43.66341
            ],
            [
              -79.35986,
              43.66351
            ],
            [
              -79.35975,
              43.66354
            ],
            [
              -79.35923,
              43.66369
            ],
            [
              -79.35824,
              43.664
            ],
            [
              -79.35752,
              43.66419
            ],
            [
              -79.35686,
              43.66439
            ],
            [
              -79.3567,
              43.66442
            ],
            [
              -79.35661,
              43.66444
            ],
            [
              -79.35654,
              43.66444
            ],
            [
              -79.35616,
              43.66454
            ],
            [
              -79.35579,
              43.66463
            ],
            [
              -79.35527,
              43.66476
            ],
            [
              -79.35516,
              43.66479
            ],
            [
              -79.35432,
              43.66502
            ],
            [
              -79.35352,
              43.66527
            ],
            [
              -79.35321,
              43.66533
            ],
            [
              -79.353069,
              43.665358
            ]
          ],
          [
            [
              -79.353069,
              43.665358
            ],
            [
              -79.35321,
              43.66533
            ],
            [
              -79.35352,
              43.66527
            ],
            [
              -79.35432,
              43.66502
            ],
            [
              -79.35516,
              43.66479
            ],
            [
              -79.35547,
              43.66549
            ],
            [
              -79.35471,
              43.66566
            ],
            [
              -79.35416,
              43.66578
            ],
            [
              -79.35398,
              43.66583
            ],
            [
              -79.35364,
              43.66601
            ],
            [
              -79.3529,
              43.66616
            ],
            [
              -79.35318,
              43.66682
            ],
            [
              -79.35322,
              43.66692
            ],
            [
              -79.35328,
              43.66707
            ],
            [
              -79.3534,
              43.6674
            ],
            [
              -79.35342,
              43.66751
            ],
            [
              -79.35341,
              43.66762
            ],
            [
              -79.35337,
              43.66775
            ],
            [
              -79.35317,
              43.66824
            ],
            [
              -79.3531,
              43.66845
            ],
            [
              -79.35303,
              43.66877
            ],
            [
              -79.35298,
              43.6692
            ],
            [
              -79.35299,
              43.66939
            ],
            [
              -79.35305,
              43.66954
            ],
            [
              -79.35316,
              43.6697
            ],
            [
              -79.35332,
              43.66987
            ],
            [
              -79.35391,
              43.67049
            ],
            [
              -79.35412,
              43.67071
            ],
            [
              -79.35426,
              43.67088
            ],
            [
              -79.35431,
              43.67096
            ],
            [
              -79.35449,
              43.67125
            ],
            [
              -79.35473,
              43.67171
            ],
            [
              -79.35492,
              43.67202
            ],
            [
              -79.35537,
              43.67253
            ],
            [
              -79.35548,
              43.67263
            ],
            [
              -79.35565,
              43.6728
            ],
            [
              -79.35612,
              43.67324
            ],
            [
              -79.35623,
              43.67335
            ],
            [
              -79.35656,
              43.6737
            ],
            [
              -79.35668,
              43.67382
            ],
            [
              -79.35688,
              43.67405
            ],
            [
              -79.35706,
              43.67426
            ],
            [
              -79.35723,
              43.67445
            ],
            [
              -79.35753,
              43.67478
            ],
            [
              -79.35771,
              43.67497
            ],
            [
              -79.35784,
              43.67512
            ],
            [
              -79.35808,
              43.67538
            ],
            [
              -79.35821,
              43.67553
            ],
            [
              -79.35852,
              43.67585
            ],
            [
              -79.35866,
              43.67599
            ],
            [
              -79.35886,
              43.67622
            ],
            [
              -79.3582,
              43.67634
            ],
            [
              -79.35763,
              43.67645
            ],
            [
              -79.35681,
              43.67661
            ],
            [
              -79.35638,
              43.67669
            ],
            [
              -79.35589,
              43.67678
            ],
            [
              -79.35565,
              43.67683
            ],
            [
              -79.35507,
              43.67695
            ],
            [
              -79.35407,
              43.67714
            ],
            [
              -79.35384,
              43.67718
            ],
            [
              -79.35324,
              43.6773
            ],
            [
              -79.35276,
              43.67739
            ],
            [
              -79.35193,
              43.67756
            ],
            [
              -79.35072,
              43.6778
            ],
            [
              -79.35039,
              43.67786
            ],
            [
              -79.34997,
              43.67794
            ],
            [
              -79.34959,
              43.67802
            ],
            [
              -79.34926,
              43.67808
            ],
            [
              -79.34849,
              43.67823
            ],
            [
              -79.34829,
              43.67827
            ],
            [
              -79.3473,
              43.67846
            ],
            [
              -79.34673,
              43.67857
            ],
            [
              -79.34625,
              43.67866
            ]
          ],
          [
            [
              -79.3463141,
              43.6785705
            ],
            [
              -79.337601625,
              43.6804507
            ],
            [
              -79.32888915,
              43.6823309
            ],
            [
              -79.320176675,
              43.6842111
            ],
            [
              -79.3114642,
              43.6860913
            ]
          ],
          [
            [
              -79.31145,
              43.68601
            ],
            [
              -79.31095,
              43.68613
            ],
            [
              -79.3107,
              43.68619
            ],
            [
              -79.31044,
              43.68625
            ],
            [
              -79.30927,
              43.68652
            ],
            [
              -79.30906,
              43.68657
            ],
            [
              -79.30855,
              43.68669
            ],
            [
              -79.30818,
              43.68678
            ],
            [
              -79.30783,
              43.68686
            ],
            [
              -79.30736,
              43.68697
            ],
            [
              -79.3068,
              43.6871
            ],
            [
              -79.30653,
              43.68716
            ],
            [
              -79.30609,
              43.68726
            ],
            [
              -79.30571,
              43.68734
            ],
            [
              -79.30563,
              43.68736
            ],
            [
              -79.30522,
              43.68745
            ],
            [
              -79.30499,
              43.6875
            ],
            [
              -79.30443,
              43.68761
            ],
            [
              -79.3034,
              43.68782
            ],
            [
              -79.30298,
              43.6879
            ],
            [
              -79.30275,
              43.68795
            ],
            [
              -79.30262,
              43.68798
            ],
            [
              -79.30246,
              43.68801
            ],
            [
              -79.30181,
              43.68815
            ],
            [
              -79.30109,
              43.68831
            ],
            [
              -79.30099,
              43.68833
            ],
            [
              -79.30053,
              43.68844
            ],
            [
              -79.30001,
              43.68856
            ],
            [
              -79.2995,
              43.68868
            ],
            [
              -79.29882,
              43.68883
            ],
            [
              -79.29785,
              43.68905
            ],
            [
              -79.29715,
              43.68921
            ],
            [
              -79.29676,
              43.6893
            ],
            [
              -79.2968,
              43.68985
            ],
            [
              -79.29684,
              43.69035
            ],
            [
              -79.29697,
              43.69126
            ],
            [
              -79.29701,
              43.69173
            ],
            [
              -79.29704,
              43.69206
            ],
            [
              -79.29706,
              43.69218
            ],
            [
              -79.29714,
              43.69282
            ],
            [
              -79.29715,
              43.69307
            ],
            [
              -79.29721,
              43.69353
            ],
            [
              -79.29726,
              43.69408
            ],
            [
              -79.2973,
              43.69456
            ],
            [
              -79.29732,
              43.6949
            ],
            [
              -79.29742,
              43.69565
            ],
            [
              -79.29742,
              43.69588
            ],
            [
              -79.2973,
              43.69652
            ],
            [
              -79.29719,
              43.697
            ],
            [
              -79.29709,
              43.69736
            ],
            [
              -79.29707,
              43.69751
            ],
            [
              -79.29705,
              43.69769
            ],
            [
              -79.29704,
              43.69777
            ],
            [
              -79.29705,
              43.69807
            ],
            [
              -79.29705,
              43.69824
            ],
            [
              -79.29705,
              43.69857
            ],
            [
              -79.29703,
              43.69919
            ],
            [
              -79.297,
              43.69966
            ],
            [
              -79.29698,
              43.69997
            ],
            [
              -79.29696,
              43.70045
            ],
            [
              -79.2969,
              43.70089
            ],
            [
              -79.296911,
              43.701134
            ]
          ],
          [
            [
              -79.296911,
              43.701134
            ],
            [
              -79.2969,
              43.70089
            ],
            [
              -79.29696,
              43.70045
            ],
            [
              -79.29698,
              43.69997
            ],
            [
              -79.297,
              43.69966
            ],
            [
              -79.29703,
              43.69919
            ],
            [
              -79.29705,
              43.69857
            ],
            [
              -79.29705,
              43.69824
            ],
            [
              -79.29705,
              43.69807
            ],
            [
              -79.29704,
              43.69777
            ],
            [
              -79.29705,
              43.69769
            ],
            [
              -79.29707,
              43.69751
            ],
            [
              -79.29709,
              43.69736
            ],
            [
              -79.29719,
              43.697
            ],
            [
              -79.2973,
              43.69652
            ],
            [
              -79.29742,
              43.69588
            ],
            [
              -79.29742,
              43.69565
            ],
            [
              -79.29732,
              43.6949
            ],
            [
              -79.2973,
              43.69456
            ],
            [
              -79.29726,
              43.69408
            ],
            [
              -79.29721,
              43.69353
            ],
            [
              -79.29715,
              43.69307
            ],
            [
              -79.29714,
              43.69282
            ],
            [
              -79.29706,
              43.69218
            ],
            [
              -79.29704,
              43.69206
            ],
            [
              -79.29701,
              43.69173
            ],
            [
              -79.29697,
              43.69126
            ],
            [
              -79.29684,
              43.69035
            ],
            [
              -79.2968,
              43.68985
            ],
            [
              -79.29676,
              43.6893
            ],
            [
              -79.29715,
              43.68921
            ],
            [
              -79.29785,
              43.68905
            ],
            [
              -79.29882,
              43.68883
            ],
            [
              -79.2995,
              43.68868
            ],
            [
              -79.30001,
              43.68856
            ],
            [
              -79.30053,
              43.68844
            ],
            [
              -79.30099,
              43.68833
            ],
            [
              -79.30109,
              43.68831
            ],
            [
              -79.30181,
              43.68815
            ],
            [
              -79.30167,
              43.68781
            ],
            [
              -79.30144,
              43.68734
            ],
            [
              -79.30132,
              43.68708
            ],
            [
              -79.30127,
              43.68695
            ],
            [
              -79.30086,
              43.68594
            ],
            [
              -79.30037,
              43.68473
            ],
            [
              -79.30027,
              43.68436
            ],
            [
              -79.3002,
              43.68415
            ],
            [
              -79.30017,
              43.68393
            ],
            [
              -79.29998,
              43.68346
            ],
            [
              -79.29994,
              43.68336
            ]
          ],
          [
            [
              -79.29994,
              43.68336
            ],
            [
              -79.29947,
              43.68217
            ],
            [
              -79.29936,
              43.68192
            ],
            [
              -79.29883,
              43.68073
            ],
            [
              -79.29858,
              43.68054
            ],
            [
              -79.29836,
              43.6804
            ],
            [
              -79.29816,
              43.68024
            ],
            [
              -79.29803,
              43.67995
            ],
            [
              -79.29807,
              43.67955
            ],
            [
              -79.2981,
              43.67918
            ],
            [
              -79.29808,
              43.67906
            ],
            [
              -79.298,
              43.67891
            ],
            [
              -79.29882,
              43.67873
            ],
            [
              -79.2999,
              43.67852
            ],
            [
              -79.30063,
              43.67835
            ],
            [
              -79.3009,
              43.67826
            ],
            [
              -79.30118,
              43.67815
            ],
            [
              -79.30051,
              43.67661
            ],
            [
              -79.29997,
              43.67531
            ],
            [
              -79.29977,
              43.67476
            ],
            [
              -79.29962,
              43.67439
            ],
            [
              -79.29947,
              43.67403
            ],
            [
              -79.29926,
              43.67352
            ],
            [
              -79.29883,
              43.67249
            ],
            [
              -79.2985,
              43.67169
            ],
            [
              -79.29818,
              43.67089
            ],
            [
              -79.29802,
              43.67048
            ]
          ],
          [
            [
              -79.29802,
              43.67048
            ],
            [
              -79.2989,
              43.67029
            ],
            [
              -79.29981,
              43.67009
            ],
            [
              -79.30087,
              43.66986
            ],
            [
              -79.30146,
              43.66973
            ],
            [
              -79.30193,
              43.66962
            ],
            [
              -79.30223,
              43.66956
            ],
            [
              -79.30301,
              43.66938
            ],
            [
              -79.30349,
              43.66927
            ],
            [
              -79.30387,
              43.66919
            ],
            [
              -79.30422,
              43.66911
            ],
            [
              -79.30464,
              43.66901
            ],
            [
              -79.3051,
              43.66891
            ],
            [
              -79.30579,
              43.66876
            ],
            [
              -79.30631,
              43.66864
            ],
            [
              -79.30662,
              43.66857
            ],
            [
              -79.30692,
              43.6685
            ],
            [
              -79.30717,
              43.66844
            ],
            [
              -79.30772,
              43.66832
            ],
            [
              -79.30805,
              43.66825
            ],
            [
              -79.30831,
              43.66819
            ],
            [
              -79.30858,
              43.66813
            ],
            [
              -79.30917,
              43.668
            ],
            [
              -79.30993,
              43.66783
            ],
            [
              -79.31032,
              43.66774
            ],
            [
              -79.31115,
              43.66755
            ],
            [
              -79.31129,
              43.66752
            ],
            [
              -79.31141,
              43.66749
            ],
            [
              -79.31205,
              43.66735
            ],
            [
              -79.31253,
              43.66723
            ],
            [
              -79.31308,
              43.6671
            ],
            [
              -79.31356,
              43.667
            ],
            [
              -79.3146,
              43.6668
            ],
            [
              -79.31482,
              43.66675
            ],
            [
              -79.31526,
              43.66664
            ],
            [
              -79.31603,
              43.66645
            ],
            [
              -79.3162,
              43.66641
            ],
            [
              -79.31655,
              43.66632
            ],
            [
              -79.31675,
              43.66681
            ],
            [
              -79.3169,
              43.66715
            ],
            [
              -79.31722,
              43.66793
            ],
            [
              -79.31742,
              43.66839
            ],
            [
              -79.31754,
              43.66868
            ],
            [
              -79.31762,
              43.66888
            ],
            [
              -79.31763,
              43.66891
            ],
            [
              -79.31768,
              43.66903
            ],
            [
              -79.31781,
              43.66934
            ],
            [
              -79.31803,
              43.66989
            ],
            [
              -79.31826,
              43.67044
            ],
            [
              -79.31829,
              43.67053
            ],
            [
              -79.31831,
              43.67058
            ],
            [
              -79.31836,
              43.6707
            ],
            [
              -79.31843,
              43.67087
            ],
            [
              -79.31902,
              43.67228
            ],
            [
              -79.3191,
              43.6725
            ],
            [
              -79.319249,
              43.672882
            ]
          ],
          [
            [
              -79.31926,
              43.67291
            ],
            [
              -79.32037,
              43.67265
            ],
            [
              -79.32075,
              43.67256
            ],
            [
              -79.32121,
              43.67245
            ],
            [
              -79.32184,
              43.6723
            ],
            [
              -79.322028,
              43.672259
            ]
          ],
          [
            [
              -79.322028,
              43.672259
            ],
            [
              -79.32289,
              43.67207
            ],
            [
              -79.32397,
              43.67183
            ],
            [
              -79.32435,
              43.67174
            ],
            [
              -79.32485,
              43.67162
            ],
            [
              -79.32492,
              43.6716
            ],
            [
              -79.32506,
              43.67155
            ],
            [
              -79.32531,
              43.6715
            ],
            [
              -79.32544,
              43.67148
            ],
            [
              -79.32581,
              43.67141
            ],
            [
              -79.32591,
              43.67139
            ],
            [
              -79.3269,
              43.67117
            ],
            [
              -79.328,
              43.67091
            ],
            [
              -79.33055,
              43.67033
            ],
            [
              -79.33067,
              43.6703
            ],
            [
              -79.3317,
              43.67007
            ],
            [
              -79.33199,
              43.67003
            ],
            [
              -79.33211,
              43.67
            ],
            [
              -79.33305,
              43.6698
            ],
            [
              -79.33424,
              43.66953
            ],
            [
              -79.33559,
              43.66924
            ]
          ],
          [
            [
              -79.33559,
              43.66924
            ],
            [
              -79.33544,
              43.66887
            ],
            [
              -79.3353,
              43.66853
            ],
            [
              -79.33499,
              43.66788
            ],
            [
              -79.3345,
              43.66672
            ],
            [
              -79.33426,
              43.66616
            ],
            [
              -79.334207,
              43.66601
            ]
          ],
          [
            [
              -79.334207,
              43.66601
            ],
            [
              -79.33415,
              43.66585
            ],
            [
              -79.33381,
              43.66504
            ],
            [
              -79.33356,
              43.66445
            ],
            [
              -79.33327,
              43.66378
            ],
            [
              -79.33317,
              43.66355
            ],
            [
              -79.33294,
              43.66301
            ],
            [
              -79.332828,
              43.662724
            ]
          ],
          [
            [
              -79.33281,
              43.66268
            ],
            [
              -79.3333,
              43.66257
            ],
            [
              -79.33353,
              43.66252
            ],
            [
              -79.33411,
              43.66239
            ],
            [
              -79.33433,
              43.66234
            ],
            [
              -79.33487,
              43.66222
            ],
            [
              -79.33518,
              43.66215
            ],
            [
              -79.33532,
              43.66212
            ],
            [
              -79.3359,
              43.66199
            ],
            [
              -79.3363,
              43.6619
            ],
            [
              -79.3377,
              43.66159
            ],
            [
              -79.33877,
              43.66135
            ],
            [
              -79.33899,
              43.6613
            ],
            [
              -79.34006,
              43.66107
            ],
            [
              -79.34058,
              43.66095
            ],
            [
              -79.34078,
              43.6609
            ],
            [
              -79.34083,
              43.66089
            ],
            [
              -79.34127,
              43.66079
            ],
            [
              -79.34248,
              43.66052
            ],
            [
              -79.34355,
              43.66028
            ],
            [
              -79.34448,
              43.66007
            ],
            [
              -79.34545,
              43.65985
            ],
            [
              -79.34562,
              43.65981
            ],
            [
              -79.3458,
              43.65977
            ],
            [
              -79.34598,
              43.65973
            ],
            [
              -79.34611,
              43.6597
            ],
            [
              -79.34643,
              43.65963
            ],
            [
              -79.34674,
              43.65956
            ],
            [
              -79.34744,
              43.65941
            ],
            [
              -79.34764,
              43.659365
            ]
          ]
        ]
      }
    },
    {
      "type": "Feature",
      "properties": {
        "felt_featu": 1,
        "name": "Route One",
        "felt_color": "#723FA6",
        "felt_hasLo": "F",
        "felt_id": "6tsZcPSIRNSB1IPUgoZfSC",
        "felt_locke": "F",
        "felt_order": 1772807166718994,
        "felt_radiu": 90,
        "felt_route": "DRIVING",
        "felt_showE": "F",
        "felt_showL": "F",
        "felt_strok": 1,
        "felt_str_1": "solid",
        "felt_str_2": 4,
        "felt_type": "Path",
        "felt_width": 1,
        "source_file": "Route-One"
      },
      "geometry": {
        "type": "MultiLineString",
        "coordinates": [
          [
            [
              -79.601295,
              43.730362
            ],
            [
              -79.60133,
              43.73044
            ],
            [
              -79.60137,
              43.73054
            ],
            [
              -79.60169,
              43.73121
            ],
            [
              -79.60186,
              43.7314
            ],
            [
              -79.60197,
              43.73161
            ],
            [
              -79.60258,
              43.73288
            ],
            [
              -79.60268,
              43.7331
            ],
            [
              -79.60294,
              43.73368
            ],
            [
              -79.60312,
              43.7341
            ],
            [
              -79.6032,
              43.73429
            ],
            [
              -79.60437,
              43.73395
            ],
            [
              -79.60497,
              43.73382
            ],
            [
              -79.60512,
              43.7338
            ],
            [
              -79.6056,
              43.73375
            ],
            [
              -79.60596,
              43.73374
            ],
            [
              -79.6063,
              43.73375
            ],
            [
              -79.60668,
              43.73379
            ],
            [
              -79.60803,
              43.73394
            ],
            [
              -79.60929,
              43.73409
            ],
            [
              -79.60992,
              43.73417
            ],
            [
              -79.61243,
              43.73444
            ],
            [
              -79.61273,
              43.73448
            ],
            [
              -79.61386,
              43.73461
            ],
            [
              -79.61679,
              43.73496
            ],
            [
              -79.61695,
              43.73498
            ],
            [
              -79.61714,
              43.735
            ],
            [
              -79.61785,
              43.73508
            ],
            [
              -79.61788,
              43.73496
            ],
            [
              -79.61798,
              43.73451
            ],
            [
              -79.618,
              43.73442
            ],
            [
              -79.6181,
              43.73396
            ],
            [
              -79.61819,
              43.73354
            ],
            [
              -79.61852,
              43.73352
            ],
            [
              -79.61877,
              43.73347
            ],
            [
              -79.61902,
              43.7334
            ],
            [
              -79.61928,
              43.73329
            ],
            [
              -79.61948,
              43.73318
            ],
            [
              -79.61971,
              43.73294
            ],
            [
              -79.61977,
              43.73285
            ],
            [
              -79.61993,
              43.73264
            ],
            [
              -79.61996,
              43.73251
            ],
            [
              -79.61998,
              43.73245
            ],
            [
              -79.61998,
              43.73227
            ],
            [
              -79.61998,
              43.73221
            ],
            [
              -79.61974,
              43.73096
            ],
            [
              -79.61971,
              43.73083
            ],
            [
              -79.61967,
              43.73064
            ],
            [
              -79.61964,
              43.73032
            ],
            [
              -79.61968,
              43.72997
            ],
            [
              -79.61975,
              43.72966
            ],
            [
              -79.619263,
              43.729556
            ]
          ],
          [
            [
              -79.619263,
              43.729556
            ],
            [
              -79.61975,
              43.72966
            ],
            [
              -79.61968,
              43.72997
            ],
            [
              -79.61964,
              43.73032
            ],
            [
              -79.61967,
              43.73064
            ],
            [
              -79.61971,
              43.73083
            ],
            [
              -79.61974,
              43.73096
            ],
            [
              -79.61998,
              43.73221
            ],
            [
              -79.61998,
              43.73227
            ],
            [
              -79.61998,
              43.73245
            ],
            [
              -79.61996,
              43.73251
            ],
            [
              -79.61993,
              43.73264
            ],
            [
              -79.61977,
              43.73285
            ],
            [
              -79.61971,
              43.73294
            ],
            [
              -79.61948,
              43.73318
            ],
            [
              -79.61928,
              43.73329
            ],
            [
              -79.61902,
              43.7334
            ],
            [
              -79.61877,
              43.73347
            ],
            [
              -79.61852,
              43.73352
            ],
            [
              -79.61819,
              43.73354
            ],
            [
              -79.6181,
              43.73396
            ],
            [
              -79.618,
              43.73442
            ],
            [
              -79.61798,
              43.73451
            ],
            [
              -79.61788,
              43.73496
            ],
            [
              -79.61699,
              43.73484
            ],
            [
              -79.61682,
              43.73482
            ],
            [
              -79.61515,
              43.73463
            ],
            [
              -79.6139,
              43.7345
            ],
            [
              -79.61329,
              43.73443
            ],
            [
              -79.61276,
              43.73437
            ],
            [
              -79.61245,
              43.73434
            ],
            [
              -79.61095,
              43.73417
            ],
            [
              -79.61003,
              43.73406
            ],
            [
              -79.60985,
              43.73404
            ],
            [
              -79.60931,
              43.73398
            ],
            [
              -79.60754,
              43.73377
            ],
            [
              -79.60672,
              43.73368
            ],
            [
              -79.60632,
              43.73364
            ],
            [
              -79.60608,
              43.73363
            ],
            [
              -79.60557,
              43.73364
            ],
            [
              -79.60507,
              43.73369
            ],
            [
              -79.60478,
              43.73373
            ],
            [
              -79.60449,
              43.73379
            ],
            [
              -79.6041,
              43.73388
            ],
            [
              -79.60312,
              43.7341
            ],
            [
              -79.60241,
              43.73427
            ],
            [
              -79.60178,
              43.73441
            ],
            [
              -79.60094,
              43.73461
            ],
            [
              -79.60063,
              43.73467
            ],
            [
              -79.60031,
              43.73475
            ],
            [
              -79.59997,
              43.73484
            ],
            [
              -79.59935,
              43.735
            ],
            [
              -79.59809,
              43.73526
            ],
            [
              -79.59744,
              43.7354
            ],
            [
              -79.59542,
              43.73585
            ],
            [
              -79.59487,
              43.73597
            ],
            [
              -79.5941,
              43.73617
            ],
            [
              -79.59222,
              43.73658
            ],
            [
              -79.592,
              43.73663
            ],
            [
              -79.59159,
              43.73672
            ],
            [
              -79.59147,
              43.73674
            ],
            [
              -79.59126,
              43.73678
            ],
            [
              -79.59103,
              43.73684
            ],
            [
              -79.59079,
              43.73692
            ],
            [
              -79.59049,
              43.73704
            ],
            [
              -79.59028,
              43.73719
            ],
            [
              -79.59019,
              43.73728
            ],
            [
              -79.59002,
              43.73749
            ],
            [
              -79.58997,
              43.73756
            ],
            [
              -79.58989,
              43.73774
            ],
            [
              -79.58986,
              43.73794
            ],
            [
              -79.58979,
              43.73863
            ],
            [
              -79.58978,
              43.73885
            ],
            [
              -79.58975,
              43.73926
            ],
            [
              -79.5897,
              43.73966
            ],
            [
              -79.58964,
              43.73988
            ],
            [
              -79.58957,
              43.74012
            ],
            [
              -79.58943,
              43.74045
            ],
            [
              -79.58932,
              43.74068
            ],
            [
              -79.5891,
              43.74111
            ],
            [
              -79.589294,
              43.741133
            ]
          ],
          [
            [
              -79.589294,
              43.741133
            ],
            [
              -79.5891,
              43.74111
            ],
            [
              -79.58868,
              43.74104
            ],
            [
              -79.58824,
              43.74097
            ],
            [
              -79.58741,
              43.74082
            ],
            [
              -79.58697,
              43.74075
            ],
            [
              -79.58683,
              43.74073
            ],
            [
              -79.58666,
              43.7407
            ],
            [
              -79.58657,
              43.74069
            ],
            [
              -79.58646,
              43.74067
            ],
            [
              -79.5862,
              43.74063
            ],
            [
              -79.58611,
              43.74061
            ],
            [
              -79.58573,
              43.74055
            ],
            [
              -79.58526,
              43.74047
            ],
            [
              -79.58508,
              43.74044
            ],
            [
              -79.58497,
              43.74042
            ],
            [
              -79.58433,
              43.74031
            ],
            [
              -79.583997,
              43.740256
            ]
          ],
          [
            [
              -79.58396,
              43.74025
            ],
            [
              -79.58377,
              43.74022
            ],
            [
              -79.58333,
              43.74015
            ],
            [
              -79.58314,
              43.74012
            ],
            [
              -79.58283,
              43.74007
            ],
            [
              -79.5824,
              43.74
            ],
            [
              -79.58179,
              43.73991
            ],
            [
              -79.58138,
              43.73985
            ],
            [
              -79.58118,
              43.73982
            ],
            [
              -79.58092,
              43.73978
            ],
            [
              -79.58074,
              43.73976
            ],
            [
              -79.58031,
              43.7397
            ],
            [
              -79.58014,
              43.73935
            ],
            [
              -79.57994,
              43.73894
            ],
            [
              -79.5797,
              43.73843
            ],
            [
              -79.57947,
              43.73795
            ],
            [
              -79.5791,
              43.73719
            ],
            [
              -79.57872,
              43.73642
            ],
            [
              -79.57829,
              43.73552
            ],
            [
              -79.57812,
              43.73517
            ],
            [
              -79.57801,
              43.73494
            ],
            [
              -79.5778,
              43.73449
            ],
            [
              -79.57757,
              43.73402
            ],
            [
              -79.57748,
              43.73384
            ],
            [
              -79.57731,
              43.7335
            ],
            [
              -79.57696,
              43.7328
            ],
            [
              -79.57662,
              43.73213
            ],
            [
              -79.57637,
              43.73165
            ],
            [
              -79.57625,
              43.73143
            ],
            [
              -79.57613,
              43.7312
            ],
            [
              -79.57604,
              43.73101
            ],
            [
              -79.57592,
              43.73077
            ],
            [
              -79.5758,
              43.73053
            ],
            [
              -79.57546,
              43.72986
            ],
            [
              -79.5752,
              43.72933
            ],
            [
              -79.57511,
              43.72914
            ],
            [
              -79.57507,
              43.72906
            ],
            [
              -79.57484,
              43.72858
            ],
            [
              -79.57477,
              43.72843
            ],
            [
              -79.57463,
              43.72813
            ],
            [
              -79.57438,
              43.72764
            ],
            [
              -79.57428,
              43.72745
            ],
            [
              -79.57418,
              43.72726
            ],
            [
              -79.57409,
              43.72708
            ],
            [
              -79.57393,
              43.72676
            ],
            [
              -79.57382,
              43.72655
            ],
            [
              -79.57373,
              43.72637
            ],
            [
              -79.57369,
              43.72628
            ],
            [
              -79.57365,
              43.7262
            ],
            [
              -79.57353,
              43.72596
            ],
            [
              -79.5734,
              43.7257
            ]
          ],
          [
            [
              -79.5734,
              43.7257
            ],
            [
              -79.57332,
              43.72554
            ],
            [
              -79.57326,
              43.72541
            ],
            [
              -79.57289,
              43.72464
            ],
            [
              -79.57288,
              43.72462
            ],
            [
              -79.5728,
              43.72446
            ],
            [
              -79.57265,
              43.72414
            ],
            [
              -79.57252,
              43.72387
            ],
            [
              -79.57242,
              43.72367
            ],
            [
              -79.57232,
              43.72346
            ],
            [
              -79.5723,
              43.72342
            ],
            [
              -79.57226,
              43.72333
            ],
            [
              -79.57209,
              43.723
            ],
            [
              -79.57198,
              43.72276
            ],
            [
              -79.5719,
              43.7226
            ],
            [
              -79.57182,
              43.72243
            ],
            [
              -79.57178,
              43.72235
            ],
            [
              -79.57177,
              43.72233
            ],
            [
              -79.5717,
              43.72218
            ],
            [
              -79.57157,
              43.72191
            ],
            [
              -79.57153,
              43.72182
            ],
            [
              -79.57146,
              43.72167
            ],
            [
              -79.57133,
              43.72139
            ],
            [
              -79.57127,
              43.72126
            ],
            [
              -79.57121,
              43.72114
            ],
            [
              -79.57094,
              43.72057
            ],
            [
              -79.57078,
              43.72022
            ],
            [
              -79.57069,
              43.72003
            ],
            [
              -79.57064,
              43.71992
            ],
            [
              -79.5706,
              43.71984
            ],
            [
              -79.57054,
              43.71971
            ],
            [
              -79.57042,
              43.71942
            ],
            [
              -79.57022,
              43.71902
            ],
            [
              -79.57012,
              43.71881
            ],
            [
              -79.57004,
              43.71865
            ],
            [
              -79.56987,
              43.7183
            ],
            [
              -79.56975,
              43.71806
            ],
            [
              -79.56966,
              43.71787
            ],
            [
              -79.56959,
              43.71771
            ],
            [
              -79.56954,
              43.71761
            ],
            [
              -79.56952,
              43.71756
            ],
            [
              -79.56938,
              43.71727
            ],
            [
              -79.56933,
              43.71717
            ],
            [
              -79.56923,
              43.71697
            ],
            [
              -79.5691,
              43.71671
            ],
            [
              -79.56895,
              43.7164
            ],
            [
              -79.56871,
              43.7159
            ],
            [
              -79.56862,
              43.71571
            ],
            [
              -79.56853,
              43.71552
            ],
            [
              -79.56834,
              43.71511
            ],
            [
              -79.56821,
              43.71485
            ],
            [
              -79.56816,
              43.71474
            ],
            [
              -79.56805,
              43.71451
            ],
            [
              -79.56795,
              43.7143
            ],
            [
              -79.56786,
              43.71412
            ],
            [
              -79.56773,
              43.71385
            ],
            [
              -79.56769,
              43.71377
            ],
            [
              -79.56765,
              43.71369
            ],
            [
              -79.56753,
              43.71344
            ],
            [
              -79.56743,
              43.71325
            ],
            [
              -79.5673,
              43.71299
            ],
            [
              -79.56724,
              43.71287
            ],
            [
              -79.56715,
              43.71268
            ],
            [
              -79.56708,
              43.71253
            ],
            [
              -79.56703,
              43.71243
            ],
            [
              -79.56693,
              43.71224
            ],
            [
              -79.56667,
              43.71172
            ],
            [
              -79.56655,
              43.71145
            ],
            [
              -79.56646,
              43.71127
            ],
            [
              -79.56637,
              43.71106
            ],
            [
              -79.56633,
              43.71098
            ],
            [
              -79.5663,
              43.71091
            ],
            [
              -79.566,
              43.711
            ]
          ],
          [
            [
              -79.566,
              43.711
            ],
            [
              -79.5663,
              43.71091
            ],
            [
              -79.56627,
              43.71083
            ],
            [
              -79.56621,
              43.71071
            ],
            [
              -79.56608,
              43.71044
            ],
            [
              -79.56605,
              43.71038
            ],
            [
              -79.566,
              43.71026
            ],
            [
              -79.56573,
              43.70967
            ],
            [
              -79.56567,
              43.70955
            ],
            [
              -79.56562,
              43.70945
            ],
            [
              -79.56548,
              43.70915
            ],
            [
              -79.56535,
              43.70888
            ],
            [
              -79.56522,
              43.70861
            ],
            [
              -79.56503,
              43.70821
            ],
            [
              -79.56504,
              43.70811
            ],
            [
              -79.56502,
              43.708
            ],
            [
              -79.56498,
              43.70789
            ],
            [
              -79.56428,
              43.70637
            ],
            [
              -79.5642,
              43.70621
            ],
            [
              -79.56393,
              43.70564
            ],
            [
              -79.56381,
              43.70537
            ],
            [
              -79.56355,
              43.70482
            ],
            [
              -79.5634,
              43.70448
            ],
            [
              -79.56326,
              43.70418
            ],
            [
              -79.56284,
              43.70333
            ],
            [
              -79.56262,
              43.70289
            ],
            [
              -79.56252,
              43.70275
            ],
            [
              -79.56236,
              43.70261
            ],
            [
              -79.56214,
              43.70216
            ],
            [
              -79.56205,
              43.70196
            ],
            [
              -79.56143,
              43.70061
            ],
            [
              -79.56116,
              43.69996
            ],
            [
              -79.56089,
              43.69928
            ],
            [
              -79.56057,
              43.69853
            ],
            [
              -79.56041,
              43.6982
            ],
            [
              -79.56026,
              43.6979
            ],
            [
              -79.56016,
              43.69768
            ],
            [
              -79.56011,
              43.69756
            ],
            [
              -79.56002,
              43.69735
            ],
            [
              -79.55994,
              43.69717
            ],
            [
              -79.55982,
              43.69691
            ],
            [
              -79.55967,
              43.69658
            ],
            [
              -79.5596,
              43.69643
            ],
            [
              -79.55949,
              43.69622
            ],
            [
              -79.55944,
              43.69611
            ],
            [
              -79.55937,
              43.69596
            ],
            [
              -79.55891,
              43.69499
            ],
            [
              -79.55882,
              43.6948
            ],
            [
              -79.55874,
              43.69463
            ],
            [
              -79.55858,
              43.69429
            ],
            [
              -79.55839,
              43.69385
            ],
            [
              -79.55831,
              43.69366
            ],
            [
              -79.55825,
              43.69352
            ],
            [
              -79.55817,
              43.69332
            ],
            [
              -79.55802,
              43.69297
            ],
            [
              -79.55786,
              43.69261
            ],
            [
              -79.5576,
              43.69206
            ],
            [
              -79.55746,
              43.69174
            ],
            [
              -79.55735,
              43.69149
            ],
            [
              -79.55723,
              43.69122
            ],
            [
              -79.55699,
              43.69069
            ],
            [
              -79.55685,
              43.6904
            ],
            [
              -79.5567,
              43.69008
            ],
            [
              -79.55658,
              43.68981
            ],
            [
              -79.55648,
              43.68957
            ],
            [
              -79.55604,
              43.68859
            ],
            [
              -79.5559,
              43.68828
            ],
            [
              -79.55575,
              43.68795
            ],
            [
              -79.5557,
              43.68784
            ],
            [
              -79.55561,
              43.68764
            ],
            [
              -79.55513,
              43.68659
            ],
            [
              -79.55501,
              43.68633
            ],
            [
              -79.55491,
              43.68613
            ],
            [
              -79.55482,
              43.68593
            ],
            [
              -79.55467,
              43.68562
            ],
            [
              -79.55451,
              43.68526
            ],
            [
              -79.55438,
              43.68498
            ],
            [
              -79.55391,
              43.68392
            ],
            [
              -79.55379,
              43.68366
            ],
            [
              -79.55364,
              43.68333
            ],
            [
              -79.5532,
              43.68234
            ],
            [
              -79.55313,
              43.68218
            ],
            [
              -79.55308,
              43.68207
            ],
            [
              -79.55295,
              43.68178
            ],
            [
              -79.55277,
              43.68137
            ],
            [
              -79.55265,
              43.68113
            ],
            [
              -79.55259,
              43.68099
            ],
            [
              -79.55253,
              43.68085
            ],
            [
              -79.55235,
              43.68043
            ],
            [
              -79.5523,
              43.68033
            ],
            [
              -79.55221,
              43.68013
            ],
            [
              -79.55184,
              43.67933
            ],
            [
              -79.55178,
              43.6792
            ],
            [
              -79.55169,
              43.67899
            ],
            [
              -79.55155,
              43.67867
            ],
            [
              -79.55145,
              43.67844
            ],
            [
              -79.55125,
              43.67802
            ],
            [
              -79.55113,
              43.67775
            ],
            [
              -79.55104,
              43.67754
            ],
            [
              -79.55089,
              43.67721
            ],
            [
              -79.55079,
              43.67699
            ],
            [
              -79.55071,
              43.67682
            ],
            [
              -79.550678,
              43.676741
            ]
          ],
          [
            [
              -79.550678,
              43.676741
            ],
            [
              -79.55071,
              43.67682
            ],
            [
              -79.55079,
              43.67699
            ],
            [
              -79.55089,
              43.67721
            ],
            [
              -79.55155,
              43.67706
            ],
            [
              -79.55202,
              43.67695
            ],
            [
              -79.55407,
              43.67647
            ],
            [
              -79.55536,
              43.67617
            ],
            [
              -79.55689,
              43.67582
            ],
            [
              -79.55768,
              43.67565
            ],
            [
              -79.55796,
              43.67559
            ],
            [
              -79.55826,
              43.67551
            ],
            [
              -79.55846,
              43.67546
            ],
            [
              -79.55912,
              43.6753
            ],
            [
              -79.56117,
              43.67483
            ],
            [
              -79.56187,
              43.67469
            ],
            [
              -79.5622,
              43.67463
            ],
            [
              -79.56259,
              43.67456
            ],
            [
              -79.56318,
              43.67448
            ],
            [
              -79.56335,
              43.67451
            ],
            [
              -79.56354,
              43.67452
            ],
            [
              -79.56432,
              43.67442
            ],
            [
              -79.56502,
              43.67436
            ],
            [
              -79.56566,
              43.67432
            ],
            [
              -79.56605,
              43.67429
            ],
            [
              -79.56622,
              43.67428
            ],
            [
              -79.5665,
              43.67421
            ],
            [
              -79.56663,
              43.67419
            ],
            [
              -79.56732,
              43.67412
            ],
            [
              -79.56773,
              43.67409
            ],
            [
              -79.56781,
              43.67407
            ],
            [
              -79.56789,
              43.67403
            ],
            [
              -79.56796,
              43.67397
            ],
            [
              -79.56801,
              43.67389
            ],
            [
              -79.56808,
              43.67373
            ],
            [
              -79.56813,
              43.67366
            ],
            [
              -79.56828,
              43.67352
            ],
            [
              -79.56847,
              43.67339
            ],
            [
              -79.56889,
              43.67316
            ],
            [
              -79.56939,
              43.6729
            ],
            [
              -79.57059,
              43.67227
            ],
            [
              -79.5708,
              43.67216
            ],
            [
              -79.57129,
              43.67191
            ],
            [
              -79.57156,
              43.6718
            ],
            [
              -79.57186,
              43.6717
            ],
            [
              -79.57234,
              43.67157
            ],
            [
              -79.57284,
              43.67147
            ],
            [
              -79.57421,
              43.67123
            ],
            [
              -79.57674,
              43.67079
            ],
            [
              -79.57735,
              43.67069
            ],
            [
              -79.57782,
              43.67063
            ],
            [
              -79.5784,
              43.67058
            ],
            [
              -79.58025,
              43.67047
            ],
            [
              -79.5806,
              43.67044
            ],
            [
              -79.58127,
              43.67034
            ],
            [
              -79.58167,
              43.67026
            ],
            [
              -79.58426,
              43.66964
            ],
            [
              -79.58472,
              43.6695
            ],
            [
              -79.58499,
              43.6694
            ],
            [
              -79.58524,
              43.66929
            ],
            [
              -79.58554,
              43.66913
            ],
            [
              -79.58586,
              43.66893
            ],
            [
              -79.58621,
              43.66866
            ],
            [
              -79.58646,
              43.66842
            ],
            [
              -79.58661,
              43.66825
            ],
            [
              -79.58687,
              43.66786
            ],
            [
              -79.58713,
              43.66738
            ],
            [
              -79.5872,
              43.66723
            ],
            [
              -79.58733,
              43.66697
            ],
            [
              -79.58746,
              43.66672
            ],
            [
              -79.58756,
              43.6665
            ],
            [
              -79.58772,
              43.66617
            ],
            [
              -79.58777,
              43.66607
            ],
            [
              -79.58761,
              43.66603
            ],
            [
              -79.58709,
              43.6659
            ],
            [
              -79.58661,
              43.66574
            ],
            [
              -79.58636,
              43.66562
            ],
            [
              -79.58615,
              43.66548
            ],
            [
              -79.58585,
              43.66521
            ],
            [
              -79.58565,
              43.66494
            ],
            [
              -79.5856,
              43.66489
            ],
            [
              -79.58545,
              43.66457
            ],
            [
              -79.58524,
              43.66411
            ],
            [
              -79.58513,
              43.66387
            ],
            [
              -79.58497,
              43.66351
            ],
            [
              -79.58483,
              43.66321
            ],
            [
              -79.58462,
              43.66276
            ],
            [
              -79.58443,
              43.66237
            ],
            [
              -79.58423,
              43.66194
            ],
            [
              -79.58405,
              43.66155
            ],
            [
              -79.58386,
              43.66114
            ],
            [
              -79.58357,
              43.66053
            ],
            [
              -79.58341,
              43.66019
            ],
            [
              -79.58329,
              43.65992
            ],
            [
              -79.58309,
              43.65948
            ],
            [
              -79.58306,
              43.65941
            ]
          ],
          [
            [
              -79.58306,
              43.65941
            ],
            [
              -79.58294,
              43.65912
            ],
            [
              -79.58289,
              43.65901
            ],
            [
              -79.58272,
              43.65862
            ],
            [
              -79.58262,
              43.6584
            ],
            [
              -79.58235,
              43.65781
            ],
            [
              -79.58227,
              43.65763
            ],
            [
              -79.5822,
              43.65748
            ],
            [
              -79.58207,
              43.65719
            ],
            [
              -79.58179,
              43.65659
            ],
            [
              -79.58173,
              43.65645
            ],
            [
              -79.58155,
              43.65606
            ],
            [
              -79.58103,
              43.65486
            ],
            [
              -79.58079,
              43.65432
            ],
            [
              -79.58061,
              43.65397
            ],
            [
              -79.58056,
              43.65387
            ],
            [
              -79.58049,
              43.65371
            ],
            [
              -79.58033,
              43.65337
            ],
            [
              -79.58018,
              43.65305
            ],
            [
              -79.5801,
              43.65289
            ],
            [
              -79.57959,
              43.65181
            ],
            [
              -79.57943,
              43.65145
            ],
            [
              -79.57903,
              43.65153
            ],
            [
              -79.57845,
              43.65167
            ],
            [
              -79.57749,
              43.65188
            ],
            [
              -79.57727,
              43.65193
            ],
            [
              -79.57645,
              43.65212
            ],
            [
              -79.57594,
              43.65224
            ],
            [
              -79.57538,
              43.65237
            ],
            [
              -79.57471,
              43.65253
            ],
            [
              -79.57388,
              43.65273
            ],
            [
              -79.57337,
              43.65286
            ],
            [
              -79.57305,
              43.65293
            ],
            [
              -79.57255,
              43.65304
            ],
            [
              -79.57245,
              43.65281
            ],
            [
              -79.57236,
              43.65264
            ],
            [
              -79.57228,
              43.6525
            ],
            [
              -79.57217,
              43.6524
            ],
            [
              -79.5719,
              43.65226
            ],
            [
              -79.57169,
              43.65221
            ],
            [
              -79.57096,
              43.65208
            ],
            [
              -79.57081,
              43.65205
            ],
            [
              -79.57071,
              43.65203
            ],
            [
              -79.57036,
              43.65195
            ],
            [
              -79.57014,
              43.65188
            ],
            [
              -79.56985,
              43.65173
            ],
            [
              -79.56978,
              43.65168
            ],
            [
              -79.56966,
              43.65156
            ],
            [
              -79.56955,
              43.65138
            ],
            [
              -79.56944,
              43.65113
            ],
            [
              -79.56935,
              43.65094
            ],
            [
              -79.56917,
              43.65054
            ],
            [
              -79.56913,
              43.65044
            ],
            [
              -79.56892,
              43.64994
            ],
            [
              -79.56888,
              43.64985
            ],
            [
              -79.5687,
              43.64946
            ],
            [
              -79.56866,
              43.64938
            ],
            [
              -79.56861,
              43.64927
            ],
            [
              -79.56853,
              43.64907
            ],
            [
              -79.56835,
              43.64865
            ],
            [
              -79.56827,
              43.64845
            ],
            [
              -79.56813,
              43.64814
            ],
            [
              -79.56798,
              43.64778
            ],
            [
              -79.5679,
              43.64753
            ],
            [
              -79.56786,
              43.6473
            ],
            [
              -79.56783,
              43.64693
            ],
            [
              -79.56779,
              43.64654
            ],
            [
              -79.56776,
              43.64608
            ],
            [
              -79.56774,
              43.64587
            ],
            [
              -79.5676,
              43.64543
            ],
            [
              -79.56753,
              43.64529
            ],
            [
              -79.56748,
              43.64516
            ],
            [
              -79.56736,
              43.64489
            ],
            [
              -79.56722,
              43.64457
            ],
            [
              -79.56701,
              43.64459
            ],
            [
              -79.56684,
              43.64462
            ],
            [
              -79.56643,
              43.64472
            ],
            [
              -79.56629,
              43.64475
            ],
            [
              -79.5656,
              43.64492
            ],
            [
              -79.56493,
              43.6451
            ],
            [
              -79.56368,
              43.64543
            ],
            [
              -79.5634,
              43.64549
            ],
            [
              -79.56319,
              43.64554
            ],
            [
              -79.56292,
              43.64559
            ],
            [
              -79.5622,
              43.64576
            ],
            [
              -79.56145,
              43.6459
            ],
            [
              -79.56113,
              43.64597
            ],
            [
              -79.56072,
              43.64606
            ],
            [
              -79.5606,
              43.64609
            ],
            [
              -79.56032,
              43.64616
            ],
            [
              -79.56018,
              43.64621
            ],
            [
              -79.56001,
              43.64629
            ],
            [
              -79.55989,
              43.64632
            ],
            [
              -79.55943,
              43.64641
            ],
            [
              -79.5592,
              43.64646
            ],
            [
              -79.55877,
              43.64655
            ],
            [
              -79.55868,
              43.64644
            ],
            [
              -79.55861,
              43.64628
            ],
            [
              -79.55859,
              43.64613
            ],
            [
              -79.55849,
              43.64599
            ],
            [
              -79.558676,
              43.645931
            ]
          ],
          [
            [
              -79.558676,
              43.645931
            ],
            [
              -79.55849,
              43.64599
            ],
            [
              -79.55859,
              43.64613
            ],
            [
              -79.55861,
              43.64628
            ],
            [
              -79.55868,
              43.64644
            ],
            [
              -79.55877,
              43.64655
            ],
            [
              -79.5592,
              43.64646
            ],
            [
              -79.55943,
              43.64641
            ],
            [
              -79.55989,
              43.64632
            ],
            [
              -79.56001,
              43.64629
            ],
            [
              -79.56033,
              43.64628
            ],
            [
              -79.56081,
              43.64619
            ],
            [
              -79.56091,
              43.64617
            ],
            [
              -79.56179,
              43.64599
            ],
            [
              -79.56272,
              43.64579
            ],
            [
              -79.56324,
              43.64566
            ],
            [
              -79.56345,
              43.6456
            ],
            [
              -79.56381,
              43.64557
            ],
            [
              -79.56398,
              43.64555
            ],
            [
              -79.56471,
              43.64548
            ],
            [
              -79.56488,
              43.6455
            ],
            [
              -79.56513,
              43.64557
            ],
            [
              -79.56523,
              43.64564
            ],
            [
              -79.56535,
              43.64576
            ],
            [
              -79.56539,
              43.64588
            ],
            [
              -79.56538,
              43.64599
            ],
            [
              -79.56534,
              43.64608
            ],
            [
              -79.56528,
              43.64616
            ],
            [
              -79.5652,
              43.64622
            ],
            [
              -79.56508,
              43.6463
            ],
            [
              -79.56484,
              43.64635
            ],
            [
              -79.56469,
              43.64634
            ],
            [
              -79.56456,
              43.64631
            ],
            [
              -79.56441,
              43.64625
            ],
            [
              -79.56429,
              43.64615
            ],
            [
              -79.56403,
              43.64586
            ],
            [
              -79.56386,
              43.64565
            ],
            [
              -79.56381,
              43.64557
            ],
            [
              -79.56333,
              43.64455
            ],
            [
              -79.56324,
              43.64435
            ],
            [
              -79.56317,
              43.6442
            ],
            [
              -79.56309,
              43.64402
            ],
            [
              -79.56293,
              43.64366
            ],
            [
              -79.5627,
              43.64311
            ],
            [
              -79.56263,
              43.64294
            ],
            [
              -79.56255,
              43.64275
            ],
            [
              -79.56213,
              43.64178
            ],
            [
              -79.5619,
              43.64123
            ],
            [
              -79.56178,
              43.64094
            ],
            [
              -79.56175,
              43.64086
            ],
            [
              -79.56135,
              43.6398
            ],
            [
              -79.56122,
              43.63942
            ],
            [
              -79.56113,
              43.63911
            ],
            [
              -79.56098,
              43.63848
            ],
            [
              -79.56087,
              43.63804
            ],
            [
              -79.5608,
              43.63773
            ],
            [
              -79.56075,
              43.63746
            ],
            [
              -79.56072,
              43.63705
            ],
            [
              -79.56064,
              43.6365
            ],
            [
              -79.56057,
              43.63612
            ],
            [
              -79.56052,
              43.63575
            ],
            [
              -79.56042,
              43.63512
            ],
            [
              -79.56032,
              43.6346
            ],
            [
              -79.56013,
              43.63388
            ],
            [
              -79.56,
              43.63346
            ],
            [
              -79.55987,
              43.63309
            ],
            [
              -79.55949,
              43.63238
            ],
            [
              -79.55898,
              43.63155
            ],
            [
              -79.55872,
              43.63115
            ],
            [
              -79.55826,
              43.6304
            ],
            [
              -79.55762,
              43.62925
            ],
            [
              -79.5573,
              43.6285
            ],
            [
              -79.55696,
              43.62766
            ],
            [
              -79.55683,
              43.62735
            ],
            [
              -79.5564,
              43.62632
            ],
            [
              -79.55591,
              43.62519
            ],
            [
              -79.55576,
              43.62485
            ],
            [
              -79.55538,
              43.62399
            ],
            [
              -79.5548,
              43.62269
            ],
            [
              -79.55445,
              43.62192
            ],
            [
              -79.55381,
              43.62044
            ],
            [
              -79.55364,
              43.62002
            ],
            [
              -79.55318,
              43.61875
            ],
            [
              -79.55298,
              43.61821
            ],
            [
              -79.55282,
              43.61784
            ],
            [
              -79.55274,
              43.61771
            ],
            [
              -79.55262,
              43.61756
            ],
            [
              -79.55251,
              43.61744
            ],
            [
              -79.55238,
              43.61733
            ],
            [
              -79.55212,
              43.61715
            ],
            [
              -79.55173,
              43.61691
            ],
            [
              -79.55164,
              43.61686
            ],
            [
              -79.55104,
              43.61655
            ],
            [
              -79.55061,
              43.6163
            ],
            [
              -79.55044,
              43.61618
            ],
            [
              -79.55017,
              43.61596
            ],
            [
              -79.5499,
              43.6157
            ],
            [
              -79.5496,
              43.61534
            ],
            [
              -79.5495,
              43.61519
            ],
            [
              -79.54935,
              43.61491
            ],
            [
              -79.54928,
              43.61477
            ],
            [
              -79.54915,
              43.61443
            ],
            [
              -79.54908,
              43.61424
            ],
            [
              -79.54904,
              43.61402
            ],
            [
              -79.54902,
              43.61374
            ],
            [
              -79.54902,
              43.61354
            ],
            [
              -79.54903,
              43.61288
            ],
            [
              -79.54901,
              43.61265
            ],
            [
              -79.54903,
              43.61237
            ],
            [
              -79.54904,
              43.61177
            ],
            [
              -79.54899,
              43.61116
            ],
            [
              -79.54894,
              43.61083
            ],
            [
              -79.54882,
              43.61028
            ],
            [
              -79.54861,
              43.60965
            ],
            [
              -79.54844,
              43.60919
            ],
            [
              -79.5484,
              43.60912
            ],
            [
              -79.54831,
              43.60904
            ],
            [
              -79.54826,
              43.60889
            ],
            [
              -79.54817,
              43.60864
            ],
            [
              -79.54814,
              43.60856
            ],
            [
              -79.54806,
              43.60835
            ],
            [
              -79.54791,
              43.60797
            ],
            [
              -79.54787,
              43.60787
            ],
            [
              -79.54785,
              43.60782
            ],
            [
              -79.5478,
              43.60769
            ],
            [
              -79.54776,
              43.60759
            ],
            [
              -79.54769,
              43.60742
            ],
            [
              -79.54735,
              43.60662
            ],
            [
              -79.54722,
              43.60631
            ],
            [
              -79.5471,
              43.60602
            ],
            [
              -79.54697,
              43.60572
            ],
            [
              -79.54676,
              43.60525
            ],
            [
              -79.5467,
              43.60511
            ],
            [
              -79.54659,
              43.60486
            ],
            [
              -79.54616,
              43.6039
            ],
            [
              -79.54581,
              43.60309
            ],
            [
              -79.54707,
              43.6028
            ],
            [
              -79.54688,
              43.60232
            ],
            [
              -79.54709,
              43.60226
            ],
            [
              -79.547393,
              43.602185
            ]
          ],
          [
            [
              -79.547393,
              43.602185
            ],
            [
              -79.54709,
              43.60226
            ],
            [
              -79.54688,
              43.60232
            ],
            [
              -79.54666,
              43.60181
            ],
            [
              -79.54654,
              43.60153
            ],
            [
              -79.54648,
              43.60139
            ],
            [
              -79.54616,
              43.60147
            ],
            [
              -79.5459,
              43.60153
            ],
            [
              -79.54576,
              43.60156
            ],
            [
              -79.54522,
              43.60169
            ],
            [
              -79.54502,
              43.60124
            ],
            [
              -79.5449,
              43.60098
            ],
            [
              -79.54483,
              43.60083
            ],
            [
              -79.54456,
              43.60026
            ],
            [
              -79.54444,
              43.60002
            ],
            [
              -79.54418,
              43.59949
            ],
            [
              -79.5441,
              43.59931
            ],
            [
              -79.54399,
              43.59905
            ],
            [
              -79.54386,
              43.59876
            ],
            [
              -79.54378,
              43.59857
            ],
            [
              -79.5437,
              43.59839
            ],
            [
              -79.54355,
              43.59806
            ],
            [
              -79.54323,
              43.59735
            ],
            [
              -79.54314,
              43.59715
            ],
            [
              -79.54305,
              43.59695
            ],
            [
              -79.54296,
              43.59674
            ],
            [
              -79.54286,
              43.59652
            ],
            [
              -79.54259,
              43.59593
            ],
            [
              -79.54254,
              43.59582
            ],
            [
              -79.5425,
              43.59573
            ],
            [
              -79.54244,
              43.59559
            ],
            [
              -79.54222,
              43.59511
            ],
            [
              -79.54209,
              43.59481
            ],
            [
              -79.54167,
              43.5939
            ],
            [
              -79.54164,
              43.59384
            ],
            [
              -79.54162,
              43.59369
            ],
            [
              -79.54152,
              43.59332
            ],
            [
              -79.54152,
              43.59326
            ],
            [
              -79.54154,
              43.59318
            ],
            [
              -79.54161,
              43.59306
            ],
            [
              -79.54171,
              43.59296
            ],
            [
              -79.5419,
              43.59287
            ],
            [
              -79.54255,
              43.59269
            ],
            [
              -79.54263,
              43.59264
            ],
            [
              -79.5427,
              43.59257
            ],
            [
              -79.54271,
              43.59251
            ],
            [
              -79.5427,
              43.59247
            ],
            [
              -79.54265,
              43.59239
            ],
            [
              -79.54206,
              43.59254
            ],
            [
              -79.54177,
              43.5926
            ],
            [
              -79.5406,
              43.59287
            ],
            [
              -79.54032,
              43.59293
            ],
            [
              -79.53949,
              43.59312
            ],
            [
              -79.53917,
              43.59319
            ],
            [
              -79.53902,
              43.59322
            ],
            [
              -79.53858,
              43.59332
            ],
            [
              -79.53819,
              43.59341
            ],
            [
              -79.53761,
              43.59354
            ],
            [
              -79.53727,
              43.59362
            ],
            [
              -79.53698,
              43.59368
            ],
            [
              -79.53688,
              43.59371
            ],
            [
              -79.53675,
              43.59374
            ],
            [
              -79.5365,
              43.5938
            ],
            [
              -79.53613,
              43.59388
            ],
            [
              -79.53602,
              43.59391
            ],
            [
              -79.53558,
              43.59401
            ],
            [
              -79.53539,
              43.59405
            ],
            [
              -79.53522,
              43.59409
            ],
            [
              -79.53396,
              43.59438
            ],
            [
              -79.53312,
              43.59458
            ],
            [
              -79.53281,
              43.59465
            ],
            [
              -79.53235,
              43.59476
            ],
            [
              -79.53169,
              43.59491
            ],
            [
              -79.53155,
              43.59494
            ],
            [
              -79.531498,
              43.594831
            ]
          ],
          [
            [
              -79.531498,
              43.594831
            ],
            [
              -79.53155,
              43.59494
            ],
            [
              -79.53098,
              43.59507
            ],
            [
              -79.53087,
              43.59509
            ],
            [
              -79.53033,
              43.59522
            ],
            [
              -79.52978,
              43.59534
            ],
            [
              -79.52829,
              43.59568
            ],
            [
              -79.52759,
              43.59584
            ],
            [
              -79.5266,
              43.59608
            ],
            [
              -79.52595,
              43.59622
            ],
            [
              -79.5258,
              43.59625
            ],
            [
              -79.52538,
              43.59635
            ],
            [
              -79.52504,
              43.59641
            ],
            [
              -79.52437,
              43.59656
            ],
            [
              -79.52384,
              43.59669
            ],
            [
              -79.52371,
              43.59672
            ],
            [
              -79.52316,
              43.59684
            ],
            [
              -79.52296,
              43.59688
            ],
            [
              -79.52251,
              43.59696
            ],
            [
              -79.52218,
              43.59703
            ],
            [
              -79.5218,
              43.59711
            ],
            [
              -79.52131,
              43.59722
            ],
            [
              -79.52084,
              43.59733
            ],
            [
              -79.52023,
              43.59747
            ],
            [
              -79.51997,
              43.59753
            ],
            [
              -79.51976,
              43.59757
            ],
            [
              -79.51937,
              43.59765
            ],
            [
              -79.51915,
              43.5977
            ],
            [
              -79.51902,
              43.59773
            ],
            [
              -79.51877,
              43.59778
            ],
            [
              -79.51844,
              43.59785
            ],
            [
              -79.51801,
              43.59795
            ],
            [
              -79.51696,
              43.59819
            ],
            [
              -79.51656,
              43.59828
            ],
            [
              -79.51601,
              43.59841
            ],
            [
              -79.51507,
              43.59862
            ],
            [
              -79.51482,
              43.59867
            ],
            [
              -79.51448,
              43.59875
            ],
            [
              -79.51421,
              43.59881
            ],
            [
              -79.51399,
              43.59886
            ],
            [
              -79.51293,
              43.59909
            ],
            [
              -79.5123,
              43.59923
            ],
            [
              -79.51186,
              43.59933
            ],
            [
              -79.51089,
              43.59954
            ],
            [
              -79.51062,
              43.5996
            ],
            [
              -79.50971,
              43.5998
            ],
            [
              -79.50955,
              43.5994
            ],
            [
              -79.509381,
              43.59944
            ]
          ],
          [
            [
              -79.509381,
              43.59944
            ],
            [
              -79.50955,
              43.5994
            ],
            [
              -79.50971,
              43.5998
            ],
            [
              -79.50866,
              43.60003
            ],
            [
              -79.50835,
              43.60009
            ],
            [
              -79.50763,
              43.60026
            ],
            [
              -79.50644,
              43.60052
            ],
            [
              -79.50525,
              43.60078
            ],
            [
              -79.50415,
              43.60102
            ],
            [
              -79.50302,
              43.60127
            ],
            [
              -79.50188,
              43.60152
            ],
            [
              -79.50074,
              43.60177
            ],
            [
              -79.49965,
              43.60201
            ],
            [
              -79.4995,
              43.60204
            ],
            [
              -79.49937,
              43.60207
            ],
            [
              -79.49898,
              43.60216
            ],
            [
              -79.49848,
              43.60227
            ],
            [
              -79.49825,
              43.60232
            ],
            [
              -79.49796,
              43.60238
            ],
            [
              -79.49728,
              43.60243
            ],
            [
              -79.49671,
              43.60246
            ],
            [
              -79.49657,
              43.60247
            ],
            [
              -79.49631,
              43.6025
            ],
            [
              -79.4959,
              43.60256
            ],
            [
              -79.49575,
              43.6026
            ],
            [
              -79.49554,
              43.60267
            ],
            [
              -79.49471,
              43.603
            ],
            [
              -79.49444,
              43.60311
            ],
            [
              -79.49372,
              43.60339
            ],
            [
              -79.49314,
              43.60366
            ],
            [
              -79.49328,
              43.60397
            ],
            [
              -79.49337,
              43.60419
            ],
            [
              -79.49349,
              43.6045
            ],
            [
              -79.49373,
              43.60508
            ],
            [
              -79.49391,
              43.6055
            ],
            [
              -79.49406,
              43.60587
            ],
            [
              -79.49435,
              43.60658
            ],
            [
              -79.49442,
              43.60675
            ],
            [
              -79.49446,
              43.60684
            ],
            [
              -79.49475,
              43.60751
            ],
            [
              -79.49477,
              43.60756
            ],
            [
              -79.4948,
              43.60763
            ],
            [
              -79.49512,
              43.6084
            ],
            [
              -79.49546,
              43.60921
            ],
            [
              -79.49581,
              43.61006
            ],
            [
              -79.49587,
              43.61021
            ],
            [
              -79.49615,
              43.61087
            ],
            [
              -79.49652,
              43.61175
            ],
            [
              -79.49672,
              43.61223
            ],
            [
              -79.49686,
              43.61255
            ],
            [
              -79.49696,
              43.61278
            ],
            [
              -79.49698,
              43.61281
            ],
            [
              -79.49704,
              43.61297
            ],
            [
              -79.49709,
              43.6131
            ],
            [
              -79.49718,
              43.61331
            ],
            [
              -79.49731,
              43.61364
            ],
            [
              -79.49739,
              43.61383
            ],
            [
              -79.49744,
              43.61393
            ],
            [
              -79.49752,
              43.61411
            ],
            [
              -79.49762,
              43.61433
            ],
            [
              -79.49736,
              43.61438
            ],
            [
              -79.49699,
              43.61446
            ],
            [
              -79.49682,
              43.61449
            ],
            [
              -79.49622,
              43.61463
            ],
            [
              -79.49594,
              43.61469
            ],
            [
              -79.49482,
              43.61495
            ],
            [
              -79.49466,
              43.61499
            ],
            [
              -79.4942,
              43.61507
            ],
            [
              -79.494115,
              43.614843
            ]
          ]
        ]
      }
    },
    {
      "type": "Feature",
      "properties": {
        "felt_featu": 1,
        "name": "Route Seven",
        "felt_color": "#723FA6",
        "felt_hasLo": "F",
        "felt_id": "ETvS0SFxR0Ky5yWV7U3dWB",
        "felt_locke": "F",
        "felt_order": 1772808188972129,
        "felt_radiu": 90,
        "felt_route": "DRIVING",
        "felt_showE": "F",
        "felt_showL": "F",
        "felt_strok": 1,
        "felt_str_1": "solid",
        "felt_str_2": 4,
        "felt_type": "Path",
        "felt_width": 1,
        "source_file": "Route-Seven"
      },
      "geometry": {
        "type": "MultiLineString",
        "coordinates": [
          [
            [
              -79.490932,
              43.76366
            ],
            [
              -79.49101,
              43.76392
            ],
            [
              -79.4912,
              43.76457
            ],
            [
              -79.49131,
              43.76501
            ],
            [
              -79.4915,
              43.76578
            ],
            [
              -79.4917,
              43.76573
            ],
            [
              -79.4915,
              43.76496
            ],
            [
              -79.4914,
              43.76452
            ],
            [
              -79.49121,
              43.76392
            ],
            [
              -79.49112,
              43.76358
            ],
            [
              -79.49099,
              43.76337
            ],
            [
              -79.49024,
              43.76355
            ],
            [
              -79.48968,
              43.76369
            ],
            [
              -79.48912,
              43.76385
            ],
            [
              -79.48874,
              43.76394
            ],
            [
              -79.48842,
              43.76403
            ],
            [
              -79.48826,
              43.76411
            ],
            [
              -79.48781,
              43.76421
            ],
            [
              -79.48746,
              43.76429
            ],
            [
              -79.48703,
              43.76438
            ],
            [
              -79.48646,
              43.7645
            ],
            [
              -79.48606,
              43.76458
            ],
            [
              -79.48551,
              43.76471
            ],
            [
              -79.48479,
              43.76487
            ],
            [
              -79.48452,
              43.76493
            ],
            [
              -79.48436,
              43.76497
            ],
            [
              -79.48421,
              43.765
            ],
            [
              -79.48393,
              43.76506
            ],
            [
              -79.48364,
              43.76512
            ],
            [
              -79.48346,
              43.76516
            ],
            [
              -79.4829,
              43.76528
            ],
            [
              -79.48195,
              43.76548
            ],
            [
              -79.4796,
              43.766
            ],
            [
              -79.47919,
              43.76609
            ],
            [
              -79.47889,
              43.76616
            ],
            [
              -79.47859,
              43.76623
            ],
            [
              -79.47812,
              43.76634
            ],
            [
              -79.47753,
              43.76647
            ],
            [
              -79.4767,
              43.76667
            ],
            [
              -79.4765,
              43.76672
            ],
            [
              -79.47632,
              43.76676
            ],
            [
              -79.47626,
              43.76677
            ],
            [
              -79.47619,
              43.76679
            ],
            [
              -79.47597,
              43.76684
            ],
            [
              -79.47562,
              43.76692
            ],
            [
              -79.47545,
              43.76696
            ],
            [
              -79.47518,
              43.76701
            ],
            [
              -79.47501,
              43.76705
            ],
            [
              -79.47472,
              43.76712
            ],
            [
              -79.47457,
              43.76715
            ],
            [
              -79.47425,
              43.76722
            ],
            [
              -79.47389,
              43.7673
            ],
            [
              -79.47376,
              43.76733
            ],
            [
              -79.47363,
              43.76736
            ],
            [
              -79.47331,
              43.76743
            ],
            [
              -79.47304,
              43.76749
            ],
            [
              -79.47281,
              43.76754
            ],
            [
              -79.47245,
              43.76762
            ],
            [
              -79.47199,
              43.76772
            ],
            [
              -79.47146,
              43.76784
            ],
            [
              -79.47083,
              43.76798
            ],
            [
              -79.47042,
              43.76807
            ],
            [
              -79.47007,
              43.76815
            ],
            [
              -79.46994,
              43.76818
            ],
            [
              -79.46946,
              43.76829
            ],
            [
              -79.46922,
              43.76834
            ],
            [
              -79.46864,
              43.76847
            ],
            [
              -79.46813,
              43.76859
            ],
            [
              -79.46777,
              43.76867
            ],
            [
              -79.46758,
              43.76871
            ],
            [
              -79.46689,
              43.76888
            ],
            [
              -79.46641,
              43.76899
            ],
            [
              -79.46611,
              43.76906
            ],
            [
              -79.4633,
              43.76968
            ],
            [
              -79.46287,
              43.76977
            ],
            [
              -79.46265,
              43.76982
            ],
            [
              -79.46239,
              43.76988
            ],
            [
              -79.46223,
              43.76991
            ],
            [
              -79.46214,
              43.76993
            ],
            [
              -79.46173,
              43.77002
            ],
            [
              -79.46151,
              43.77006
            ],
            [
              -79.46129,
              43.77011
            ],
            [
              -79.46067,
              43.77024
            ],
            [
              -79.45949,
              43.77051
            ],
            [
              -79.45905,
              43.7706
            ],
            [
              -79.45805,
              43.77082
            ],
            [
              -79.45772,
              43.77089
            ],
            [
              -79.45712,
              43.77102
            ],
            [
              -79.45673,
              43.7711
            ],
            [
              -79.4564,
              43.77117
            ],
            [
              -79.45602,
              43.77125
            ],
            [
              -79.4553,
              43.77141
            ],
            [
              -79.45441,
              43.77161
            ],
            [
              -79.45375,
              43.77175
            ],
            [
              -79.45365,
              43.77177
            ],
            [
              -79.45326,
              43.77185
            ],
            [
              -79.45255,
              43.77199
            ],
            [
              -79.45195,
              43.77212
            ],
            [
              -79.45181,
              43.77215
            ],
            [
              -79.45145,
              43.77221
            ],
            [
              -79.45097,
              43.77231
            ],
            [
              -79.45032,
              43.77244
            ],
            [
              -79.45023,
              43.77246
            ],
            [
              -79.44986,
              43.77253
            ],
            [
              -79.44974,
              43.77256
            ],
            [
              -79.44915,
              43.77268
            ],
            [
              -79.4491,
              43.77269
            ],
            [
              -79.449239,
              43.773019
            ]
          ],
          [
            [
              -79.449239,
              43.773019
            ],
            [
              -79.4491,
              43.77269
            ],
            [
              -79.44877,
              43.77276
            ],
            [
              -79.44828,
              43.77287
            ],
            [
              -79.44756,
              43.77302
            ],
            [
              -79.44693,
              43.77316
            ],
            [
              -79.44663,
              43.77323
            ],
            [
              -79.44608,
              43.77335
            ],
            [
              -79.44578,
              43.77341
            ],
            [
              -79.44541,
              43.7735
            ],
            [
              -79.4449,
              43.7736
            ],
            [
              -79.44471,
              43.77363
            ],
            [
              -79.44442,
              43.77368
            ],
            [
              -79.44431,
              43.7737
            ],
            [
              -79.44405,
              43.77374
            ],
            [
              -79.44394,
              43.77376
            ],
            [
              -79.44384,
              43.77377
            ],
            [
              -79.4435,
              43.77381
            ],
            [
              -79.44298,
              43.77386
            ],
            [
              -79.4429,
              43.77356
            ],
            [
              -79.44286,
              43.77338
            ],
            [
              -79.44275,
              43.77295
            ],
            [
              -79.4427,
              43.77276
            ],
            [
              -79.44259,
              43.77234
            ],
            [
              -79.44251,
              43.77205
            ],
            [
              -79.4425,
              43.772
            ],
            [
              -79.44246,
              43.77183
            ],
            [
              -79.44244,
              43.77176
            ],
            [
              -79.44239,
              43.77151
            ],
            [
              -79.44235,
              43.77132
            ],
            [
              -79.44224,
              43.77091
            ],
            [
              -79.44218,
              43.77064
            ],
            [
              -79.44211,
              43.77036
            ],
            [
              -79.44203,
              43.77004
            ],
            [
              -79.44198,
              43.76984
            ],
            [
              -79.44189,
              43.76947
            ],
            [
              -79.4418,
              43.76909
            ],
            [
              -79.44167,
              43.76858
            ],
            [
              -79.44157,
              43.76819
            ],
            [
              -79.44151,
              43.76795
            ],
            [
              -79.44145,
              43.7677
            ],
            [
              -79.44132,
              43.76714
            ],
            [
              -79.44124,
              43.76683
            ],
            [
              -79.44109,
              43.76628
            ],
            [
              -79.44106,
              43.76615
            ],
            [
              -79.44099,
              43.76585
            ],
            [
              -79.4409,
              43.76547
            ],
            [
              -79.4408,
              43.76506
            ],
            [
              -79.44069,
              43.76459
            ],
            [
              -79.44063,
              43.76434
            ],
            [
              -79.44052,
              43.76389
            ],
            [
              -79.44045,
              43.7636
            ],
            [
              -79.44032,
              43.76303
            ],
            [
              -79.44019,
              43.76249
            ],
            [
              -79.44003,
              43.76188
            ],
            [
              -79.43997,
              43.76165
            ],
            [
              -79.43987,
              43.76127
            ],
            [
              -79.43963,
              43.7603
            ],
            [
              -79.43953,
              43.75987
            ],
            [
              -79.43946,
              43.7596
            ],
            [
              -79.4394,
              43.75934
            ],
            [
              -79.43923,
              43.75866
            ],
            [
              -79.43915,
              43.7583
            ],
            [
              -79.4391,
              43.75809
            ],
            [
              -79.43902,
              43.75777
            ],
            [
              -79.43893,
              43.75742
            ],
            [
              -79.43888,
              43.75724
            ],
            [
              -79.43884,
              43.75706
            ],
            [
              -79.43877,
              43.75677
            ],
            [
              -79.43871,
              43.7565
            ],
            [
              -79.43864,
              43.75622
            ],
            [
              -79.43862,
              43.75612
            ],
            [
              -79.43858,
              43.75597
            ],
            [
              -79.43846,
              43.75549
            ],
            [
              -79.43839,
              43.75523
            ],
            [
              -79.43832,
              43.75496
            ],
            [
              -79.43828,
              43.75482
            ],
            [
              -79.4382,
              43.75449
            ],
            [
              -79.43812,
              43.75414
            ],
            [
              -79.4381,
              43.75405
            ],
            [
              -79.43807,
              43.75395
            ],
            [
              -79.438,
              43.75367
            ],
            [
              -79.43796,
              43.75349
            ],
            [
              -79.43794,
              43.75338
            ],
            [
              -79.4379,
              43.75315
            ],
            [
              -79.43786,
              43.75296
            ],
            [
              -79.43772,
              43.75237
            ],
            [
              -79.43766,
              43.75212
            ],
            [
              -79.43751,
              43.75148
            ],
            [
              -79.43745,
              43.75125
            ],
            [
              -79.43733,
              43.75075
            ],
            [
              -79.43727,
              43.75051
            ],
            [
              -79.43721,
              43.75028
            ],
            [
              -79.43713,
              43.74994
            ],
            [
              -79.43707,
              43.7497
            ],
            [
              -79.43692,
              43.7491
            ],
            [
              -79.43684,
              43.74876
            ],
            [
              -79.4368,
              43.7486
            ],
            [
              -79.43673,
              43.74829
            ],
            [
              -79.4367,
              43.74815
            ],
            [
              -79.43664,
              43.74791
            ],
            [
              -79.4366,
              43.74775
            ],
            [
              -79.43656,
              43.74762
            ],
            [
              -79.43645,
              43.74722
            ],
            [
              -79.43639,
              43.74696
            ],
            [
              -79.43634,
              43.74678
            ],
            [
              -79.43632,
              43.74668
            ],
            [
              -79.4363,
              43.74658
            ],
            [
              -79.43619,
              43.74614
            ],
            [
              -79.43599,
              43.74534
            ],
            [
              -79.43594,
              43.74514
            ],
            [
              -79.43585,
              43.74481
            ],
            [
              -79.43577,
              43.74451
            ],
            [
              -79.4357,
              43.74422
            ],
            [
              -79.43563,
              43.74393
            ],
            [
              -79.43554,
              43.74355
            ],
            [
              -79.43536,
              43.74281
            ],
            [
              -79.43532,
              43.74263
            ],
            [
              -79.43528,
              43.74246
            ],
            [
              -79.4352,
              43.74216
            ],
            [
              -79.43511,
              43.74181
            ],
            [
              -79.43502,
              43.74148
            ],
            [
              -79.43495,
              43.74121
            ],
            [
              -79.43487,
              43.74088
            ],
            [
              -79.43481,
              43.74063
            ],
            [
              -79.43475,
              43.74037
            ],
            [
              -79.43466,
              43.74002
            ],
            [
              -79.43435,
              43.73872
            ],
            [
              -79.43428,
              43.73845
            ],
            [
              -79.43425,
              43.73833
            ],
            [
              -79.43415,
              43.73789
            ],
            [
              -79.43411,
              43.73774
            ],
            [
              -79.43402,
              43.7374
            ],
            [
              -79.4335,
              43.73745
            ],
            [
              -79.43316,
              43.73748
            ],
            [
              -79.43253,
              43.73754
            ],
            [
              -79.43215,
              43.73758
            ],
            [
              -79.43167,
              43.73762
            ],
            [
              -79.43116,
              43.73764
            ],
            [
              -79.43081,
              43.73765
            ],
            [
              -79.43046,
              43.73767
            ],
            [
              -79.43018,
              43.7377
            ],
            [
              -79.42987,
              43.73776
            ],
            [
              -79.42967,
              43.73781
            ],
            [
              -79.42938,
              43.73791
            ],
            [
              -79.42851,
              43.73827
            ],
            [
              -79.428,
              43.73845
            ],
            [
              -79.42758,
              43.73856
            ],
            [
              -79.42726,
              43.73863
            ],
            [
              -79.42689,
              43.73871
            ],
            [
              -79.42664,
              43.73876
            ],
            [
              -79.42604,
              43.73891
            ],
            [
              -79.42571,
              43.73897
            ],
            [
              -79.42384,
              43.73939
            ],
            [
              -79.42288,
              43.73959
            ],
            [
              -79.4225,
              43.73967
            ],
            [
              -79.42234,
              43.7397
            ],
            [
              -79.42162,
              43.73986
            ],
            [
              -79.42146,
              43.73948
            ],
            [
              -79.42137,
              43.73926
            ],
            [
              -79.42134,
              43.7392
            ],
            [
              -79.42129,
              43.73909
            ],
            [
              -79.42122,
              43.73891
            ],
            [
              -79.42172,
              43.73881
            ],
            [
              -79.421778,
              43.738952
            ]
          ],
          [
            [
              -79.421778,
              43.738952
            ],
            [
              -79.42179,
              43.73898
            ],
            [
              -79.42129,
              43.73909
            ],
            [
              -79.42134,
              43.7392
            ],
            [
              -79.42137,
              43.73926
            ],
            [
              -79.42146,
              43.73948
            ],
            [
              -79.42162,
              43.73986
            ],
            [
              -79.42174,
              43.74012
            ],
            [
              -79.42188,
              43.74044
            ],
            [
              -79.42197,
              43.74065
            ],
            [
              -79.42196,
              43.74107
            ],
            [
              -79.422,
              43.74133
            ],
            [
              -79.42204,
              43.74152
            ],
            [
              -79.42205,
              43.7416
            ],
            [
              -79.42206,
              43.74166
            ],
            [
              -79.42203,
              43.74199
            ],
            [
              -79.42202,
              43.74207
            ],
            [
              -79.42193,
              43.74231
            ],
            [
              -79.42177,
              43.7426
            ],
            [
              -79.42166,
              43.74274
            ],
            [
              -79.42129,
              43.74311
            ],
            [
              -79.42054,
              43.74363
            ],
            [
              -79.41982,
              43.74412
            ],
            [
              -79.41943,
              43.74444
            ],
            [
              -79.41923,
              43.74463
            ],
            [
              -79.41885,
              43.74487
            ],
            [
              -79.41817,
              43.74533
            ],
            [
              -79.41758,
              43.74579
            ],
            [
              -79.41722,
              43.7461
            ],
            [
              -79.41698,
              43.74633
            ],
            [
              -79.41659,
              43.74674
            ],
            [
              -79.41587,
              43.74751
            ],
            [
              -79.41542,
              43.74801
            ],
            [
              -79.41483,
              43.74865
            ],
            [
              -79.41459,
              43.7489
            ],
            [
              -79.41422,
              43.74921
            ],
            [
              -79.41387,
              43.74947
            ],
            [
              -79.41207,
              43.75068
            ],
            [
              -79.41167,
              43.75094
            ],
            [
              -79.41094,
              43.75131
            ],
            [
              -79.41048,
              43.75156
            ],
            [
              -79.40981,
              43.75195
            ],
            [
              -79.40936,
              43.75218
            ],
            [
              -79.4091,
              43.7523
            ],
            [
              -79.40805,
              43.75273
            ],
            [
              -79.40777,
              43.75285
            ],
            [
              -79.40745,
              43.75301
            ],
            [
              -79.4073,
              43.75311
            ],
            [
              -79.40715,
              43.75323
            ],
            [
              -79.40703,
              43.75335
            ],
            [
              -79.40692,
              43.75349
            ],
            [
              -79.40683,
              43.75363
            ],
            [
              -79.40678,
              43.75374
            ],
            [
              -79.40672,
              43.75388
            ],
            [
              -79.40669,
              43.754
            ],
            [
              -79.40667,
              43.75418
            ],
            [
              -79.40667,
              43.7543
            ],
            [
              -79.4067,
              43.75444
            ],
            [
              -79.40675,
              43.75463
            ],
            [
              -79.40683,
              43.75481
            ],
            [
              -79.40703,
              43.75508
            ],
            [
              -79.40731,
              43.75533
            ],
            [
              -79.40763,
              43.75552
            ],
            [
              -79.40781,
              43.7556
            ],
            [
              -79.40881,
              43.75598
            ],
            [
              -79.40909,
              43.75611
            ],
            [
              -79.40936,
              43.75629
            ],
            [
              -79.40954,
              43.75647
            ],
            [
              -79.40958,
              43.75657
            ],
            [
              -79.40964,
              43.75676
            ],
            [
              -79.40969,
              43.75693
            ],
            [
              -79.40974,
              43.75711
            ],
            [
              -79.4098,
              43.75735
            ],
            [
              -79.40985,
              43.75757
            ],
            [
              -79.4099,
              43.75779
            ],
            [
              -79.40998,
              43.75806
            ],
            [
              -79.41001,
              43.75812
            ],
            [
              -79.41008,
              43.75819
            ],
            [
              -79.4102,
              43.75861
            ],
            [
              -79.41027,
              43.7589
            ],
            [
              -79.4103,
              43.75902
            ],
            [
              -79.41048,
              43.75971
            ],
            [
              -79.41054,
              43.75996
            ],
            [
              -79.41056,
              43.76005
            ],
            [
              -79.41064,
              43.76034
            ],
            [
              -79.41068,
              43.76051
            ],
            [
              -79.41073,
              43.76072
            ],
            [
              -79.41083,
              43.76113
            ],
            [
              -79.41093,
              43.76153
            ],
            [
              -79.41103,
              43.76199
            ],
            [
              -79.41112,
              43.76235
            ],
            [
              -79.41119,
              43.76263
            ],
            [
              -79.41128,
              43.76297
            ],
            [
              -79.41136,
              43.76329
            ],
            [
              -79.41154,
              43.76396
            ],
            [
              -79.41165,
              43.76434
            ],
            [
              -79.4117,
              43.76456
            ],
            [
              -79.41172,
              43.76463
            ],
            [
              -79.41176,
              43.76481
            ],
            [
              -79.41188,
              43.76528
            ],
            [
              -79.41197,
              43.76567
            ],
            [
              -79.41205,
              43.766
            ],
            [
              -79.4121,
              43.76619
            ],
            [
              -79.41221,
              43.76664
            ],
            [
              -79.4125,
              43.76665
            ],
            [
              -79.413019,
              43.766578
            ]
          ],
          [
            [
              -79.413019,
              43.766578
            ],
            [
              -79.4125,
              43.76665
            ],
            [
              -79.41221,
              43.76664
            ],
            [
              -79.4121,
              43.76619
            ],
            [
              -79.41205,
              43.766
            ],
            [
              -79.41197,
              43.76567
            ],
            [
              -79.41188,
              43.76528
            ],
            [
              -79.41176,
              43.76481
            ],
            [
              -79.41172,
              43.76463
            ],
            [
              -79.4117,
              43.76456
            ],
            [
              -79.41165,
              43.76434
            ],
            [
              -79.41154,
              43.76396
            ],
            [
              -79.41136,
              43.76329
            ],
            [
              -79.41128,
              43.76297
            ],
            [
              -79.41119,
              43.76263
            ],
            [
              -79.41112,
              43.76235
            ],
            [
              -79.41103,
              43.76199
            ],
            [
              -79.41093,
              43.76153
            ],
            [
              -79.41038,
              43.76164
            ],
            [
              -79.40999,
              43.76173
            ],
            [
              -79.40965,
              43.76181
            ],
            [
              -79.40906,
              43.76194
            ],
            [
              -79.40876,
              43.76201
            ],
            [
              -79.40825,
              43.76213
            ],
            [
              -79.40806,
              43.76218
            ],
            [
              -79.40795,
              43.76221
            ],
            [
              -79.40781,
              43.76224
            ],
            [
              -79.40716,
              43.76237
            ],
            [
              -79.4064,
              43.76252
            ],
            [
              -79.40619,
              43.76257
            ],
            [
              -79.40598,
              43.76261
            ],
            [
              -79.40567,
              43.76268
            ],
            [
              -79.40531,
              43.76275
            ],
            [
              -79.40473,
              43.76286
            ],
            [
              -79.40431,
              43.76296
            ],
            [
              -79.40396,
              43.76305
            ],
            [
              -79.40346,
              43.76317
            ],
            [
              -79.40292,
              43.76329
            ],
            [
              -79.4023,
              43.76343
            ],
            [
              -79.40184,
              43.76353
            ],
            [
              -79.4013,
              43.76365
            ],
            [
              -79.40063,
              43.76379
            ],
            [
              -79.40029,
              43.76387
            ],
            [
              -79.3997,
              43.764
            ],
            [
              -79.39901,
              43.76413
            ],
            [
              -79.39876,
              43.76419
            ],
            [
              -79.39861,
              43.76423
            ],
            [
              -79.39849,
              43.76426
            ],
            [
              -79.39827,
              43.76431
            ],
            [
              -79.39769,
              43.76444
            ],
            [
              -79.39703,
              43.76458
            ],
            [
              -79.39674,
              43.76465
            ],
            [
              -79.3965,
              43.7647
            ],
            [
              -79.396,
              43.76481
            ],
            [
              -79.39565,
              43.76489
            ],
            [
              -79.3952,
              43.76499
            ],
            [
              -79.39463,
              43.76512
            ],
            [
              -79.39411,
              43.76523
            ],
            [
              -79.39393,
              43.76527
            ],
            [
              -79.39351,
              43.76536
            ],
            [
              -79.39328,
              43.76541
            ],
            [
              -79.39314,
              43.76544
            ],
            [
              -79.39272,
              43.76553
            ],
            [
              -79.39228,
              43.76563
            ],
            [
              -79.39201,
              43.76569
            ],
            [
              -79.39162,
              43.76577
            ],
            [
              -79.39141,
              43.76582
            ],
            [
              -79.39122,
              43.76587
            ],
            [
              -79.39107,
              43.7659
            ],
            [
              -79.39083,
              43.76596
            ],
            [
              -79.39061,
              43.76601
            ],
            [
              -79.39021,
              43.7661
            ],
            [
              -79.39002,
              43.76614
            ],
            [
              -79.3897,
              43.76622
            ],
            [
              -79.38924,
              43.76632
            ],
            [
              -79.38899,
              43.76637
            ],
            [
              -79.38876,
              43.76643
            ],
            [
              -79.38847,
              43.7665
            ],
            [
              -79.38801,
              43.76663
            ],
            [
              -79.38743,
              43.76685
            ],
            [
              -79.38725,
              43.76691
            ],
            [
              -79.38661,
              43.76708
            ],
            [
              -79.38616,
              43.76719
            ],
            [
              -79.3858,
              43.76727
            ],
            [
              -79.38556,
              43.76733
            ],
            [
              -79.38533,
              43.76738
            ],
            [
              -79.38499,
              43.76745
            ],
            [
              -79.38513,
              43.76772
            ],
            [
              -79.38536,
              43.76825
            ],
            [
              -79.384194,
              43.7685
            ]
          ],
          [
            [
              -79.384194,
              43.7685
            ],
            [
              -79.3834,
              43.76867
            ],
            [
              -79.38316,
              43.76783
            ],
            [
              -79.38253,
              43.76796
            ],
            [
              -79.38209,
              43.76805
            ],
            [
              -79.38118,
              43.76824
            ],
            [
              -79.38071,
              43.76834
            ],
            [
              -79.38036,
              43.76842
            ],
            [
              -79.37999,
              43.76849
            ],
            [
              -79.37986,
              43.76852
            ],
            [
              -79.37968,
              43.76856
            ],
            [
              -79.3794,
              43.76862
            ],
            [
              -79.37931,
              43.76864
            ],
            [
              -79.37905,
              43.7687
            ],
            [
              -79.37832,
              43.76885
            ],
            [
              -79.37815,
              43.76889
            ],
            [
              -79.37784,
              43.76895
            ],
            [
              -79.37756,
              43.76901
            ],
            [
              -79.37703,
              43.76913
            ],
            [
              -79.37661,
              43.76922
            ],
            [
              -79.37651,
              43.76924
            ],
            [
              -79.37635,
              43.76928
            ],
            [
              -79.37608,
              43.76934
            ],
            [
              -79.37569,
              43.76942
            ],
            [
              -79.37544,
              43.76947
            ],
            [
              -79.37534,
              43.76949
            ],
            [
              -79.37498,
              43.76957
            ],
            [
              -79.37467,
              43.76964
            ],
            [
              -79.37419,
              43.76974
            ],
            [
              -79.37368,
              43.76985
            ],
            [
              -79.37286,
              43.77002
            ],
            [
              -79.37252,
              43.77009
            ],
            [
              -79.37238,
              43.77012
            ],
            [
              -79.37183,
              43.77024
            ],
            [
              -79.37128,
              43.77036
            ],
            [
              -79.37114,
              43.77035
            ],
            [
              -79.37096,
              43.77036
            ],
            [
              -79.36824,
              43.77095
            ],
            [
              -79.36777,
              43.77105
            ],
            [
              -79.36722,
              43.77117
            ],
            [
              -79.36688,
              43.77124
            ],
            [
              -79.36648,
              43.77131
            ],
            [
              -79.36581,
              43.77139
            ],
            [
              -79.36556,
              43.77141
            ],
            [
              -79.3651,
              43.77146
            ],
            [
              -79.36471,
              43.77152
            ],
            [
              -79.36458,
              43.77154
            ],
            [
              -79.36435,
              43.77158
            ],
            [
              -79.36417,
              43.77166
            ],
            [
              -79.36415,
              43.77209
            ],
            [
              -79.36415,
              43.77231
            ],
            [
              -79.36418,
              43.77252
            ],
            [
              -79.3643,
              43.77316
            ],
            [
              -79.36446,
              43.77404
            ],
            [
              -79.36456,
              43.77451
            ],
            [
              -79.36463,
              43.77486
            ],
            [
              -79.36473,
              43.77536
            ],
            [
              -79.36478,
              43.77563
            ],
            [
              -79.36481,
              43.7758
            ],
            [
              -79.36487,
              43.77615
            ],
            [
              -79.36498,
              43.7767
            ],
            [
              -79.36512,
              43.77746
            ],
            [
              -79.36531,
              43.7783
            ],
            [
              -79.36535,
              43.77847
            ],
            [
              -79.36539,
              43.77863
            ],
            [
              -79.36542,
              43.77874
            ],
            [
              -79.36549,
              43.77899
            ],
            [
              -79.36556,
              43.77924
            ],
            [
              -79.36558,
              43.77938
            ],
            [
              -79.36559,
              43.77943
            ],
            [
              -79.3657,
              43.78003
            ],
            [
              -79.36579,
              43.78041
            ],
            [
              -79.36586,
              43.78075
            ],
            [
              -79.36605,
              43.78159
            ],
            [
              -79.36612,
              43.7819
            ],
            [
              -79.36618,
              43.78215
            ],
            [
              -79.36641,
              43.78312
            ],
            [
              -79.36655,
              43.78372
            ],
            [
              -79.36668,
              43.78428
            ],
            [
              -79.36675,
              43.78459
            ],
            [
              -79.36689,
              43.78519
            ],
            [
              -79.36694,
              43.7854
            ],
            [
              -79.36699,
              43.78562
            ],
            [
              -79.36731,
              43.78702
            ],
            [
              -79.36738,
              43.78733
            ],
            [
              -79.36746,
              43.78767
            ],
            [
              -79.36752,
              43.78793
            ],
            [
              -79.36762,
              43.78835
            ],
            [
              -79.36778,
              43.78901
            ],
            [
              -79.36786,
              43.78934
            ],
            [
              -79.36793,
              43.78963
            ],
            [
              -79.36804,
              43.79007
            ],
            [
              -79.36812,
              43.79044
            ],
            [
              -79.36822,
              43.79085
            ],
            [
              -79.36829,
              43.79114
            ],
            [
              -79.36835,
              43.79139
            ],
            [
              -79.36839,
              43.79157
            ],
            [
              -79.36845,
              43.79184
            ],
            [
              -79.3685,
              43.79207
            ],
            [
              -79.36857,
              43.79237
            ],
            [
              -79.36868,
              43.79288
            ],
            [
              -79.36876,
              43.79325
            ],
            [
              -79.36883,
              43.79355
            ],
            [
              -79.36892,
              43.79394
            ],
            [
              -79.36896,
              43.7941
            ],
            [
              -79.36899,
              43.79423
            ],
            [
              -79.36904,
              43.79444
            ],
            [
              -79.36911,
              43.79474
            ],
            [
              -79.36918,
              43.79503
            ],
            [
              -79.36925,
              43.79534
            ],
            [
              -79.3694,
              43.79598
            ],
            [
              -79.369428,
              43.796107
            ]
          ],
          [
            [
              -79.369428,
              43.796107
            ],
            [
              -79.36952,
              43.79653
            ],
            [
              -79.3696,
              43.79687
            ],
            [
              -79.36964,
              43.79703
            ],
            [
              -79.3697,
              43.79727
            ],
            [
              -79.36975,
              43.79746
            ],
            [
              -79.36978,
              43.79757
            ],
            [
              -79.36981,
              43.79772
            ],
            [
              -79.36986,
              43.79791
            ],
            [
              -79.36991,
              43.7981
            ],
            [
              -79.36999,
              43.7984
            ],
            [
              -79.37007,
              43.79872
            ],
            [
              -79.37012,
              43.79893
            ],
            [
              -79.37017,
              43.79912
            ],
            [
              -79.37024,
              43.7994
            ],
            [
              -79.3703,
              43.79964
            ],
            [
              -79.37034,
              43.79981
            ],
            [
              -79.37042,
              43.80012
            ],
            [
              -79.37051,
              43.80047
            ],
            [
              -79.3706,
              43.80082
            ],
            [
              -79.37072,
              43.8013
            ],
            [
              -79.37081,
              43.80168
            ],
            [
              -79.37089,
              43.80201
            ],
            [
              -79.37095,
              43.80226
            ],
            [
              -79.37116,
              43.80315
            ],
            [
              -79.3713,
              43.80372
            ],
            [
              -79.37139,
              43.80409
            ],
            [
              -79.37151,
              43.80457
            ],
            [
              -79.37158,
              43.80485
            ],
            [
              -79.37161,
              43.80497
            ],
            [
              -79.37166,
              43.80517
            ],
            [
              -79.37196,
              43.80637
            ],
            [
              -79.372,
              43.80654
            ],
            [
              -79.37205,
              43.80674
            ],
            [
              -79.37209,
              43.80691
            ],
            [
              -79.37215,
              43.80715
            ],
            [
              -79.37237,
              43.80805
            ],
            [
              -79.3725,
              43.80848
            ],
            [
              -79.37271,
              43.808436
            ]
          ],
          [
            [
              -79.37271,
              43.808436
            ],
            [
              -79.3725,
              43.80848
            ],
            [
              -79.37221,
              43.80855
            ],
            [
              -79.37139,
              43.80874
            ],
            [
              -79.37106,
              43.80882
            ],
            [
              -79.37074,
              43.8089
            ],
            [
              -79.37046,
              43.80897
            ],
            [
              -79.37011,
              43.80906
            ],
            [
              -79.36975,
              43.80915
            ],
            [
              -79.36934,
              43.80925
            ],
            [
              -79.36813,
              43.80953
            ],
            [
              -79.36777,
              43.80961
            ],
            [
              -79.36732,
              43.80971
            ],
            [
              -79.36667,
              43.80986
            ],
            [
              -79.36628,
              43.80995
            ],
            [
              -79.36594,
              43.81003
            ],
            [
              -79.36525,
              43.81019
            ],
            [
              -79.36489,
              43.81027
            ],
            [
              -79.36454,
              43.81035
            ],
            [
              -79.36271,
              43.81076
            ],
            [
              -79.36212,
              43.81089
            ],
            [
              -79.3618,
              43.81096
            ],
            [
              -79.3614,
              43.81105
            ],
            [
              -79.3608,
              43.81119
            ],
            [
              -79.36059,
              43.81119
            ],
            [
              -79.36045,
              43.81121
            ],
            [
              -79.35971,
              43.81137
            ],
            [
              -79.3593,
              43.81146
            ],
            [
              -79.3587,
              43.8116
            ],
            [
              -79.35816,
              43.81172
            ],
            [
              -79.35754,
              43.81186
            ],
            [
              -79.35695,
              43.812
            ],
            [
              -79.35682,
              43.81203
            ],
            [
              -79.35511,
              43.81242
            ],
            [
              -79.35493,
              43.81246
            ],
            [
              -79.3531,
              43.81287
            ],
            [
              -79.35283,
              43.81293
            ],
            [
              -79.35139,
              43.81325
            ],
            [
              -79.3506,
              43.81343
            ],
            [
              -79.35007,
              43.81355
            ],
            [
              -79.34903,
              43.81379
            ],
            [
              -79.3487,
              43.81389
            ],
            [
              -79.34857,
              43.81396
            ],
            [
              -79.34804,
              43.81408
            ],
            [
              -79.34758,
              43.81418
            ],
            [
              -79.34718,
              43.81427
            ],
            [
              -79.34641,
              43.81443
            ],
            [
              -79.34605,
              43.81451
            ],
            [
              -79.34576,
              43.81458
            ],
            [
              -79.34524,
              43.81469
            ],
            [
              -79.34516,
              43.81471
            ],
            [
              -79.34485,
              43.81478
            ],
            [
              -79.34448,
              43.81487
            ],
            [
              -79.344,
              43.81499
            ],
            [
              -79.34334,
              43.81515
            ],
            [
              -79.34286,
              43.81527
            ],
            [
              -79.34255,
              43.81535
            ],
            [
              -79.34245,
              43.81537
            ],
            [
              -79.34189,
              43.81552
            ],
            [
              -79.34135,
              43.81567
            ],
            [
              -79.34057,
              43.81588
            ],
            [
              -79.34018,
              43.81598
            ],
            [
              -79.33926,
              43.81621
            ],
            [
              -79.33773,
              43.81657
            ],
            [
              -79.33722,
              43.81669
            ],
            [
              -79.33646,
              43.81687
            ],
            [
              -79.33544,
              43.8171
            ],
            [
              -79.33438,
              43.81734
            ],
            [
              -79.33292,
              43.81769
            ],
            [
              -79.33211,
              43.8179
            ],
            [
              -79.33161,
              43.81802
            ],
            [
              -79.3312,
              43.81812
            ],
            [
              -79.33084,
              43.8182
            ],
            [
              -79.33072,
              43.81823
            ],
            [
              -79.32982,
              43.81843
            ],
            [
              -79.3293,
              43.81855
            ],
            [
              -79.32835,
              43.81876
            ],
            [
              -79.32776,
              43.81889
            ],
            [
              -79.3273,
              43.81899
            ],
            [
              -79.32663,
              43.81915
            ],
            [
              -79.32578,
              43.81934
            ],
            [
              -79.32543,
              43.81942
            ],
            [
              -79.32473,
              43.81959
            ],
            [
              -79.32446,
              43.81965
            ],
            [
              -79.32436,
              43.81925
            ],
            [
              -79.3243,
              43.81902
            ],
            [
              -79.32425,
              43.81869
            ],
            [
              -79.32423,
              43.8185
            ],
            [
              -79.32425,
              43.81809
            ],
            [
              -79.32428,
              43.81782
            ],
            [
              -79.32448,
              43.81663
            ],
            [
              -79.32454,
              43.81621
            ],
            [
              -79.32371,
              43.81622
            ],
            [
              -79.32334,
              43.81622
            ],
            [
              -79.32294,
              43.81619
            ],
            [
              -79.32257,
              43.81614
            ],
            [
              -79.322461,
              43.816273
            ]
          ],
          [
            [
              -79.322461,
              43.816273
            ],
            [
              -79.32257,
              43.81614
            ],
            [
              -79.32294,
              43.81619
            ],
            [
              -79.32334,
              43.81622
            ],
            [
              -79.32371,
              43.81622
            ],
            [
              -79.32454,
              43.81621
            ],
            [
              -79.32448,
              43.81663
            ],
            [
              -79.32428,
              43.81782
            ],
            [
              -79.32425,
              43.81809
            ],
            [
              -79.32423,
              43.8185
            ],
            [
              -79.32425,
              43.81869
            ],
            [
              -79.3243,
              43.81902
            ],
            [
              -79.32436,
              43.81925
            ],
            [
              -79.32446,
              43.81965
            ],
            [
              -79.32365,
              43.81983
            ],
            [
              -79.32291,
              43.82001
            ],
            [
              -79.32233,
              43.82014
            ],
            [
              -79.32192,
              43.82024
            ],
            [
              -79.32094,
              43.82047
            ],
            [
              -79.32042,
              43.82059
            ],
            [
              -79.31981,
              43.82074
            ],
            [
              -79.31763,
              43.82122
            ],
            [
              -79.31691,
              43.82138
            ],
            [
              -79.31607,
              43.82159
            ],
            [
              -79.31566,
              43.82169
            ],
            [
              -79.31522,
              43.8218
            ],
            [
              -79.31404,
              43.82207
            ],
            [
              -79.31366,
              43.82216
            ],
            [
              -79.3132,
              43.82227
            ],
            [
              -79.31287,
              43.82234
            ],
            [
              -79.31271,
              43.82238
            ],
            [
              -79.31225,
              43.82249
            ],
            [
              -79.31172,
              43.82261
            ],
            [
              -79.31087,
              43.82281
            ],
            [
              -79.31049,
              43.8229
            ],
            [
              -79.3102,
              43.82297
            ],
            [
              -79.31,
              43.82302
            ],
            [
              -79.3088,
              43.82329
            ],
            [
              -79.30834,
              43.8234
            ],
            [
              -79.30796,
              43.82349
            ],
            [
              -79.3077,
              43.82355
            ],
            [
              -79.30709,
              43.82369
            ],
            [
              -79.30639,
              43.82384
            ],
            [
              -79.30625,
              43.82387
            ],
            [
              -79.3057,
              43.82403
            ],
            [
              -79.3051,
              43.82419
            ],
            [
              -79.30466,
              43.82427
            ],
            [
              -79.30442,
              43.82433
            ],
            [
              -79.30414,
              43.82441
            ],
            [
              -79.30387,
              43.82447
            ],
            [
              -79.30356,
              43.82453
            ],
            [
              -79.30321,
              43.82461
            ],
            [
              -79.30227,
              43.82482
            ],
            [
              -79.30155,
              43.82501
            ],
            [
              -79.30103,
              43.82514
            ],
            [
              -79.30011,
              43.82535
            ],
            [
              -79.29925,
              43.82551
            ],
            [
              -79.29902,
              43.82553
            ],
            [
              -79.29874,
              43.8256
            ],
            [
              -79.29829,
              43.82571
            ],
            [
              -79.29819,
              43.82574
            ],
            [
              -79.29786,
              43.82582
            ],
            [
              -79.29731,
              43.82596
            ],
            [
              -79.29681,
              43.82607
            ],
            [
              -79.29638,
              43.82617
            ],
            [
              -79.29519,
              43.82645
            ],
            [
              -79.29381,
              43.82676
            ],
            [
              -79.29306,
              43.82693
            ],
            [
              -79.2928,
              43.82699
            ],
            [
              -79.29248,
              43.82706
            ],
            [
              -79.29174,
              43.82723
            ],
            [
              -79.29127,
              43.82734
            ],
            [
              -79.29079,
              43.82745
            ],
            [
              -79.28975,
              43.82769
            ],
            [
              -79.28897,
              43.82788
            ],
            [
              -79.28827,
              43.82804
            ],
            [
              -79.28792,
              43.82813
            ],
            [
              -79.28766,
              43.82819
            ],
            [
              -79.28722,
              43.82829
            ],
            [
              -79.28655,
              43.82843
            ],
            [
              -79.28588,
              43.82858
            ],
            [
              -79.28347,
              43.82913
            ],
            [
              -79.28274,
              43.8293
            ],
            [
              -79.28129,
              43.82963
            ],
            [
              -79.28093,
              43.82971
            ],
            [
              -79.28041,
              43.82982
            ],
            [
              -79.27982,
              43.82996
            ],
            [
              -79.27936,
              43.83007
            ],
            [
              -79.27756,
              43.83047
            ],
            [
              -79.27652,
              43.83072
            ],
            [
              -79.27608,
              43.83082
            ],
            [
              -79.27588,
              43.83087
            ],
            [
              -79.27523,
              43.83103
            ],
            [
              -79.27512,
              43.83063
            ],
            [
              -79.27509,
              43.8305
            ],
            [
              -79.27506,
              43.83037
            ],
            [
              -79.275,
              43.83004
            ],
            [
              -79.27499,
              43.82983
            ],
            [
              -79.275,
              43.82973
            ],
            [
              -79.27502,
              43.82945
            ],
            [
              -79.27508,
              43.82922
            ],
            [
              -79.2752,
              43.8289
            ],
            [
              -79.27538,
              43.82853
            ],
            [
              -79.27557,
              43.82816
            ],
            [
              -79.27576,
              43.82776
            ],
            [
              -79.27583,
              43.82758
            ],
            [
              -79.2759,
              43.8273
            ],
            [
              -79.27594,
              43.82688
            ],
            [
              -79.27591,
              43.82672
            ],
            [
              -79.27583,
              43.82654
            ],
            [
              -79.27571,
              43.82626
            ],
            [
              -79.27559,
              43.82603
            ],
            [
              -79.27534,
              43.82552
            ],
            [
              -79.27577,
              43.82543
            ],
            [
              -79.27593,
              43.8254
            ],
            [
              -79.27615,
              43.82534
            ],
            [
              -79.276269,
              43.825609
            ]
          ],
          [
            [
              -79.276269,
              43.825609
            ],
            [
              -79.27638,
              43.82586
            ],
            [
              -79.27615,
              43.8259
            ],
            [
              -79.27595,
              43.82595
            ],
            [
              -79.27559,
              43.82603
            ],
            [
              -79.27534,
              43.82552
            ],
            [
              -79.27519,
              43.82522
            ],
            [
              -79.27515,
              43.82514
            ],
            [
              -79.27504,
              43.82489
            ],
            [
              -79.27472,
              43.82418
            ],
            [
              -79.27413,
              43.82285
            ],
            [
              -79.27398,
              43.82249
            ],
            [
              -79.27383,
              43.82214
            ],
            [
              -79.27327,
              43.82091
            ],
            [
              -79.27254,
              43.81926
            ],
            [
              -79.27213,
              43.81827
            ],
            [
              -79.27198,
              43.81793
            ],
            [
              -79.27182,
              43.81762
            ],
            [
              -79.27163,
              43.81718
            ],
            [
              -79.27147,
              43.81683
            ],
            [
              -79.27132,
              43.81649
            ],
            [
              -79.27085,
              43.81546
            ],
            [
              -79.27073,
              43.81518
            ],
            [
              -79.27048,
              43.81462
            ],
            [
              -79.2703,
              43.81421
            ],
            [
              -79.27015,
              43.81387
            ],
            [
              -79.27007,
              43.81368
            ],
            [
              -79.26935,
              43.81205
            ],
            [
              -79.26918,
              43.81166
            ],
            [
              -79.26842,
              43.81181
            ],
            [
              -79.26799,
              43.81183
            ],
            [
              -79.26776,
              43.8118
            ],
            [
              -79.26745,
              43.81172
            ],
            [
              -79.26674,
              43.81143
            ],
            [
              -79.26598,
              43.81104
            ],
            [
              -79.26572,
              43.81091
            ],
            [
              -79.26549,
              43.8108
            ],
            [
              -79.26499,
              43.81056
            ],
            [
              -79.26554,
              43.80998
            ],
            [
              -79.26563,
              43.80997
            ],
            [
              -79.26569,
              43.80992
            ],
            [
              -79.26571,
              43.80986
            ],
            [
              -79.26569,
              43.8098
            ],
            [
              -79.26584,
              43.80978
            ],
            [
              -79.26581,
              43.80967
            ],
            [
              -79.26592,
              43.80957
            ],
            [
              -79.26595,
              43.80951
            ],
            [
              -79.26595,
              43.80943
            ],
            [
              -79.26606,
              43.80934
            ]
          ],
          [
            [
              -79.26606,
              43.80934
            ],
            [
              -79.26595,
              43.80943
            ],
            [
              -79.26595,
              43.80951
            ],
            [
              -79.26592,
              43.80957
            ],
            [
              -79.26581,
              43.80967
            ],
            [
              -79.26584,
              43.80978
            ],
            [
              -79.26569,
              43.8098
            ],
            [
              -79.26563,
              43.80975
            ],
            [
              -79.26554,
              43.80974
            ],
            [
              -79.26545,
              43.80975
            ],
            [
              -79.26539,
              43.8098
            ],
            [
              -79.26537,
              43.80986
            ],
            [
              -79.26539,
              43.80992
            ],
            [
              -79.26545,
              43.80997
            ],
            [
              -79.26554,
              43.80998
            ],
            [
              -79.26499,
              43.81056
            ],
            [
              -79.26419,
              43.81017
            ],
            [
              -79.26407,
              43.81012
            ],
            [
              -79.26364,
              43.80989
            ],
            [
              -79.26342,
              43.80977
            ],
            [
              -79.26331,
              43.80968
            ],
            [
              -79.26305,
              43.80946
            ],
            [
              -79.26297,
              43.80924
            ],
            [
              -79.26285,
              43.80904
            ],
            [
              -79.26277,
              43.80884
            ],
            [
              -79.26211,
              43.80898
            ],
            [
              -79.25969,
              43.80949
            ],
            [
              -79.25857,
              43.80974
            ],
            [
              -79.25819,
              43.80982
            ],
            [
              -79.25771,
              43.80993
            ],
            [
              -79.25706,
              43.81004
            ],
            [
              -79.25665,
              43.81011
            ],
            [
              -79.25628,
              43.81017
            ],
            [
              -79.25582,
              43.81026
            ],
            [
              -79.25558,
              43.8103
            ],
            [
              -79.25488,
              43.81044
            ],
            [
              -79.25459,
              43.8105
            ],
            [
              -79.25349,
              43.81075
            ],
            [
              -79.25292,
              43.81088
            ],
            [
              -79.25221,
              43.81102
            ],
            [
              -79.25157,
              43.81115
            ],
            [
              -79.25098,
              43.81127
            ],
            [
              -79.25065,
              43.81134
            ],
            [
              -79.24953,
              43.81159
            ],
            [
              -79.24908,
              43.81168
            ],
            [
              -79.24781,
              43.81194
            ],
            [
              -79.24644,
              43.81223
            ],
            [
              -79.24538,
              43.81245
            ],
            [
              -79.24408,
              43.81275
            ],
            [
              -79.2439,
              43.81279
            ],
            [
              -79.24376,
              43.81282
            ],
            [
              -79.24318,
              43.81299
            ],
            [
              -79.24302,
              43.81258
            ],
            [
              -79.24294,
              43.81233
            ],
            [
              -79.24289,
              43.81207
            ],
            [
              -79.24288,
              43.81197
            ],
            [
              -79.24288,
              43.81157
            ],
            [
              -79.24291,
              43.81123
            ],
            [
              -79.24296,
              43.81097
            ],
            [
              -79.24301,
              43.81079
            ],
            [
              -79.24321,
              43.81022
            ],
            [
              -79.24337,
              43.80981
            ],
            [
              -79.24346,
              43.80955
            ],
            [
              -79.24352,
              43.8094
            ],
            [
              -79.24371,
              43.8089
            ],
            [
              -79.24385,
              43.8085
            ],
            [
              -79.24394,
              43.80816
            ],
            [
              -79.24402,
              43.80768
            ],
            [
              -79.24404,
              43.8074
            ],
            [
              -79.24404,
              43.80721
            ],
            [
              -79.24402,
              43.80691
            ],
            [
              -79.24399,
              43.8067
            ],
            [
              -79.24394,
              43.80641
            ],
            [
              -79.24389,
              43.80621
            ],
            [
              -79.24377,
              43.80583
            ],
            [
              -79.24355,
              43.80533
            ],
            [
              -79.24297,
              43.80409
            ],
            [
              -79.24248,
              43.80309
            ],
            [
              -79.24225,
              43.80256
            ],
            [
              -79.24221,
              43.80244
            ],
            [
              -79.24214,
              43.80226
            ],
            [
              -79.24198,
              43.80178
            ],
            [
              -79.24153,
              43.79996
            ],
            [
              -79.24138,
              43.79935
            ],
            [
              -79.24125,
              43.79881
            ],
            [
              -79.24116,
              43.79852
            ],
            [
              -79.24109,
              43.79832
            ],
            [
              -79.24087,
              43.79776
            ],
            [
              -79.24059,
              43.79708
            ],
            [
              -79.24039,
              43.7966
            ],
            [
              -79.24032,
              43.79646
            ],
            [
              -79.2401,
              43.7962
            ],
            [
              -79.2399,
              43.79572
            ],
            [
              -79.23983,
              43.79557
            ],
            [
              -79.23968,
              43.79521
            ],
            [
              -79.23953,
              43.79492
            ],
            [
              -79.23945,
              43.79479
            ],
            [
              -79.23919,
              43.79443
            ],
            [
              -79.23876,
              43.79388
            ],
            [
              -79.23799,
              43.79404
            ],
            [
              -79.2362,
              43.7944
            ],
            [
              -79.23569,
              43.7945
            ],
            [
              -79.23541,
              43.79456
            ],
            [
              -79.23498,
              43.79466
            ],
            [
              -79.23446,
              43.79476
            ],
            [
              -79.23407,
              43.79484
            ],
            [
              -79.233466,
              43.794961
            ]
          ],
          [
            [
              -79.233466,
              43.794961
            ],
            [
              -79.23292,
              43.79507
            ],
            [
              -79.23284,
              43.79509
            ],
            [
              -79.23231,
              43.7952
            ],
            [
              -79.2313,
              43.7954
            ],
            [
              -79.23095,
              43.79547
            ],
            [
              -79.23032,
              43.7956
            ],
            [
              -79.22993,
              43.79568
            ],
            [
              -79.22985,
              43.7957
            ],
            [
              -79.2292,
              43.79583
            ],
            [
              -79.22889,
              43.79589
            ],
            [
              -79.22855,
              43.79596
            ],
            [
              -79.2282,
              43.79603
            ],
            [
              -79.22754,
              43.79616
            ],
            [
              -79.22664,
              43.79633
            ],
            [
              -79.22629,
              43.7964
            ],
            [
              -79.22591,
              43.79647
            ],
            [
              -79.22448,
              43.79674
            ],
            [
              -79.22325,
              43.79699
            ],
            [
              -79.22178,
              43.79728
            ],
            [
              -79.22014,
              43.7976
            ],
            [
              -79.21846,
              43.79794
            ],
            [
              -79.21823,
              43.79799
            ],
            [
              -79.21771,
              43.79811
            ],
            [
              -79.21755,
              43.79815
            ],
            [
              -79.21773,
              43.79852
            ],
            [
              -79.21807,
              43.79932
            ],
            [
              -79.21818,
              43.79962
            ],
            [
              -79.21825,
              43.79989
            ],
            [
              -79.21828,
              43.8001
            ],
            [
              -79.21829,
              43.80028
            ],
            [
              -79.21826,
              43.80067
            ],
            [
              -79.21817,
              43.80105
            ],
            [
              -79.21804,
              43.80138
            ],
            [
              -79.21788,
              43.80171
            ],
            [
              -79.21769,
              43.80208
            ],
            [
              -79.21733,
              43.80279
            ],
            [
              -79.21726,
              43.80296
            ],
            [
              -79.21721,
              43.80312
            ],
            [
              -79.21714,
              43.80344
            ],
            [
              -79.21711,
              43.80378
            ],
            [
              -79.21712,
              43.80396
            ],
            [
              -79.21716,
              43.80428
            ],
            [
              -79.21721,
              43.8045
            ],
            [
              -79.21729,
              43.80476
            ],
            [
              -79.21744,
              43.80508
            ],
            [
              -79.21756,
              43.80527
            ],
            [
              -79.21771,
              43.80548
            ],
            [
              -79.21811,
              43.80599
            ],
            [
              -79.21831,
              43.80624
            ],
            [
              -79.21844,
              43.8064
            ],
            [
              -79.21857,
              43.80657
            ],
            [
              -79.2183,
              43.8067
            ],
            [
              -79.21787,
              43.80687
            ],
            [
              -79.21756,
              43.80699
            ],
            [
              -79.21718,
              43.80714
            ],
            [
              -79.21693,
              43.80724
            ],
            [
              -79.2163,
              43.8075
            ],
            [
              -79.21612,
              43.80757
            ],
            [
              -79.21623,
              43.80769
            ],
            [
              -79.216279,
              43.807728
            ]
          ]
        ]
      }
    },
    {
      "type": "Feature",
      "properties": {
        "felt_featu": 1,
        "name": "Route Six",
        "felt_color": "#E8B500",
        "felt_hasLo": "F",
        "felt_id": "nnusDCY9CQLujQQhD2CKPHA",
        "felt_locke": "F",
        "felt_order": 1772808041757587,
        "felt_radiu": 90,
        "felt_route": "DRIVING",
        "felt_showE": "F",
        "felt_showL": "F",
        "felt_strok": 1,
        "felt_str_1": "solid",
        "felt_str_2": 4,
        "felt_type": "Path",
        "felt_width": 1,
        "source_file": "Route-Six"
      },
      "geometry": {
        "type": "MultiLineString",
        "coordinates": [
          [
            [
              -79.491091,
              43.665507
            ],
            [
              -79.49117,
              43.6657
            ],
            [
              -79.49043,
              43.66568
            ],
            [
              -79.49007,
              43.66567
            ],
            [
              -79.48992,
              43.66567
            ],
            [
              -79.48958,
              43.66566
            ],
            [
              -79.48948,
              43.66566
            ],
            [
              -79.48914,
              43.66565
            ],
            [
              -79.48891,
              43.66565
            ],
            [
              -79.48853,
              43.66564
            ],
            [
              -79.48823,
              43.66564
            ],
            [
              -79.48778,
              43.66564
            ],
            [
              -79.48718,
              43.66563
            ],
            [
              -79.48692,
              43.66563
            ],
            [
              -79.48676,
              43.66563
            ],
            [
              -79.48641,
              43.66562
            ],
            [
              -79.48586,
              43.66562
            ],
            [
              -79.48576,
              43.66562
            ],
            [
              -79.48521,
              43.66561
            ],
            [
              -79.48482,
              43.66561
            ],
            [
              -79.48429,
              43.66561
            ],
            [
              -79.48357,
              43.6656
            ],
            [
              -79.48303,
              43.66559
            ],
            [
              -79.48275,
              43.66559
            ],
            [
              -79.48254,
              43.66559
            ],
            [
              -79.48248,
              43.66559
            ],
            [
              -79.48208,
              43.66558
            ],
            [
              -79.48178,
              43.66558
            ],
            [
              -79.48075,
              43.66557
            ],
            [
              -79.48063,
              43.66557
            ],
            [
              -79.47921,
              43.66557
            ],
            [
              -79.47896,
              43.66556
            ],
            [
              -79.47677,
              43.66554
            ],
            [
              -79.47602,
              43.66554
            ],
            [
              -79.47578,
              43.66554
            ],
            [
              -79.47513,
              43.66553
            ],
            [
              -79.47495,
              43.66553
            ],
            [
              -79.47451,
              43.66553
            ],
            [
              -79.47362,
              43.66551
            ],
            [
              -79.47328,
              43.66551
            ],
            [
              -79.47217,
              43.6655
            ],
            [
              -79.47108,
              43.66549
            ],
            [
              -79.47038,
              43.66549
            ],
            [
              -79.47021,
              43.66509
            ],
            [
              -79.46962,
              43.66365
            ],
            [
              -79.46924,
              43.66286
            ]
          ],
          [
            [
              -79.46924,
              43.66286
            ],
            [
              -79.46819,
              43.66311
            ],
            [
              -79.46764,
              43.66324
            ],
            [
              -79.46696,
              43.66338
            ],
            [
              -79.4664,
              43.66351
            ],
            [
              -79.46608,
              43.66356
            ],
            [
              -79.46559,
              43.66368
            ],
            [
              -79.46521,
              43.66377
            ],
            [
              -79.46504,
              43.6638
            ],
            [
              -79.46478,
              43.66382
            ],
            [
              -79.46466,
              43.66381
            ],
            [
              -79.46451,
              43.66379
            ],
            [
              -79.46378,
              43.66363
            ],
            [
              -79.46323,
              43.66353
            ],
            [
              -79.46294,
              43.66347
            ],
            [
              -79.46268,
              43.66344
            ],
            [
              -79.46234,
              43.66348
            ],
            [
              -79.46195,
              43.66357
            ],
            [
              -79.46166,
              43.66364
            ],
            [
              -79.46115,
              43.66376
            ],
            [
              -79.46059,
              43.66391
            ],
            [
              -79.46043,
              43.66394
            ],
            [
              -79.46028,
              43.66396
            ],
            [
              -79.46001,
              43.66401
            ],
            [
              -79.45955,
              43.66408
            ],
            [
              -79.45949,
              43.66411
            ],
            [
              -79.45934,
              43.66419
            ],
            [
              -79.45913,
              43.6643
            ],
            [
              -79.45881,
              43.66446
            ],
            [
              -79.45843,
              43.66444
            ],
            [
              -79.45824,
              43.66441
            ],
            [
              -79.45803,
              43.66436
            ],
            [
              -79.45782,
              43.66431
            ],
            [
              -79.45774,
              43.66431
            ],
            [
              -79.45763,
              43.66433
            ],
            [
              -79.45729,
              43.6644
            ],
            [
              -79.45697,
              43.66448
            ],
            [
              -79.45675,
              43.66453
            ],
            [
              -79.45658,
              43.66457
            ],
            [
              -79.45614,
              43.66466
            ],
            [
              -79.45602,
              43.66469
            ],
            [
              -79.45593,
              43.66472
            ],
            [
              -79.45548,
              43.66486
            ],
            [
              -79.45526,
              43.66491
            ],
            [
              -79.45505,
              43.66495
            ],
            [
              -79.45442,
              43.66507
            ],
            [
              -79.45416,
              43.66512
            ],
            [
              -79.453824,
              43.665191
            ]
          ],
          [
            [
              -79.453824,
              43.665191
            ],
            [
              -79.45359,
              43.66524
            ],
            [
              -79.45291,
              43.66538
            ],
            [
              -79.45238,
              43.66549
            ],
            [
              -79.45182,
              43.66561
            ],
            [
              -79.45154,
              43.66567
            ],
            [
              -79.45126,
              43.66573
            ],
            [
              -79.45077,
              43.66583
            ],
            [
              -79.45064,
              43.66586
            ],
            [
              -79.45004,
              43.66599
            ],
            [
              -79.4489,
              43.66622
            ],
            [
              -79.44864,
              43.66627
            ],
            [
              -79.44849,
              43.6663
            ],
            [
              -79.44786,
              43.66643
            ],
            [
              -79.44735,
              43.66655
            ],
            [
              -79.4471,
              43.6666
            ],
            [
              -79.44645,
              43.66674
            ],
            [
              -79.44598,
              43.66683
            ],
            [
              -79.44563,
              43.6669
            ],
            [
              -79.44534,
              43.66696
            ],
            [
              -79.44496,
              43.66704
            ],
            [
              -79.44444,
              43.66715
            ],
            [
              -79.44422,
              43.66721
            ],
            [
              -79.44415,
              43.66724
            ],
            [
              -79.44396,
              43.6674
            ],
            [
              -79.44373,
              43.66764
            ],
            [
              -79.44352,
              43.66778
            ],
            [
              -79.4434,
              43.66783
            ],
            [
              -79.44306,
              43.66791
            ],
            [
              -79.44259,
              43.668
            ],
            [
              -79.44211,
              43.6681
            ],
            [
              -79.44193,
              43.66813
            ],
            [
              -79.4409,
              43.66833
            ],
            [
              -79.44056,
              43.6684
            ],
            [
              -79.44021,
              43.66846
            ],
            [
              -79.44006,
              43.66847
            ],
            [
              -79.4396,
              43.66847
            ],
            [
              -79.43902,
              43.66845
            ],
            [
              -79.4387,
              43.66771
            ],
            [
              -79.43868,
              43.66767
            ],
            [
              -79.43863,
              43.66755
            ],
            [
              -79.43851,
              43.66729
            ],
            [
              -79.43838,
              43.66699
            ],
            [
              -79.43833,
              43.66687
            ],
            [
              -79.4382,
              43.66656
            ],
            [
              -79.43814,
              43.66642
            ],
            [
              -79.43809,
              43.6663
            ],
            [
              -79.4379,
              43.66585
            ],
            [
              -79.43777,
              43.66555
            ],
            [
              -79.43765,
              43.66527
            ],
            [
              -79.4376,
              43.66515
            ],
            [
              -79.43757,
              43.66508
            ],
            [
              -79.4374,
              43.6647
            ],
            [
              -79.43703,
              43.66385
            ],
            [
              -79.43695,
              43.66366
            ],
            [
              -79.43667,
              43.663
            ],
            [
              -79.43649,
              43.66258
            ],
            [
              -79.43553,
              43.66037
            ],
            [
              -79.43549,
              43.66027
            ],
            [
              -79.43544,
              43.66014
            ]
          ],
          [
            [
              -79.4354273,
              43.6601546
            ],
            [
              -79.428352,
              43.661614
            ],
            [
              -79.4212767,
              43.6630734
            ],
            [
              -79.4142014,
              43.6645328
            ]
          ],
          [
            [
              -79.414183,
              43.664488
            ],
            [
              -79.41363,
              43.66461
            ],
            [
              -79.41341,
              43.66466
            ],
            [
              -79.41241,
              43.66487
            ],
            [
              -79.41178,
              43.66501
            ],
            [
              -79.41119,
              43.66513
            ],
            [
              -79.41058,
              43.66526
            ],
            [
              -79.41001,
              43.66538
            ],
            [
              -79.40938,
              43.66552
            ],
            [
              -79.40865,
              43.66567
            ],
            [
              -79.40745,
              43.66592
            ],
            [
              -79.40664,
              43.66609
            ],
            [
              -79.40624,
              43.66617
            ],
            [
              -79.40578,
              43.66627
            ],
            [
              -79.40536,
              43.66636
            ],
            [
              -79.40527,
              43.66638
            ],
            [
              -79.40505,
              43.66642
            ],
            [
              -79.40453,
              43.66653
            ],
            [
              -79.40429,
              43.66658
            ]
          ],
          [
            [
              -79.40429,
              43.66658
            ],
            [
              -79.40385,
              43.66667
            ],
            [
              -79.4038,
              43.66651
            ],
            [
              -79.4034,
              43.6659
            ],
            [
              -79.40335,
              43.66581
            ],
            [
              -79.40319,
              43.66549
            ],
            [
              -79.40295,
              43.6649
            ],
            [
              -79.40284,
              43.66462
            ],
            [
              -79.40252,
              43.66383
            ],
            [
              -79.40238,
              43.66347
            ],
            [
              -79.4022,
              43.66302
            ],
            [
              -79.40184,
              43.66212
            ],
            [
              -79.4015,
              43.66126
            ],
            [
              -79.4014,
              43.66102
            ],
            [
              -79.40132,
              43.66083
            ],
            [
              -79.40118,
              43.66047
            ],
            [
              -79.40117,
              43.66034
            ],
            [
              -79.4012,
              43.66026
            ],
            [
              -79.40126,
              43.66017
            ],
            [
              -79.40138,
              43.66008
            ],
            [
              -79.40147,
              43.65999
            ],
            [
              -79.40154,
              43.65989
            ],
            [
              -79.40158,
              43.65977
            ],
            [
              -79.40159,
              43.65966
            ],
            [
              -79.40157,
              43.65954
            ],
            [
              -79.40152,
              43.65944
            ],
            [
              -79.40146,
              43.65936
            ],
            [
              -79.40137,
              43.65927
            ],
            [
              -79.40127,
              43.6592
            ],
            [
              -79.40102,
              43.65911
            ],
            [
              -79.40074,
              43.65906
            ],
            [
              -79.40062,
              43.65899
            ],
            [
              -79.40056,
              43.65893
            ],
            [
              -79.40051,
              43.65884
            ],
            [
              -79.40033,
              43.65838
            ],
            [
              -79.40015,
              43.65793
            ],
            [
              -79.39993,
              43.65795
            ]
          ],
          [
            [
              -79.39993,
              43.65795
            ],
            [
              -79.40015,
              43.65793
            ],
            [
              -79.39967,
              43.65671
            ],
            [
              -79.39948,
              43.65623
            ],
            [
              -79.39931,
              43.65581
            ],
            [
              -79.39901,
              43.65511
            ],
            [
              -79.39892,
              43.65489
            ],
            [
              -79.39872,
              43.65437
            ],
            [
              -79.39855,
              43.65393
            ],
            [
              -79.39852,
              43.65386
            ],
            [
              -79.39834,
              43.65338
            ],
            [
              -79.3983,
              43.65328
            ],
            [
              -79.398195,
              43.653018
            ]
          ],
          [
            [
              -79.398195,
              43.653018
            ],
            [
              -79.39816,
              43.65293
            ],
            [
              -79.39859,
              43.65283
            ],
            [
              -79.39871,
              43.65281
            ],
            [
              -79.39897,
              43.65275
            ],
            [
              -79.39983,
              43.65256
            ],
            [
              -79.40004,
              43.65251
            ],
            [
              -79.40033,
              43.65245
            ],
            [
              -79.40071,
              43.65237
            ],
            [
              -79.40109,
              43.65229
            ],
            [
              -79.40165,
              43.65218
            ],
            [
              -79.40184,
              43.65214
            ],
            [
              -79.40228,
              43.65205
            ],
            [
              -79.40281,
              43.65195
            ],
            [
              -79.40301,
              43.65191
            ],
            [
              -79.40334,
              43.65184
            ],
            [
              -79.40362,
              43.65178
            ],
            [
              -79.40374,
              43.65176
            ],
            [
              -79.40396,
              43.65179
            ],
            [
              -79.4041,
              43.65184
            ],
            [
              -79.40478,
              43.65214
            ],
            [
              -79.40496,
              43.65223
            ],
            [
              -79.40517,
              43.65232
            ],
            [
              -79.4054,
              43.65239
            ],
            [
              -79.40553,
              43.6524
            ],
            [
              -79.40567,
              43.65239
            ],
            [
              -79.40603,
              43.65232
            ],
            [
              -79.405917,
              43.652035
            ]
          ],
          [
            [
              -79.405917,
              43.652035
            ],
            [
              -79.40582,
              43.65179
            ],
            [
              -79.40564,
              43.65137
            ],
            [
              -79.40561,
              43.65129
            ],
            [
              -79.40544,
              43.65088
            ],
            [
              -79.40536,
              43.65068
            ],
            [
              -79.40523,
              43.65034
            ],
            [
              -79.40496,
              43.64967
            ],
            [
              -79.40485,
              43.6494
            ],
            [
              -79.40467,
              43.64897
            ],
            [
              -79.40461,
              43.64882
            ],
            [
              -79.40455,
              43.64868
            ],
            [
              -79.4045,
              43.64855
            ],
            [
              -79.4043,
              43.64806
            ],
            [
              -79.40415,
              43.64765
            ],
            [
              -79.40398,
              43.6472
            ],
            [
              -79.40385,
              43.64684
            ],
            [
              -79.4038,
              43.6467
            ],
            [
              -79.40371,
              43.64648
            ],
            [
              -79.40359,
              43.64614
            ],
            [
              -79.40349,
              43.64589
            ],
            [
              -79.40333,
              43.64551
            ],
            [
              -79.40321,
              43.64521
            ],
            [
              -79.40307,
              43.64488
            ],
            [
              -79.40293,
              43.64454
            ],
            [
              -79.40288,
              43.64443
            ],
            [
              -79.40281,
              43.64429
            ],
            [
              -79.40266,
              43.64394
            ],
            [
              -79.40238,
              43.64319
            ],
            [
              -79.40216,
              43.64265
            ],
            [
              -79.40186,
              43.64191
            ],
            [
              -79.40172,
              43.64154
            ],
            [
              -79.40169,
              43.64147
            ],
            [
              -79.4014,
              43.64073
            ],
            [
              -79.40132,
              43.64054
            ],
            [
              -79.40113,
              43.64009
            ],
            [
              -79.40089,
              43.63949
            ],
            [
              -79.40063,
              43.63884
            ],
            [
              -79.400305,
              43.638933
            ]
          ],
          [
            [
              -79.400305,
              43.638933
            ],
            [
              -79.40063,
              43.63884
            ],
            [
              -79.40089,
              43.63949
            ],
            [
              -79.40113,
              43.64009
            ],
            [
              -79.40132,
              43.64054
            ],
            [
              -79.4014,
              43.64073
            ],
            [
              -79.40169,
              43.64147
            ],
            [
              -79.40172,
              43.64154
            ],
            [
              -79.40186,
              43.64191
            ],
            [
              -79.40216,
              43.64265
            ],
            [
              -79.40238,
              43.64319
            ],
            [
              -79.40266,
              43.64394
            ]
          ],
          [
            [
              -79.4026335,
              43.6439832
            ],
            [
              -79.39515116666666,
              43.64549843333334
            ],
            [
              -79.38766883333332,
              43.647013666666666
            ],
            [
              -79.3801865,
              43.6485289
            ]
          ],
          [
            [
              -79.380196,
              43.648527
            ],
            [
              -79.38023,
              43.64863
            ],
            [
              -79.38059,
              43.64945
            ],
            [
              -79.38074,
              43.64992
            ],
            [
              -79.38104,
              43.65059
            ],
            [
              -79.38129,
              43.65117
            ],
            [
              -79.38156,
              43.65174
            ],
            [
              -79.38167,
              43.65189
            ],
            [
              -79.38197,
              43.65196
            ],
            [
              -79.38214,
              43.65202
            ],
            [
              -79.38231,
              43.65211
            ],
            [
              -79.38241,
              43.65239
            ],
            [
              -79.38262,
              43.65296
            ],
            [
              -79.382861,
              43.653536
            ]
          ],
          [
            [
              -79.3830342,
              43.6534984
            ],
            [
              -79.38539116666666,
              43.65945793333333
            ],
            [
              -79.38774813333333,
              43.66541746666667
            ],
            [
              -79.3901051,
              43.671377
            ]
          ],
          [
            [
              -79.39006,
              43.6714
            ],
            [
              -79.3894,
              43.67153
            ],
            [
              -79.38878,
              43.67166
            ]
          ],
          [
            [
              -79.38878,
              43.67166
            ],
            [
              -79.3884,
              43.67172
            ],
            [
              -79.38811,
              43.67178
            ],
            [
              -79.38801,
              43.6718
            ],
            [
              -79.38746,
              43.67192
            ],
            [
              -79.38736,
              43.67168
            ],
            [
              -79.3872,
              43.67127
            ],
            [
              -79.38714,
              43.67111
            ],
            [
              -79.38704,
              43.67083
            ],
            [
              -79.3868,
              43.67022
            ]
          ],
          [
            [
              -79.386762,
              43.670228
            ],
            [
              -79.38558,
              43.67048
            ],
            [
              -79.3842,
              43.67079
            ],
            [
              -79.38362,
              43.67093
            ],
            [
              -79.38313,
              43.67105
            ],
            [
              -79.38267,
              43.67115
            ],
            [
              -79.38236,
              43.67122
            ],
            [
              -79.38214,
              43.67127
            ],
            [
              -79.38174,
              43.67136
            ],
            [
              -79.38152,
              43.67141
            ],
            [
              -79.38106,
              43.67151
            ],
            [
              -79.38054,
              43.67161
            ],
            [
              -79.38001,
              43.67171
            ],
            [
              -79.37961,
              43.67179
            ],
            [
              -79.37942,
              43.67182
            ],
            [
              -79.37921,
              43.67186
            ],
            [
              -79.37905,
              43.67189
            ],
            [
              -79.37843,
              43.67204
            ],
            [
              -79.37752,
              43.67223
            ],
            [
              -79.37688,
              43.67236
            ]
          ],
          [
            [
              -79.376851,
              43.672287
            ],
            [
              -79.3767,
              43.67191
            ],
            [
              -79.37653,
              43.67145
            ],
            [
              -79.37643,
              43.67126
            ],
            [
              -79.37624,
              43.67078
            ],
            [
              -79.37614,
              43.67052
            ],
            [
              -79.37604,
              43.67027
            ],
            [
              -79.37597,
              43.6701
            ],
            [
              -79.37579,
              43.66963
            ],
            [
              -79.37549,
              43.66893
            ],
            [
              -79.3754,
              43.66873
            ],
            [
              -79.37537,
              43.66866
            ],
            [
              -79.37524,
              43.66839
            ],
            [
              -79.37517,
              43.66825
            ],
            [
              -79.37496,
              43.66777
            ],
            [
              -79.37486,
              43.66754
            ],
            [
              -79.374675,
              43.667105
            ]
          ]
        ]
      }
    },
    {
      "type": "Feature",
      "properties": {
        "felt_featu": 1,
        "name": "Route Ten",
        "felt_color": "#C93535",
        "felt_hasLo": "F",
        "felt_id": "GQP0aoUDSQWyQ5gTqBh7yA",
        "felt_locke": "F",
        "felt_order": 1772810716481755,
        "felt_route": "DRIVING",
        "felt_showE": "F",
        "felt_showL": "F",
        "felt_strok": 1,
        "felt_str_1": "solid",
        "felt_str_2": 4,
        "felt_type": "Path",
        "source_file": "Route-Ten"
      },
      "geometry": {
        "type": "MultiLineString",
        "coordinates": [
          [
            [
              -79.271015,
              43.68797
            ],
            [
              -79.27117,
              43.68835
            ],
            [
              -79.27123,
              43.68849
            ],
            [
              -79.27127,
              43.68859
            ],
            [
              -79.27152,
              43.6892
            ],
            [
              -79.2716,
              43.68937
            ],
            [
              -79.27189,
              43.69009
            ],
            [
              -79.27212,
              43.69066
            ],
            [
              -79.27229,
              43.69109
            ],
            [
              -79.27239,
              43.69134
            ],
            [
              -79.27256,
              43.69176
            ],
            [
              -79.2727,
              43.69207
            ],
            [
              -79.27303,
              43.69286
            ],
            [
              -79.2732,
              43.69325
            ],
            [
              -79.27324,
              43.69336
            ],
            [
              -79.2733,
              43.6935
            ],
            [
              -79.2734,
              43.69374
            ],
            [
              -79.27356,
              43.69416
            ],
            [
              -79.27365,
              43.69437
            ],
            [
              -79.27379,
              43.69472
            ],
            [
              -79.27383,
              43.6948
            ],
            [
              -79.2739,
              43.69498
            ],
            [
              -79.27398,
              43.69515
            ],
            [
              -79.27432,
              43.69597
            ],
            [
              -79.27443,
              43.69626
            ],
            [
              -79.27458,
              43.69662
            ],
            [
              -79.27476,
              43.69705
            ],
            [
              -79.2748,
              43.69715
            ],
            [
              -79.27484,
              43.69724
            ],
            [
              -79.27465,
              43.69762
            ],
            [
              -79.27454,
              43.6978
            ],
            [
              -79.27432,
              43.6981
            ],
            [
              -79.27377,
              43.69874
            ],
            [
              -79.27357,
              43.69897
            ],
            [
              -79.27331,
              43.69931
            ],
            [
              -79.27304,
              43.69971
            ],
            [
              -79.27288,
              43.69994
            ],
            [
              -79.27274,
              43.70015
            ],
            [
              -79.27249,
              43.70049
            ],
            [
              -79.27235,
              43.70069
            ],
            [
              -79.27228,
              43.70079
            ],
            [
              -79.2721,
              43.70103
            ],
            [
              -79.27206,
              43.70109
            ],
            [
              -79.27202,
              43.70114
            ],
            [
              -79.2719,
              43.70129
            ],
            [
              -79.27187,
              43.70134
            ],
            [
              -79.2718,
              43.70143
            ],
            [
              -79.27175,
              43.7015
            ],
            [
              -79.27171,
              43.70156
            ],
            [
              -79.27158,
              43.70174
            ],
            [
              -79.27153,
              43.70181
            ],
            [
              -79.27128,
              43.70216
            ],
            [
              -79.27113,
              43.70236
            ],
            [
              -79.27092,
              43.70265
            ],
            [
              -79.27078,
              43.70284
            ],
            [
              -79.27066,
              43.70302
            ],
            [
              -79.27053,
              43.7032
            ],
            [
              -79.27043,
              43.70335
            ],
            [
              -79.27026,
              43.70358
            ],
            [
              -79.2702,
              43.70367
            ],
            [
              -79.27005,
              43.70389
            ],
            [
              -79.26995,
              43.70405
            ],
            [
              -79.26988,
              43.70415
            ],
            [
              -79.2698,
              43.70428
            ],
            [
              -79.2697,
              43.70444
            ],
            [
              -79.26966,
              43.70451
            ],
            [
              -79.26951,
              43.70475
            ],
            [
              -79.26943,
              43.70488
            ],
            [
              -79.26936,
              43.70499
            ],
            [
              -79.26922,
              43.70522
            ],
            [
              -79.26912,
              43.70539
            ],
            [
              -79.26903,
              43.70554
            ],
            [
              -79.26899,
              43.70561
            ],
            [
              -79.2689,
              43.70576
            ],
            [
              -79.26885,
              43.70585
            ],
            [
              -79.26865,
              43.70617
            ],
            [
              -79.2686,
              43.70626
            ],
            [
              -79.26854,
              43.70636
            ],
            [
              -79.2684,
              43.70659
            ],
            [
              -79.26814,
              43.707
            ],
            [
              -79.26831,
              43.70744
            ],
            [
              -79.26839,
              43.70765
            ]
          ],
          [
            [
              -79.26839,
              43.70765
            ],
            [
              -79.26831,
              43.70744
            ],
            [
              -79.26814,
              43.707
            ],
            [
              -79.26793,
              43.70738
            ],
            [
              -79.26777,
              43.70765
            ],
            [
              -79.26769,
              43.70779
            ],
            [
              -79.26762,
              43.7079
            ],
            [
              -79.26751,
              43.70807
            ],
            [
              -79.26723,
              43.70851
            ],
            [
              -79.26707,
              43.70873
            ],
            [
              -79.26695,
              43.70887
            ],
            [
              -79.26686,
              43.70896
            ],
            [
              -79.26668,
              43.70913
            ],
            [
              -79.26643,
              43.70933
            ],
            [
              -79.26629,
              43.70942
            ],
            [
              -79.26613,
              43.70953
            ],
            [
              -79.26597,
              43.70962
            ],
            [
              -79.26574,
              43.70974
            ],
            [
              -79.26551,
              43.70985
            ],
            [
              -79.26526,
              43.70996
            ],
            [
              -79.26501,
              43.71008
            ],
            [
              -79.26462,
              43.71027
            ],
            [
              -79.26437,
              43.71041
            ],
            [
              -79.26411,
              43.71057
            ],
            [
              -79.26392,
              43.7107
            ],
            [
              -79.26377,
              43.71081
            ],
            [
              -79.26355,
              43.71097
            ],
            [
              -79.26314,
              43.71133
            ],
            [
              -79.26292,
              43.71155
            ],
            [
              -79.26271,
              43.71183
            ],
            [
              -79.26253,
              43.71211
            ],
            [
              -79.26225,
              43.71257
            ],
            [
              -79.26202,
              43.71294
            ],
            [
              -79.26192,
              43.71311
            ],
            [
              -79.26157,
              43.71368
            ],
            [
              -79.2614,
              43.71394
            ],
            [
              -79.26125,
              43.71417
            ],
            [
              -79.26108,
              43.71441
            ],
            [
              -79.26085,
              43.71476
            ],
            [
              -79.26074,
              43.71495
            ],
            [
              -79.26064,
              43.71517
            ],
            [
              -79.26054,
              43.7154
            ],
            [
              -79.26051,
              43.71546
            ],
            [
              -79.26041,
              43.71569
            ],
            [
              -79.26031,
              43.71592
            ],
            [
              -79.26024,
              43.71608
            ],
            [
              -79.26002,
              43.71657
            ],
            [
              -79.25989,
              43.71685
            ],
            [
              -79.25943,
              43.71696
            ],
            [
              -79.25924,
              43.71701
            ],
            [
              -79.25903,
              43.71706
            ],
            [
              -79.25882,
              43.71711
            ],
            [
              -79.25842,
              43.7172
            ],
            [
              -79.25828,
              43.71723
            ],
            [
              -79.25812,
              43.71727
            ],
            [
              -79.25797,
              43.7173
            ],
            [
              -79.25771,
              43.71736
            ],
            [
              -79.25662,
              43.7176
            ],
            [
              -79.25644,
              43.71764
            ],
            [
              -79.25591,
              43.71776
            ],
            [
              -79.25515,
              43.71793
            ],
            [
              -79.2544,
              43.71809
            ],
            [
              -79.25421,
              43.71813
            ],
            [
              -79.25241,
              43.71853
            ],
            [
              -79.25187,
              43.71865
            ],
            [
              -79.25131,
              43.71877
            ],
            [
              -79.2506,
              43.71892
            ],
            [
              -79.24986,
              43.71907
            ],
            [
              -79.24943,
              43.71915
            ],
            [
              -79.24912,
              43.71921
            ],
            [
              -79.24889,
              43.71926
            ],
            [
              -79.24819,
              43.7194
            ],
            [
              -79.24785,
              43.71948
            ],
            [
              -79.24756,
              43.71954
            ],
            [
              -79.24734,
              43.71959
            ],
            [
              -79.2471,
              43.71964
            ],
            [
              -79.24635,
              43.71981
            ],
            [
              -79.24605,
              43.71988
            ],
            [
              -79.24581,
              43.71993
            ],
            [
              -79.24555,
              43.71999
            ],
            [
              -79.24488,
              43.72014
            ],
            [
              -79.2446,
              43.7202
            ],
            [
              -79.24427,
              43.72027
            ],
            [
              -79.24326,
              43.72049
            ],
            [
              -79.24215,
              43.72073
            ],
            [
              -79.24146,
              43.72088
            ],
            [
              -79.24124,
              43.72036
            ],
            [
              -79.24118,
              43.72022
            ],
            [
              -79.24104,
              43.71989
            ],
            [
              -79.24095,
              43.71967
            ],
            [
              -79.2408,
              43.71932
            ],
            [
              -79.24072,
              43.71912
            ],
            [
              -79.24064,
              43.71893
            ],
            [
              -79.24054,
              43.7187
            ],
            [
              -79.2404,
              43.71834
            ],
            [
              -79.24033,
              43.71818
            ],
            [
              -79.24,
              43.71847
            ],
            [
              -79.23983,
              43.71862
            ],
            [
              -79.23973,
              43.71872
            ],
            [
              -79.23969,
              43.71875
            ],
            [
              -79.23957,
              43.71885
            ],
            [
              -79.23922,
              43.71914
            ],
            [
              -79.23904,
              43.7193
            ],
            [
              -79.23882,
              43.71949
            ],
            [
              -79.23871,
              43.71959
            ],
            [
              -79.2386,
              43.71969
            ],
            [
              -79.2385,
              43.71978
            ],
            [
              -79.23823,
              43.72001
            ],
            [
              -79.23805,
              43.72017
            ],
            [
              -79.23781,
              43.72036
            ],
            [
              -79.23754,
              43.72059
            ],
            [
              -79.23729,
              43.72081
            ],
            [
              -79.23704,
              43.72103
            ],
            [
              -79.23685,
              43.72119
            ],
            [
              -79.23644,
              43.72155
            ],
            [
              -79.2361,
              43.72185
            ],
            [
              -79.23564,
              43.72226
            ],
            [
              -79.23517,
              43.72266
            ],
            [
              -79.23482,
              43.72296
            ],
            [
              -79.23453,
              43.72321
            ],
            [
              -79.2342,
              43.7235
            ],
            [
              -79.23401,
              43.72367
            ],
            [
              -79.23368,
              43.72396
            ],
            [
              -79.23339,
              43.72421
            ],
            [
              -79.23322,
              43.72435
            ],
            [
              -79.2331,
              43.72445
            ],
            [
              -79.23281,
              43.7247
            ],
            [
              -79.23242,
              43.72503
            ],
            [
              -79.23183,
              43.72556
            ],
            [
              -79.23174,
              43.72548
            ],
            [
              -79.23165,
              43.72541
            ],
            [
              -79.23119,
              43.72518
            ]
          ],
          [
            [
              -79.23119,
              43.72518
            ],
            [
              -79.23165,
              43.72541
            ],
            [
              -79.23174,
              43.72548
            ],
            [
              -79.23183,
              43.72556
            ],
            [
              -79.23143,
              43.72591
            ],
            [
              -79.23134,
              43.72599
            ],
            [
              -79.23111,
              43.72619
            ],
            [
              -79.23103,
              43.72626
            ],
            [
              -79.23088,
              43.72639
            ],
            [
              -79.23073,
              43.72652
            ],
            [
              -79.23045,
              43.72676
            ],
            [
              -79.22997,
              43.72717
            ],
            [
              -79.22966,
              43.72744
            ],
            [
              -79.22947,
              43.72761
            ],
            [
              -79.22931,
              43.72775
            ],
            [
              -79.22883,
              43.72817
            ],
            [
              -79.22847,
              43.72847
            ],
            [
              -79.22834,
              43.72859
            ],
            [
              -79.22819,
              43.72872
            ],
            [
              -79.22784,
              43.72903
            ],
            [
              -79.2268,
              43.72994
            ],
            [
              -79.22672,
              43.73001
            ],
            [
              -79.22641,
              43.73029
            ],
            [
              -79.22622,
              43.73046
            ],
            [
              -79.2259,
              43.73075
            ],
            [
              -79.22565,
              43.73098
            ],
            [
              -79.22551,
              43.7311
            ],
            [
              -79.2252,
              43.73139
            ],
            [
              -79.22513,
              43.73146
            ],
            [
              -79.22503,
              43.73155
            ],
            [
              -79.22489,
              43.73168
            ],
            [
              -79.22451,
              43.73202
            ],
            [
              -79.2243,
              43.73221
            ],
            [
              -79.22412,
              43.73237
            ],
            [
              -79.22349,
              43.73294
            ],
            [
              -79.22292,
              43.73345
            ],
            [
              -79.22244,
              43.73389
            ],
            [
              -79.22211,
              43.73418
            ],
            [
              -79.22196,
              43.73431
            ],
            [
              -79.22175,
              43.73449
            ],
            [
              -79.2214,
              43.73479
            ],
            [
              -79.2211,
              43.73508
            ],
            [
              -79.2207,
              43.73543
            ],
            [
              -79.22042,
              43.73567
            ],
            [
              -79.22014,
              43.73592
            ],
            [
              -79.21989,
              43.73615
            ],
            [
              -79.21933,
              43.73666
            ],
            [
              -79.21915,
              43.73682
            ],
            [
              -79.21818,
              43.73769
            ],
            [
              -79.21804,
              43.73783
            ],
            [
              -79.21784,
              43.73801
            ],
            [
              -79.21769,
              43.73814
            ],
            [
              -79.21744,
              43.73836
            ],
            [
              -79.21729,
              43.73849
            ],
            [
              -79.21702,
              43.73873
            ],
            [
              -79.2169,
              43.73885
            ],
            [
              -79.21673,
              43.73901
            ],
            [
              -79.21664,
              43.7391
            ],
            [
              -79.2153,
              43.74032
            ],
            [
              -79.21466,
              43.7409
            ],
            [
              -79.21442,
              43.74112
            ],
            [
              -79.21421,
              43.74131
            ],
            [
              -79.21378,
              43.74171
            ],
            [
              -79.21335,
              43.7421
            ],
            [
              -79.21228,
              43.74308
            ],
            [
              -79.21199,
              43.74333
            ],
            [
              -79.21156,
              43.74372
            ],
            [
              -79.21062,
              43.74458
            ],
            [
              -79.21024,
              43.74495
            ],
            [
              -79.20981,
              43.7454
            ],
            [
              -79.20975,
              43.74547
            ],
            [
              -79.20963,
              43.74559
            ],
            [
              -79.20928,
              43.74596
            ],
            [
              -79.20885,
              43.74644
            ],
            [
              -79.20877,
              43.74653
            ],
            [
              -79.20805,
              43.74731
            ],
            [
              -79.20755,
              43.74784
            ],
            [
              -79.20744,
              43.74795
            ],
            [
              -79.20718,
              43.74823
            ],
            [
              -79.20649,
              43.74897
            ],
            [
              -79.20623,
              43.74926
            ],
            [
              -79.20594,
              43.74958
            ],
            [
              -79.20583,
              43.7497
            ],
            [
              -79.20496,
              43.75067
            ],
            [
              -79.20443,
              43.75128
            ],
            [
              -79.20434,
              43.75138
            ],
            [
              -79.20418,
              43.75157
            ],
            [
              -79.20386,
              43.75194
            ],
            [
              -79.2027,
              43.7533
            ],
            [
              -79.20192,
              43.75418
            ],
            [
              -79.20184,
              43.75426
            ],
            [
              -79.20126,
              43.75487
            ],
            [
              -79.19995,
              43.7562
            ],
            [
              -79.19963,
              43.75655
            ],
            [
              -79.1992,
              43.75704
            ],
            [
              -79.19915,
              43.7571
            ],
            [
              -79.19874,
              43.75756
            ],
            [
              -79.19796,
              43.75842
            ],
            [
              -79.19753,
              43.7589
            ],
            [
              -79.19722,
              43.75923
            ],
            [
              -79.19698,
              43.75948
            ],
            [
              -79.19676,
              43.75973
            ],
            [
              -79.19659,
              43.75991
            ],
            [
              -79.19642,
              43.7601
            ],
            [
              -79.19589,
              43.76066
            ],
            [
              -79.19562,
              43.76096
            ],
            [
              -79.19555,
              43.76103
            ],
            [
              -79.19546,
              43.76112
            ],
            [
              -79.19499,
              43.76162
            ],
            [
              -79.19465,
              43.762
            ],
            [
              -79.19391,
              43.76281
            ],
            [
              -79.19369,
              43.76304
            ],
            [
              -79.1934,
              43.76336
            ],
            [
              -79.19308,
              43.7637
            ],
            [
              -79.1928,
              43.764
            ],
            [
              -79.19274,
              43.76407
            ],
            [
              -79.19245,
              43.76438
            ],
            [
              -79.19228,
              43.76457
            ],
            [
              -79.19197,
              43.76492
            ],
            [
              -79.19184,
              43.76506
            ],
            [
              -79.19169,
              43.76523
            ],
            [
              -79.19162,
              43.7653
            ],
            [
              -79.19129,
              43.76567
            ],
            [
              -79.19107,
              43.76592
            ],
            [
              -79.19102,
              43.76598
            ],
            [
              -79.19062,
              43.76641
            ],
            [
              -79.19052,
              43.76651
            ],
            [
              -79.19038,
              43.76667
            ],
            [
              -79.19027,
              43.76679
            ],
            [
              -79.19,
              43.76708
            ],
            [
              -79.18994,
              43.76715
            ],
            [
              -79.18973,
              43.76738
            ],
            [
              -79.18958,
              43.76753
            ],
            [
              -79.1894,
              43.76773
            ],
            [
              -79.18927,
              43.76787
            ],
            [
              -79.18899,
              43.76818
            ],
            [
              -79.18886,
              43.76832
            ],
            [
              -79.18871,
              43.76849
            ],
            [
              -79.18835,
              43.76889
            ],
            [
              -79.18715,
              43.77019
            ],
            [
              -79.18682,
              43.77053
            ],
            [
              -79.1869,
              43.77071
            ],
            [
              -79.18702,
              43.77096
            ],
            [
              -79.1872,
              43.77133
            ],
            [
              -79.18725,
              43.77145
            ],
            [
              -79.18731,
              43.77158
            ],
            [
              -79.18734,
              43.77165
            ],
            [
              -79.18739,
              43.77177
            ],
            [
              -79.18743,
              43.77187
            ],
            [
              -79.18755,
              43.77213
            ],
            [
              -79.18758,
              43.77219
            ],
            [
              -79.18775,
              43.77259
            ],
            [
              -79.18778,
              43.77267
            ],
            [
              -79.1879,
              43.77295
            ],
            [
              -79.18816,
              43.77356
            ],
            [
              -79.18829,
              43.77388
            ],
            [
              -79.18842,
              43.77418
            ],
            [
              -79.18856,
              43.77452
            ],
            [
              -79.18865,
              43.77476
            ],
            [
              -79.1889,
              43.77537
            ],
            [
              -79.18899,
              43.77556
            ],
            [
              -79.18902,
              43.77562
            ],
            [
              -79.18905,
              43.77568
            ],
            [
              -79.18919,
              43.77597
            ],
            [
              -79.18928,
              43.7761
            ],
            [
              -79.18958,
              43.7766
            ],
            [
              -79.18984,
              43.77711
            ],
            [
              -79.18992,
              43.7773
            ],
            [
              -79.19002,
              43.77755
            ],
            [
              -79.19036,
              43.77833
            ],
            [
              -79.19061,
              43.77892
            ],
            [
              -79.19098,
              43.77979
            ],
            [
              -79.1911,
              43.78007
            ],
            [
              -79.19121,
              43.78033
            ],
            [
              -79.19216,
              43.78255
            ],
            [
              -79.19283,
              43.78412
            ],
            [
              -79.19301,
              43.78456
            ],
            [
              -79.19315,
              43.78491
            ],
            [
              -79.19333,
              43.78533
            ],
            [
              -79.19276,
              43.78547
            ],
            [
              -79.19251,
              43.78553
            ],
            [
              -79.19069,
              43.78599
            ],
            [
              -79.1896,
              43.78626
            ],
            [
              -79.18821,
              43.78661
            ],
            [
              -79.18714,
              43.78688
            ],
            [
              -79.18618,
              43.78713
            ],
            [
              -79.18594,
              43.78719
            ],
            [
              -79.18582,
              43.78722
            ],
            [
              -79.18494,
              43.78744
            ],
            [
              -79.18437,
              43.78758
            ],
            [
              -79.18424,
              43.78761
            ],
            [
              -79.184,
              43.78767
            ],
            [
              -79.18368,
              43.78775
            ],
            [
              -79.18323,
              43.78785
            ],
            [
              -79.18283,
              43.78795
            ],
            [
              -79.18273,
              43.78797
            ],
            [
              -79.18249,
              43.78803
            ],
            [
              -79.18158,
              43.78825
            ],
            [
              -79.18069,
              43.78845
            ],
            [
              -79.18016,
              43.78858
            ],
            [
              -79.1798,
              43.78866
            ],
            [
              -79.17872,
              43.7889
            ],
            [
              -79.1785,
              43.78895
            ],
            [
              -79.17826,
              43.789
            ],
            [
              -79.17777,
              43.78911
            ],
            [
              -79.17671,
              43.78936
            ],
            [
              -79.17557,
              43.78961
            ],
            [
              -79.174859,
              43.789776
            ]
          ],
          [
            [
              -79.174859,
              43.789776
            ],
            [
              -79.17467,
              43.78982
            ],
            [
              -79.17443,
              43.78987
            ],
            [
              -79.17416,
              43.78993
            ],
            [
              -79.17388,
              43.78999
            ],
            [
              -79.17334,
              43.79011
            ],
            [
              -79.17292,
              43.79021
            ],
            [
              -79.17258,
              43.79031
            ],
            [
              -79.17161,
              43.79055
            ],
            [
              -79.1703,
              43.79087
            ],
            [
              -79.16996,
              43.79095
            ],
            [
              -79.16673,
              43.79173
            ],
            [
              -79.16446,
              43.79228
            ],
            [
              -79.16354,
              43.7925
            ],
            [
              -79.16338,
              43.7917
            ],
            [
              -79.16336,
              43.79165
            ],
            [
              -79.16315,
              43.79117
            ],
            [
              -79.16289,
              43.79056
            ],
            [
              -79.16224,
              43.78905
            ],
            [
              -79.16212,
              43.78877
            ],
            [
              -79.16194,
              43.78889
            ],
            [
              -79.16181,
              43.78897
            ],
            [
              -79.16167,
              43.78906
            ],
            [
              -79.1609,
              43.78955
            ],
            [
              -79.16062,
              43.78973
            ],
            [
              -79.15901,
              43.79075
            ],
            [
              -79.1582,
              43.79127
            ],
            [
              -79.15793,
              43.79145
            ],
            [
              -79.15782,
              43.79152
            ],
            [
              -79.15771,
              43.79159
            ],
            [
              -79.15754,
              43.7917
            ],
            [
              -79.15745,
              43.79176
            ],
            [
              -79.15734,
              43.79182
            ],
            [
              -79.15727,
              43.79187
            ],
            [
              -79.15688,
              43.79212
            ],
            [
              -79.1568,
              43.79218
            ],
            [
              -79.15667,
              43.79226
            ],
            [
              -79.15642,
              43.79242
            ],
            [
              -79.15597,
              43.79271
            ],
            [
              -79.15568,
              43.79289
            ],
            [
              -79.15532,
              43.79312
            ],
            [
              -79.15499,
              43.79333
            ],
            [
              -79.15487,
              43.79341
            ],
            [
              -79.15461,
              43.79359
            ],
            [
              -79.15444,
              43.7937
            ],
            [
              -79.1542,
              43.79384
            ],
            [
              -79.15376,
              43.79411
            ],
            [
              -79.15366,
              43.79417
            ],
            [
              -79.15324,
              43.79442
            ],
            [
              -79.15253,
              43.79485
            ],
            [
              -79.15185,
              43.79527
            ],
            [
              -79.15121,
              43.79565
            ],
            [
              -79.15055,
              43.79607
            ],
            [
              -79.15029,
              43.79624
            ],
            [
              -79.14962,
              43.79666
            ],
            [
              -79.14938,
              43.79682
            ],
            [
              -79.1493,
              43.79689
            ],
            [
              -79.14919,
              43.79705
            ],
            [
              -79.14881,
              43.79729
            ],
            [
              -79.14855,
              43.79745
            ],
            [
              -79.14828,
              43.79763
            ],
            [
              -79.14808,
              43.79776
            ],
            [
              -79.14767,
              43.79802
            ],
            [
              -79.1476,
              43.79806
            ],
            [
              -79.14709,
              43.79836
            ],
            [
              -79.14669,
              43.79859
            ],
            [
              -79.14616,
              43.7989
            ],
            [
              -79.146,
              43.79871
            ],
            [
              -79.14554,
              43.79836
            ],
            [
              -79.1453,
              43.79816
            ],
            [
              -79.14521,
              43.79809
            ],
            [
              -79.14488,
              43.79778
            ],
            [
              -79.1448,
              43.7977
            ],
            [
              -79.1447,
              43.7976
            ],
            [
              -79.14464,
              43.79753
            ],
            [
              -79.14444,
              43.79729
            ],
            [
              -79.14437,
              43.7972
            ],
            [
              -79.14426,
              43.79707
            ],
            [
              -79.14414,
              43.79692
            ],
            [
              -79.14392,
              43.79663
            ],
            [
              -79.14374,
              43.79632
            ],
            [
              -79.14364,
              43.79613
            ],
            [
              -79.14348,
              43.79597
            ],
            [
              -79.14337,
              43.79571
            ],
            [
              -79.14322,
              43.79533
            ],
            [
              -79.14308,
              43.79497
            ],
            [
              -79.14302,
              43.79482
            ],
            [
              -79.1428,
              43.79426
            ],
            [
              -79.14224,
              43.79291
            ],
            [
              -79.14185,
              43.79197
            ],
            [
              -79.14163,
              43.79144
            ],
            [
              -79.14157,
              43.7913
            ],
            [
              -79.14125,
              43.79051
            ],
            [
              -79.14109,
              43.79012
            ],
            [
              -79.14092,
              43.78971
            ],
            [
              -79.14072,
              43.78924
            ],
            [
              -79.14068,
              43.78915
            ],
            [
              -79.14049,
              43.78872
            ],
            [
              -79.14019,
              43.78801
            ],
            [
              -79.13941,
              43.78612
            ],
            [
              -79.13915,
              43.78552
            ],
            [
              -79.13776,
              43.78217
            ],
            [
              -79.13742,
              43.78138
            ],
            [
              -79.13724,
              43.78097
            ],
            [
              -79.13705,
              43.78049
            ],
            [
              -79.13693,
              43.7802
            ],
            [
              -79.13684,
              43.77996
            ],
            [
              -79.13671,
              43.7796
            ],
            [
              -79.13685,
              43.77957
            ],
            [
              -79.13709,
              43.77951
            ],
            [
              -79.13784,
              43.77933
            ],
            [
              -79.13793,
              43.77931
            ],
            [
              -79.13886,
              43.7791
            ],
            [
              -79.13917,
              43.77903
            ],
            [
              -79.13955,
              43.77894
            ],
            [
              -79.13968,
              43.77891
            ],
            [
              -79.14016,
              43.7788
            ],
            [
              -79.14082,
              43.77866
            ],
            [
              -79.14113,
              43.77934
            ],
            [
              -79.14114,
              43.77939
            ],
            [
              -79.1412,
              43.7795
            ],
            [
              -79.14141,
              43.77944
            ],
            [
              -79.14147,
              43.77957
            ],
            [
              -79.141506,
              43.779932
            ]
          ],
          [
            [
              -79.141506,
              43.779932
            ],
            [
              -79.14147,
              43.77957
            ],
            [
              -79.14141,
              43.77944
            ],
            [
              -79.1412,
              43.7795
            ],
            [
              -79.14114,
              43.77939
            ],
            [
              -79.14113,
              43.77934
            ],
            [
              -79.14082,
              43.77866
            ],
            [
              -79.14128,
              43.77855
            ],
            [
              -79.14143,
              43.77851
            ],
            [
              -79.14296,
              43.77816
            ],
            [
              -79.14346,
              43.77805
            ],
            [
              -79.14483,
              43.77775
            ],
            [
              -79.14596,
              43.7775
            ],
            [
              -79.14658,
              43.77736
            ],
            [
              -79.14709,
              43.77725
            ],
            [
              -79.14776,
              43.7771
            ],
            [
              -79.14784,
              43.77708
            ],
            [
              -79.14809,
              43.77702
            ],
            [
              -79.1483,
              43.77698
            ],
            [
              -79.14866,
              43.7769
            ],
            [
              -79.1501,
              43.77657
            ],
            [
              -79.15054,
              43.77647
            ],
            [
              -79.15091,
              43.77639
            ],
            [
              -79.15237,
              43.77606
            ],
            [
              -79.1528,
              43.77596
            ],
            [
              -79.15319,
              43.77587
            ],
            [
              -79.15446,
              43.77558
            ],
            [
              -79.15481,
              43.7755
            ],
            [
              -79.15559,
              43.77533
            ],
            [
              -79.15599,
              43.77524
            ],
            [
              -79.15638,
              43.77516
            ],
            [
              -79.15763,
              43.77487
            ],
            [
              -79.15851,
              43.77467
            ],
            [
              -79.16038,
              43.77423
            ],
            [
              -79.16105,
              43.77408
            ],
            [
              -79.16182,
              43.7739
            ],
            [
              -79.16229,
              43.77379
            ],
            [
              -79.16256,
              43.77373
            ],
            [
              -79.16276,
              43.77368
            ],
            [
              -79.16337,
              43.77355
            ],
            [
              -79.16391,
              43.77343
            ],
            [
              -79.16547,
              43.77307
            ],
            [
              -79.16588,
              43.77298
            ],
            [
              -79.16628,
              43.77289
            ],
            [
              -79.16699,
              43.77273
            ],
            [
              -79.16722,
              43.77267
            ],
            [
              -79.16886,
              43.7723
            ],
            [
              -79.17055,
              43.77192
            ],
            [
              -79.17123,
              43.77177
            ],
            [
              -79.17168,
              43.77166
            ],
            [
              -79.17224,
              43.77154
            ],
            [
              -79.17268,
              43.77144
            ],
            [
              -79.17325,
              43.77132
            ],
            [
              -79.17396,
              43.77116
            ],
            [
              -79.17439,
              43.77106
            ],
            [
              -79.17581,
              43.77074
            ],
            [
              -79.17625,
              43.77064
            ],
            [
              -79.17671,
              43.77053
            ],
            [
              -79.17729,
              43.7704
            ],
            [
              -79.17751,
              43.77035
            ],
            [
              -79.17813,
              43.77021
            ],
            [
              -79.178378,
              43.770154
            ]
          ],
          [
            [
              -79.178378,
              43.770154
            ],
            [
              -79.17902,
              43.77001
            ],
            [
              -79.17907,
              43.77
            ],
            [
              -79.17963,
              43.76987
            ],
            [
              -79.17977,
              43.76984
            ],
            [
              -79.17988,
              43.76982
            ],
            [
              -79.1802,
              43.76975
            ],
            [
              -79.18098,
              43.76958
            ],
            [
              -79.18194,
              43.76936
            ],
            [
              -79.1828,
              43.76916
            ],
            [
              -79.18339,
              43.76903
            ],
            [
              -79.18357,
              43.76899
            ],
            [
              -79.18383,
              43.76893
            ],
            [
              -79.1841,
              43.76887
            ],
            [
              -79.18438,
              43.76881
            ],
            [
              -79.18497,
              43.76868
            ],
            [
              -79.1852,
              43.76863
            ],
            [
              -79.18524,
              43.76862
            ],
            [
              -79.18544,
              43.76858
            ],
            [
              -79.18593,
              43.76848
            ],
            [
              -79.18619,
              43.76843
            ],
            [
              -79.18674,
              43.7683
            ],
            [
              -79.18709,
              43.76822
            ],
            [
              -79.18724,
              43.76819
            ],
            [
              -79.1878,
              43.76806
            ],
            [
              -79.18793,
              43.76803
            ],
            [
              -79.18808,
              43.768
            ],
            [
              -79.18836,
              43.76794
            ],
            [
              -79.18852,
              43.7679
            ],
            [
              -79.18908,
              43.76779
            ],
            [
              -79.1893,
              43.76775
            ],
            [
              -79.1894,
              43.76773
            ],
            [
              -79.18967,
              43.76767
            ],
            [
              -79.19034,
              43.76751
            ],
            [
              -79.19068,
              43.76743
            ],
            [
              -79.1914,
              43.76727
            ],
            [
              -79.19152,
              43.76724
            ],
            [
              -79.19171,
              43.7672
            ],
            [
              -79.19206,
              43.76712
            ],
            [
              -79.19238,
              43.76705
            ],
            [
              -79.19269,
              43.76698
            ],
            [
              -79.19289,
              43.76694
            ],
            [
              -79.1931,
              43.76689
            ],
            [
              -79.19325,
              43.76686
            ],
            [
              -79.19364,
              43.76677
            ],
            [
              -79.19382,
              43.76673
            ],
            [
              -79.19397,
              43.7667
            ],
            [
              -79.19446,
              43.76659
            ],
            [
              -79.19487,
              43.7665
            ],
            [
              -79.19516,
              43.76644
            ],
            [
              -79.19577,
              43.7663
            ],
            [
              -79.19642,
              43.76616
            ],
            [
              -79.19664,
              43.76611
            ],
            [
              -79.19683,
              43.76607
            ],
            [
              -79.19696,
              43.76604
            ],
            [
              -79.19761,
              43.76589
            ],
            [
              -79.19802,
              43.7658
            ],
            [
              -79.19817,
              43.76576
            ],
            [
              -79.1986,
              43.76566
            ],
            [
              -79.19888,
              43.7656
            ],
            [
              -79.19907,
              43.76556
            ],
            [
              -79.19932,
              43.76549
            ],
            [
              -79.19946,
              43.76546
            ],
            [
              -79.1996,
              43.76543
            ],
            [
              -79.1999,
              43.76536
            ],
            [
              -79.20029,
              43.76527
            ],
            [
              -79.20179,
              43.76492
            ],
            [
              -79.20342,
              43.76455
            ],
            [
              -79.2036,
              43.76451
            ],
            [
              -79.20485,
              43.76423
            ],
            [
              -79.20507,
              43.76418
            ],
            [
              -79.20539,
              43.76411
            ],
            [
              -79.20561,
              43.76406
            ],
            [
              -79.20602,
              43.76397
            ],
            [
              -79.20628,
              43.76391
            ],
            [
              -79.20646,
              43.76387
            ],
            [
              -79.2076,
              43.76362
            ],
            [
              -79.20792,
              43.76355
            ],
            [
              -79.20845,
              43.76344
            ],
            [
              -79.20884,
              43.76336
            ],
            [
              -79.20944,
              43.76323
            ],
            [
              -79.20989,
              43.76313
            ],
            [
              -79.21008,
              43.76308
            ],
            [
              -79.21024,
              43.76304
            ],
            [
              -79.21095,
              43.76289
            ],
            [
              -79.21104,
              43.76287
            ],
            [
              -79.21126,
              43.76282
            ],
            [
              -79.21172,
              43.76272
            ],
            [
              -79.21194,
              43.76268
            ],
            [
              -79.21212,
              43.76264
            ],
            [
              -79.21264,
              43.76253
            ],
            [
              -79.21278,
              43.7625
            ],
            [
              -79.21391,
              43.76226
            ],
            [
              -79.21447,
              43.76213
            ],
            [
              -79.21466,
              43.76209
            ],
            [
              -79.21516,
              43.76198
            ],
            [
              -79.2158,
              43.76184
            ],
            [
              -79.21648,
              43.7617
            ],
            [
              -79.21684,
              43.76162
            ],
            [
              -79.21805,
              43.76137
            ],
            [
              -79.21847,
              43.76128
            ],
            [
              -79.21902,
              43.76116
            ],
            [
              -79.21975,
              43.761
            ],
            [
              -79.2204,
              43.76086
            ],
            [
              -79.22057,
              43.76082
            ],
            [
              -79.2208,
              43.76077
            ],
            [
              -79.22106,
              43.76072
            ],
            [
              -79.22123,
              43.76068
            ],
            [
              -79.2217,
              43.76058
            ],
            [
              -79.2222,
              43.76048
            ],
            [
              -79.22249,
              43.76042
            ],
            [
              -79.22297,
              43.76032
            ],
            [
              -79.2235,
              43.76021
            ],
            [
              -79.22389,
              43.76011
            ],
            [
              -79.22405,
              43.76009
            ],
            [
              -79.22443,
              43.76
            ],
            [
              -79.22464,
              43.75996
            ],
            [
              -79.22532,
              43.75982
            ],
            [
              -79.22522,
              43.75951
            ],
            [
              -79.22515,
              43.75927
            ],
            [
              -79.22502,
              43.75887
            ],
            [
              -79.22496,
              43.75868
            ],
            [
              -79.22488,
              43.75836
            ],
            [
              -79.22485,
              43.75822
            ],
            [
              -79.22477,
              43.75789
            ],
            [
              -79.224491,
              43.757906
            ]
          ],
          [
            [
              -79.224491,
              43.757906
            ],
            [
              -79.22477,
              43.75789
            ],
            [
              -79.22485,
              43.75822
            ],
            [
              -79.22488,
              43.75836
            ],
            [
              -79.22496,
              43.75868
            ],
            [
              -79.22502,
              43.75887
            ],
            [
              -79.22515,
              43.75927
            ],
            [
              -79.22522,
              43.75951
            ],
            [
              -79.22532,
              43.75982
            ],
            [
              -79.22579,
              43.75972
            ],
            [
              -79.22607,
              43.75966
            ],
            [
              -79.22658,
              43.75955
            ],
            [
              -79.22672,
              43.75952
            ],
            [
              -79.22699,
              43.75946
            ],
            [
              -79.22722,
              43.75941
            ],
            [
              -79.22775,
              43.7593
            ],
            [
              -79.22789,
              43.75927
            ],
            [
              -79.22823,
              43.7592
            ],
            [
              -79.22875,
              43.75909
            ],
            [
              -79.22912,
              43.75901
            ],
            [
              -79.2295,
              43.75893
            ],
            [
              -79.22987,
              43.75885
            ],
            [
              -79.23049,
              43.75872
            ],
            [
              -79.23083,
              43.75865
            ],
            [
              -79.23179,
              43.75845
            ],
            [
              -79.2325,
              43.7583
            ],
            [
              -79.23305,
              43.75819
            ],
            [
              -79.23364,
              43.75806
            ],
            [
              -79.23386,
              43.75801
            ],
            [
              -79.2341,
              43.75796
            ],
            [
              -79.23441,
              43.7579
            ],
            [
              -79.23463,
              43.75786
            ],
            [
              -79.23478,
              43.75783
            ],
            [
              -79.23492,
              43.7578
            ],
            [
              -79.23525,
              43.75773
            ],
            [
              -79.23578,
              43.75762
            ],
            [
              -79.23597,
              43.75758
            ],
            [
              -79.23606,
              43.75756
            ],
            [
              -79.23637,
              43.75749
            ],
            [
              -79.23821,
              43.75709
            ],
            [
              -79.23888,
              43.75695
            ],
            [
              -79.23939,
              43.75684
            ],
            [
              -79.23974,
              43.75677
            ],
            [
              -79.24023,
              43.75667
            ],
            [
              -79.2407,
              43.75656
            ],
            [
              -79.24079,
              43.75654
            ],
            [
              -79.24108,
              43.75648
            ],
            [
              -79.24135,
              43.75642
            ],
            [
              -79.24162,
              43.75636
            ],
            [
              -79.24172,
              43.75634
            ],
            [
              -79.24204,
              43.75627
            ],
            [
              -79.24237,
              43.7562
            ],
            [
              -79.24266,
              43.75614
            ],
            [
              -79.24317,
              43.75603
            ],
            [
              -79.24332,
              43.756
            ],
            [
              -79.2435,
              43.75596
            ],
            [
              -79.24364,
              43.75593
            ],
            [
              -79.24379,
              43.7559
            ],
            [
              -79.24454,
              43.75575
            ],
            [
              -79.24473,
              43.75571
            ],
            [
              -79.24491,
              43.75567
            ],
            [
              -79.2451,
              43.75563
            ],
            [
              -79.24543,
              43.75556
            ],
            [
              -79.24538,
              43.75528
            ],
            [
              -79.24533,
              43.75513
            ],
            [
              -79.2453,
              43.75506
            ],
            [
              -79.24528,
              43.75497
            ],
            [
              -79.24522,
              43.7548
            ],
            [
              -79.24504,
              43.75434
            ],
            [
              -79.24486,
              43.75388
            ],
            [
              -79.24471,
              43.75353
            ],
            [
              -79.24463,
              43.75334
            ],
            [
              -79.24456,
              43.75318
            ],
            [
              -79.24453,
              43.75311
            ],
            [
              -79.24448,
              43.75299
            ],
            [
              -79.24443,
              43.75282
            ],
            [
              -79.24442,
              43.7527
            ],
            [
              -79.24442,
              43.75227
            ],
            [
              -79.24442,
              43.75207
            ],
            [
              -79.24406,
              43.75208
            ],
            [
              -79.2438,
              43.75147
            ]
          ],
          [
            [
              -79.2438,
              43.75147
            ],
            [
              -79.24406,
              43.75208
            ],
            [
              -79.24442,
              43.75207
            ],
            [
              -79.24443,
              43.75123
            ],
            [
              -79.24442,
              43.75084
            ],
            [
              -79.24443,
              43.75039
            ],
            [
              -79.24444,
              43.74999
            ],
            [
              -79.24447,
              43.74953
            ],
            [
              -79.24453,
              43.74855
            ],
            [
              -79.24455,
              43.74823
            ],
            [
              -79.24457,
              43.74779
            ],
            [
              -79.24458,
              43.7475
            ],
            [
              -79.24459,
              43.74719
            ],
            [
              -79.24458,
              43.74636
            ],
            [
              -79.24461,
              43.74598
            ],
            [
              -79.24468,
              43.74531
            ],
            [
              -79.24477,
              43.74495
            ],
            [
              -79.24478,
              43.74481
            ],
            [
              -79.24481,
              43.74449
            ],
            [
              -79.24486,
              43.74421
            ],
            [
              -79.24492,
              43.74382
            ],
            [
              -79.24494,
              43.74375
            ],
            [
              -79.24501,
              43.74357
            ],
            [
              -79.24504,
              43.74346
            ],
            [
              -79.2451,
              43.74325
            ],
            [
              -79.24516,
              43.74295
            ],
            [
              -79.24527,
              43.74264
            ],
            [
              -79.24529,
              43.74258
            ],
            [
              -79.24533,
              43.74246
            ],
            [
              -79.24539,
              43.74216
            ],
            [
              -79.24539,
              43.74208
            ],
            [
              -79.24538,
              43.74193
            ],
            [
              -79.24541,
              43.74178
            ],
            [
              -79.24548,
              43.74114
            ],
            [
              -79.24549,
              43.74105
            ],
            [
              -79.24549,
              43.74099
            ],
            [
              -79.24552,
              43.74068
            ],
            [
              -79.24553,
              43.74056
            ],
            [
              -79.24554,
              43.74036
            ],
            [
              -79.24555,
              43.73991
            ],
            [
              -79.24553,
              43.73945
            ],
            [
              -79.24552,
              43.73933
            ],
            [
              -79.24551,
              43.73894
            ],
            [
              -79.24552,
              43.73882
            ],
            [
              -79.24558,
              43.73856
            ],
            [
              -79.24565,
              43.73835
            ],
            [
              -79.24576,
              43.73812
            ],
            [
              -79.24583,
              43.73797
            ],
            [
              -79.24603,
              43.73755
            ],
            [
              -79.24629,
              43.73714
            ],
            [
              -79.24679,
              43.73698
            ],
            [
              -79.2473,
              43.73687
            ],
            [
              -79.24749,
              43.73683
            ],
            [
              -79.24811,
              43.7367
            ],
            [
              -79.24869,
              43.73657
            ],
            [
              -79.24899,
              43.73651
            ],
            [
              -79.24929,
              43.73645
            ],
            [
              -79.2498,
              43.73634
            ],
            [
              -79.25082,
              43.73613
            ],
            [
              -79.25135,
              43.73602
            ],
            [
              -79.252,
              43.73588
            ],
            [
              -79.25251,
              43.73578
            ],
            [
              -79.25264,
              43.73575
            ],
            [
              -79.2532,
              43.73563
            ],
            [
              -79.25394,
              43.73546
            ],
            [
              -79.25416,
              43.73541
            ],
            [
              -79.25437,
              43.73536
            ],
            [
              -79.25457,
              43.73531
            ],
            [
              -79.25484,
              43.73526
            ],
            [
              -79.25529,
              43.73516
            ],
            [
              -79.25567,
              43.73507
            ],
            [
              -79.25581,
              43.73505
            ],
            [
              -79.25611,
              43.73498
            ],
            [
              -79.25627,
              43.73494
            ],
            [
              -79.25636,
              43.73492
            ],
            [
              -79.25678,
              43.73483
            ],
            [
              -79.25683,
              43.73482
            ],
            [
              -79.25693,
              43.7348
            ],
            [
              -79.25721,
              43.73474
            ],
            [
              -79.25726,
              43.73473
            ],
            [
              -79.25748,
              43.73468
            ],
            [
              -79.25815,
              43.73455
            ],
            [
              -79.25881,
              43.7344
            ],
            [
              -79.25903,
              43.73435
            ],
            [
              -79.25921,
              43.73431
            ],
            [
              -79.25963,
              43.73422
            ],
            [
              -79.26016,
              43.7341
            ],
            [
              -79.2618,
              43.73372
            ],
            [
              -79.26295,
              43.73344
            ],
            [
              -79.26325,
              43.73337
            ],
            [
              -79.26574,
              43.73277
            ],
            [
              -79.26641,
              43.73262
            ],
            [
              -79.26675,
              43.73254
            ],
            [
              -79.26704,
              43.73247
            ],
            [
              -79.26737,
              43.73239
            ],
            [
              -79.26802,
              43.73224
            ],
            [
              -79.26825,
              43.73227
            ],
            [
              -79.26849,
              43.73224
            ],
            [
              -79.26877,
              43.7322
            ],
            [
              -79.2691,
              43.73215
            ],
            [
              -79.26923,
              43.73212
            ],
            [
              -79.26943,
              43.73206
            ],
            [
              -79.2701,
              43.73187
            ],
            [
              -79.27052,
              43.73178
            ],
            [
              -79.27079,
              43.73172
            ],
            [
              -79.27108,
              43.73165
            ],
            [
              -79.27127,
              43.7316
            ],
            [
              -79.27152,
              43.73218
            ],
            [
              -79.27137,
              43.73222
            ],
            [
              -79.270302,
              43.73247
            ]
          ]
        ]
      }
    },
    {
      "type": "Feature",
      "properties": {
        "felt_featu": 1,
        "name": "Route Three",
        "felt_color": "#723FA6",
        "felt_hasLo": "F",
        "felt_id": "0KldCscTRdW1Yd29CsQ9CF9BC",
        "felt_locke": "F",
        "felt_order": 1772807310288762,
        "felt_radiu": 90,
        "felt_route": "DRIVING",
        "felt_showE": "F",
        "felt_showL": "F",
        "felt_strok": 1,
        "felt_str_1": "solid",
        "felt_str_2": 4,
        "felt_type": "Path",
        "felt_width": 1,
        "source_file": "Route-Three"
      },
      "geometry": {
        "type": "MultiLineString",
        "coordinates": [
          [
            [
              -79.507016,
              43.759002
            ],
            [
              -79.50702,
              43.75902
            ],
            [
              -79.50709,
              43.75927
            ],
            [
              -79.50715,
              43.75939
            ],
            [
              -79.50633,
              43.75958
            ],
            [
              -79.50608,
              43.75965
            ],
            [
              -79.50536,
              43.7598
            ],
            [
              -79.50477,
              43.75993
            ],
            [
              -79.50406,
              43.7601
            ],
            [
              -79.50355,
              43.76021
            ],
            [
              -79.50198,
              43.76056
            ],
            [
              -79.50174,
              43.76061
            ],
            [
              -79.50087,
              43.76079
            ],
            [
              -79.50066,
              43.76084
            ],
            [
              -79.49996,
              43.76101
            ],
            [
              -79.49996,
              43.76118
            ],
            [
              -79.5001,
              43.76115
            ],
            [
              -79.50074,
              43.761
            ],
            [
              -79.50094,
              43.76096
            ],
            [
              -79.50178,
              43.76076
            ],
            [
              -79.5021,
              43.76069
            ],
            [
              -79.50252,
              43.76059
            ],
            [
              -79.50322,
              43.76043
            ],
            [
              -79.50361,
              43.76034
            ],
            [
              -79.50413,
              43.76022
            ],
            [
              -79.50482,
              43.76007
            ],
            [
              -79.5054,
              43.75994
            ],
            [
              -79.50571,
              43.75987
            ],
            [
              -79.5061,
              43.75979
            ],
            [
              -79.5074,
              43.75951
            ],
            [
              -79.50763,
              43.75946
            ],
            [
              -79.50798,
              43.75939
            ],
            [
              -79.50886,
              43.75919
            ],
            [
              -79.50955,
              43.75903
            ],
            [
              -79.50997,
              43.75893
            ],
            [
              -79.51068,
              43.75877
            ],
            [
              -79.51277,
              43.75831
            ],
            [
              -79.51345,
              43.75816
            ],
            [
              -79.51385,
              43.75808
            ],
            [
              -79.51424,
              43.75799
            ],
            [
              -79.51486,
              43.75784
            ],
            [
              -79.51537,
              43.75772
            ],
            [
              -79.51563,
              43.75766
            ],
            [
              -79.51589,
              43.75761
            ],
            [
              -79.51617,
              43.75757
            ],
            [
              -79.51653,
              43.75753
            ],
            [
              -79.5171,
              43.75746
            ],
            [
              -79.51774,
              43.75739
            ],
            [
              -79.51768,
              43.7572
            ],
            [
              -79.5176,
              43.75691
            ],
            [
              -79.51753,
              43.75665
            ],
            [
              -79.51749,
              43.7565
            ],
            [
              -79.51743,
              43.75632
            ],
            [
              -79.51735,
              43.75605
            ],
            [
              -79.51715,
              43.75525
            ],
            [
              -79.51705,
              43.75484
            ],
            [
              -79.51679,
              43.75376
            ],
            [
              -79.51674,
              43.75358
            ],
            [
              -79.51668,
              43.75332
            ],
            [
              -79.51646,
              43.75246
            ],
            [
              -79.5164,
              43.75218
            ],
            [
              -79.51632,
              43.75188
            ],
            [
              -79.51628,
              43.75174
            ],
            [
              -79.51621,
              43.75146
            ],
            [
              -79.51615,
              43.75121
            ],
            [
              -79.51603,
              43.75073
            ],
            [
              -79.51562,
              43.74911
            ],
            [
              -79.51552,
              43.74871
            ],
            [
              -79.51544,
              43.74835
            ],
            [
              -79.51529,
              43.74774
            ],
            [
              -79.51522,
              43.74746
            ],
            [
              -79.51513,
              43.74711
            ],
            [
              -79.51496,
              43.74643
            ],
            [
              -79.51483,
              43.7459
            ],
            [
              -79.51478,
              43.74571
            ],
            [
              -79.5147,
              43.74539
            ],
            [
              -79.51464,
              43.74513
            ],
            [
              -79.51461,
              43.74502
            ],
            [
              -79.51457,
              43.74486
            ],
            [
              -79.51438,
              43.74408
            ],
            [
              -79.5143,
              43.74374
            ],
            [
              -79.51418,
              43.74326
            ],
            [
              -79.51413,
              43.74307
            ],
            [
              -79.51405,
              43.74276
            ],
            [
              -79.51397,
              43.74244
            ],
            [
              -79.51395,
              43.74238
            ],
            [
              -79.5139,
              43.74218
            ],
            [
              -79.51384,
              43.74197
            ],
            [
              -79.51382,
              43.74189
            ],
            [
              -79.51378,
              43.74172
            ],
            [
              -79.51375,
              43.7416
            ],
            [
              -79.51373,
              43.7415
            ],
            [
              -79.51366,
              43.74124
            ],
            [
              -79.51358,
              43.74093
            ],
            [
              -79.5135,
              43.74059
            ],
            [
              -79.51343,
              43.74032
            ],
            [
              -79.5134,
              43.74021
            ],
            [
              -79.51336,
              43.74005
            ],
            [
              -79.51332,
              43.73989
            ],
            [
              -79.51328,
              43.73974
            ],
            [
              -79.51318,
              43.73939
            ],
            [
              -79.513031,
              43.739423
            ]
          ],
          [
            [
              -79.513031,
              43.739423
            ],
            [
              -79.51318,
              43.73939
            ],
            [
              -79.51308,
              43.73899
            ],
            [
              -79.51303,
              43.73883
            ],
            [
              -79.51297,
              43.7386
            ],
            [
              -79.51292,
              43.73843
            ],
            [
              -79.51287,
              43.73826
            ],
            [
              -79.51279,
              43.738
            ],
            [
              -79.51269,
              43.73765
            ],
            [
              -79.51249,
              43.73695
            ],
            [
              -79.5124,
              43.73661
            ],
            [
              -79.51216,
              43.73572
            ],
            [
              -79.51205,
              43.73525
            ],
            [
              -79.51201,
              43.73507
            ],
            [
              -79.5119,
              43.73455
            ],
            [
              -79.51181,
              43.73418
            ],
            [
              -79.51176,
              43.73395
            ],
            [
              -79.5117,
              43.73372
            ],
            [
              -79.51162,
              43.73342
            ],
            [
              -79.51139,
              43.73239
            ],
            [
              -79.51129,
              43.73204
            ],
            [
              -79.51124,
              43.73183
            ],
            [
              -79.51108,
              43.73113
            ],
            [
              -79.51102,
              43.73086
            ],
            [
              -79.51098,
              43.73067
            ],
            [
              -79.51078,
              43.72974
            ],
            [
              -79.51069,
              43.72933
            ],
            [
              -79.51058,
              43.72889
            ],
            [
              -79.51048,
              43.72851
            ],
            [
              -79.51033,
              43.72791
            ],
            [
              -79.51026,
              43.72763
            ],
            [
              -79.50997,
              43.72644
            ],
            [
              -79.50992,
              43.72623
            ],
            [
              -79.5097,
              43.7253
            ],
            [
              -79.5096,
              43.72487
            ],
            [
              -79.50948,
              43.72439
            ],
            [
              -79.50945,
              43.72427
            ],
            [
              -79.50937,
              43.72398
            ],
            [
              -79.50936,
              43.72394
            ],
            [
              -79.50934,
              43.72389
            ],
            [
              -79.50932,
              43.72381
            ],
            [
              -79.50921,
              43.72341
            ],
            [
              -79.5091,
              43.72302
            ],
            [
              -79.50903,
              43.72269
            ],
            [
              -79.50898,
              43.72249
            ],
            [
              -79.50895,
              43.72235
            ],
            [
              -79.5089,
              43.72211
            ],
            [
              -79.50882,
              43.72173
            ],
            [
              -79.50877,
              43.72154
            ],
            [
              -79.50873,
              43.72134
            ],
            [
              -79.50863,
              43.72093
            ],
            [
              -79.508605,
              43.720822
            ]
          ],
          [
            [
              -79.508605,
              43.720822
            ],
            [
              -79.5085,
              43.72038
            ],
            [
              -79.50845,
              43.72018
            ],
            [
              -79.50838,
              43.7199
            ],
            [
              -79.50831,
              43.71967
            ],
            [
              -79.50828,
              43.71952
            ],
            [
              -79.50817,
              43.7191
            ],
            [
              -79.50798,
              43.7184
            ],
            [
              -79.50781,
              43.71777
            ],
            [
              -79.50777,
              43.71761
            ],
            [
              -79.50771,
              43.71737
            ],
            [
              -79.50764,
              43.7171
            ],
            [
              -79.50759,
              43.71691
            ],
            [
              -79.50756,
              43.7168
            ],
            [
              -79.50753,
              43.71669
            ],
            [
              -79.50745,
              43.71639
            ],
            [
              -79.5074,
              43.7162
            ],
            [
              -79.50738,
              43.71612
            ],
            [
              -79.50732,
              43.71591
            ],
            [
              -79.50718,
              43.71541
            ],
            [
              -79.50715,
              43.71532
            ],
            [
              -79.5071,
              43.71514
            ],
            [
              -79.50703,
              43.71488
            ],
            [
              -79.50698,
              43.71471
            ],
            [
              -79.50689,
              43.71441
            ],
            [
              -79.50678,
              43.71403
            ],
            [
              -79.5067,
              43.71374
            ],
            [
              -79.50655,
              43.71314
            ],
            [
              -79.50645,
              43.71272
            ],
            [
              -79.50615,
              43.71175
            ],
            [
              -79.50613,
              43.71167
            ],
            [
              -79.5061,
              43.71156
            ],
            [
              -79.50607,
              43.71141
            ],
            [
              -79.50601,
              43.71107
            ],
            [
              -79.50583,
              43.71046
            ],
            [
              -79.50575,
              43.7102
            ],
            [
              -79.50568,
              43.70994
            ],
            [
              -79.50565,
              43.70982
            ],
            [
              -79.50559,
              43.70961
            ],
            [
              -79.5055,
              43.70928
            ],
            [
              -79.50851,
              43.70858
            ],
            [
              -79.51014,
              43.70825
            ],
            [
              -79.51096,
              43.70808
            ],
            [
              -79.51607,
              43.70684
            ],
            [
              -79.51649,
              43.70675
            ],
            [
              -79.5167,
              43.70664
            ],
            [
              -79.51692,
              43.70645
            ],
            [
              -79.51702,
              43.70636
            ],
            [
              -79.51716,
              43.7063
            ],
            [
              -79.51735,
              43.70624
            ],
            [
              -79.51987,
              43.70566
            ],
            [
              -79.5201,
              43.7056
            ],
            [
              -79.52034,
              43.70551
            ],
            [
              -79.520728,
              43.705334
            ]
          ],
          [
            [
              -79.520728,
              43.705334
            ],
            [
              -79.5212,
              43.70512
            ],
            [
              -79.52145,
              43.705
            ],
            [
              -79.5217,
              43.70488
            ],
            [
              -79.52181,
              43.70483
            ],
            [
              -79.52205,
              43.70471
            ],
            [
              -79.52217,
              43.70466
            ],
            [
              -79.52284,
              43.70436
            ],
            [
              -79.52343,
              43.70407
            ],
            [
              -79.52386,
              43.70387
            ],
            [
              -79.52398,
              43.70382
            ],
            [
              -79.52509,
              43.70328
            ],
            [
              -79.52515,
              43.70322
            ],
            [
              -79.52509,
              43.70318
            ],
            [
              -79.52513,
              43.70306
            ],
            [
              -79.525041,
              43.703019
            ]
          ],
          [
            [
              -79.525041,
              43.703019
            ],
            [
              -79.52465,
              43.70284
            ],
            [
              -79.5247,
              43.70273
            ],
            [
              -79.52443,
              43.70263
            ],
            [
              -79.52433,
              43.70259
            ],
            [
              -79.52404,
              43.70248
            ],
            [
              -79.52374,
              43.70237
            ],
            [
              -79.5236,
              43.70232
            ],
            [
              -79.52316,
              43.70216
            ],
            [
              -79.523,
              43.7021
            ],
            [
              -79.52282,
              43.70203
            ],
            [
              -79.52245,
              43.70188
            ],
            [
              -79.52186,
              43.7017
            ],
            [
              -79.5217,
              43.70165
            ],
            [
              -79.52141,
              43.70158
            ],
            [
              -79.52113,
              43.70151
            ],
            [
              -79.52065,
              43.70139
            ],
            [
              -79.52042,
              43.70133
            ]
          ],
          [
            [
              -79.52042,
              43.70133
            ],
            [
              -79.52014,
              43.70125
            ],
            [
              -79.51984,
              43.70117
            ],
            [
              -79.5194,
              43.70105
            ],
            [
              -79.51881,
              43.70089
            ],
            [
              -79.51839,
              43.70078
            ],
            [
              -79.51788,
              43.70064
            ],
            [
              -79.51778,
              43.70061
            ],
            [
              -79.5168,
              43.70034
            ],
            [
              -79.51619,
              43.70015
            ],
            [
              -79.51532,
              43.69982
            ],
            [
              -79.51492,
              43.69968
            ],
            [
              -79.51473,
              43.69961
            ],
            [
              -79.51435,
              43.69948
            ],
            [
              -79.51422,
              43.69943
            ],
            [
              -79.51388,
              43.69931
            ],
            [
              -79.51378,
              43.69927
            ],
            [
              -79.51342,
              43.69914
            ],
            [
              -79.51327,
              43.69908
            ],
            [
              -79.51237,
              43.69876
            ],
            [
              -79.51128,
              43.69837
            ],
            [
              -79.51064,
              43.69812
            ],
            [
              -79.51026,
              43.69793
            ],
            [
              -79.51005,
              43.6978
            ],
            [
              -79.50964,
              43.69748
            ],
            [
              -79.50943,
              43.6973
            ],
            [
              -79.50886,
              43.6968
            ],
            [
              -79.50817,
              43.69622
            ],
            [
              -79.50729,
              43.69546
            ],
            [
              -79.50636,
              43.6947
            ],
            [
              -79.5059,
              43.69432
            ],
            [
              -79.50582,
              43.69425
            ],
            [
              -79.5056,
              43.69406
            ],
            [
              -79.50522,
              43.69375
            ],
            [
              -79.50462,
              43.69325
            ],
            [
              -79.50415,
              43.69285
            ],
            [
              -79.5039,
              43.69266
            ],
            [
              -79.50354,
              43.69243
            ],
            [
              -79.50315,
              43.69223
            ],
            [
              -79.50274,
              43.69205
            ],
            [
              -79.50213,
              43.69179
            ],
            [
              -79.50143,
              43.6915
            ],
            [
              -79.50086,
              43.69128
            ],
            [
              -79.50007,
              43.69097
            ],
            [
              -79.49939,
              43.69069
            ],
            [
              -79.49905,
              43.69054
            ],
            [
              -79.49866,
              43.69036
            ],
            [
              -79.49822,
              43.69017
            ],
            [
              -79.49788,
              43.69003
            ],
            [
              -79.49668,
              43.68954
            ],
            [
              -79.4963,
              43.68938
            ],
            [
              -79.49601,
              43.68927
            ],
            [
              -79.49504,
              43.68893
            ],
            [
              -79.49473,
              43.68883
            ],
            [
              -79.49417,
              43.68865
            ],
            [
              -79.49392,
              43.68856
            ],
            [
              -79.49385,
              43.68853
            ],
            [
              -79.49312,
              43.68828
            ],
            [
              -79.4926,
              43.6881
            ],
            [
              -79.49199,
              43.6879
            ],
            [
              -79.49089,
              43.68754
            ],
            [
              -79.49054,
              43.68741
            ],
            [
              -79.49045,
              43.68737
            ],
            [
              -79.49011,
              43.68723
            ],
            [
              -79.48982,
              43.6871
            ],
            [
              -79.48957,
              43.687
            ],
            [
              -79.48919,
              43.68679
            ],
            [
              -79.48892,
              43.68666
            ],
            [
              -79.4873,
              43.68587
            ],
            [
              -79.487,
              43.68572
            ],
            [
              -79.48687,
              43.68566
            ],
            [
              -79.48657,
              43.68597
            ],
            [
              -79.487705,
              43.686531
            ]
          ],
          [
            [
              -79.487705,
              43.686531
            ],
            [
              -79.48657,
              43.68597
            ],
            [
              -79.48687,
              43.68566
            ],
            [
              -79.487,
              43.68572
            ],
            [
              -79.4873,
              43.68587
            ],
            [
              -79.48892,
              43.68666
            ],
            [
              -79.48919,
              43.68679
            ],
            [
              -79.48957,
              43.687
            ],
            [
              -79.489,
              43.68712
            ],
            [
              -79.48806,
              43.6873
            ],
            [
              -79.48737,
              43.68742
            ],
            [
              -79.48685,
              43.68751
            ],
            [
              -79.48624,
              43.68763
            ],
            [
              -79.48557,
              43.68777
            ],
            [
              -79.48462,
              43.68803
            ],
            [
              -79.48372,
              43.68823
            ],
            [
              -79.48294,
              43.68836
            ],
            [
              -79.48279,
              43.6884
            ],
            [
              -79.48214,
              43.68856
            ],
            [
              -79.48168,
              43.68867
            ],
            [
              -79.48107,
              43.68878
            ],
            [
              -79.48053,
              43.68884
            ],
            [
              -79.47984,
              43.68891
            ],
            [
              -79.47961,
              43.68895
            ],
            [
              -79.47941,
              43.689
            ],
            [
              -79.47909,
              43.68909
            ],
            [
              -79.47869,
              43.68925
            ],
            [
              -79.47843,
              43.68935
            ],
            [
              -79.47799,
              43.68949
            ],
            [
              -79.47779,
              43.68954
            ],
            [
              -79.47716,
              43.68968
            ],
            [
              -79.47669,
              43.68977
            ],
            [
              -79.47609,
              43.68991
            ],
            [
              -79.47558,
              43.69003
            ],
            [
              -79.47542,
              43.69007
            ],
            [
              -79.47506,
              43.69015
            ],
            [
              -79.47494,
              43.68989
            ],
            [
              -79.47491,
              43.68983
            ],
            [
              -79.47486,
              43.68971
            ],
            [
              -79.47462,
              43.68921
            ],
            [
              -79.47448,
              43.68887
            ],
            [
              -79.47434,
              43.68851
            ],
            [
              -79.4743,
              43.68841
            ],
            [
              -79.47426,
              43.68832
            ],
            [
              -79.47422,
              43.68822
            ],
            [
              -79.474,
              43.68773
            ],
            [
              -79.47391,
              43.68752
            ],
            [
              -79.47382,
              43.68731
            ],
            [
              -79.47358,
              43.68675
            ],
            [
              -79.47354,
              43.68666
            ],
            [
              -79.47341,
              43.68635
            ],
            [
              -79.47336,
              43.68623
            ],
            [
              -79.47318,
              43.68583
            ],
            [
              -79.473004,
              43.685866
            ]
          ],
          [
            [
              -79.473004,
              43.685866
            ],
            [
              -79.47318,
              43.68583
            ],
            [
              -79.4731,
              43.68564
            ],
            [
              -79.47302,
              43.68545
            ],
            [
              -79.47299,
              43.68538
            ],
            [
              -79.47293,
              43.68525
            ],
            [
              -79.4728,
              43.68494
            ],
            [
              -79.47257,
              43.68441
            ],
            [
              -79.47251,
              43.68427
            ],
            [
              -79.47241,
              43.68403
            ],
            [
              -79.47237,
              43.68393
            ],
            [
              -79.47228,
              43.68374
            ],
            [
              -79.47206,
              43.68323
            ],
            [
              -79.47193,
              43.68292
            ],
            [
              -79.47159,
              43.68213
            ],
            [
              -79.47097,
              43.68218
            ],
            [
              -79.47028,
              43.68223
            ],
            [
              -79.46948,
              43.6823
            ],
            [
              -79.46909,
              43.68232
            ],
            [
              -79.4689,
              43.6823
            ],
            [
              -79.4686,
              43.68222
            ],
            [
              -79.46788,
              43.68195
            ],
            [
              -79.46776,
              43.68188
            ],
            [
              -79.46753,
              43.68168
            ],
            [
              -79.46733,
              43.68148
            ],
            [
              -79.46642,
              43.68059
            ],
            [
              -79.46615,
              43.68032
            ],
            [
              -79.466,
              43.68017
            ],
            [
              -79.46581,
              43.67998
            ],
            [
              -79.46571,
              43.67986
            ],
            [
              -79.46561,
              43.67974
            ],
            [
              -79.4655,
              43.67959
            ],
            [
              -79.46527,
              43.67923
            ],
            [
              -79.4648,
              43.67839
            ],
            [
              -79.46437,
              43.67764
            ],
            [
              -79.46406,
              43.67707
            ],
            [
              -79.46388,
              43.67656
            ],
            [
              -79.4637,
              43.67589
            ],
            [
              -79.46363,
              43.67563
            ],
            [
              -79.46361,
              43.67555
            ],
            [
              -79.46358,
              43.67545
            ],
            [
              -79.4635,
              43.67517
            ],
            [
              -79.46325,
              43.6743
            ],
            [
              -79.46316,
              43.674
            ],
            [
              -79.46304,
              43.67358
            ],
            [
              -79.463,
              43.67345
            ],
            [
              -79.46247,
              43.67357
            ],
            [
              -79.46186,
              43.67372
            ],
            [
              -79.46147,
              43.67381
            ],
            [
              -79.46118,
              43.67387
            ],
            [
              -79.4605,
              43.67402
            ],
            [
              -79.460274,
              43.67407
            ]
          ],
          [
            [
              -79.460274,
              43.67407
            ],
            [
              -79.45996,
              43.67414
            ],
            [
              -79.4594,
              43.67427
            ],
            [
              -79.45892,
              43.67439
            ],
            [
              -79.45858,
              43.67447
            ],
            [
              -79.45808,
              43.67458
            ],
            [
              -79.45757,
              43.67468
            ],
            [
              -79.45707,
              43.67478
            ],
            [
              -79.45669,
              43.67487
            ],
            [
              -79.45646,
              43.67492
            ],
            [
              -79.45634,
              43.67495
            ],
            [
              -79.4562,
              43.67498
            ],
            [
              -79.45592,
              43.67504
            ],
            [
              -79.4556,
              43.67511
            ],
            [
              -79.4553,
              43.67517
            ],
            [
              -79.45501,
              43.67523
            ],
            [
              -79.45473,
              43.67529
            ],
            [
              -79.45407,
              43.67545
            ],
            [
              -79.45348,
              43.67559
            ],
            [
              -79.45211,
              43.67589
            ],
            [
              -79.45165,
              43.67599
            ],
            [
              -79.45134,
              43.67605
            ],
            [
              -79.45112,
              43.67609
            ],
            [
              -79.45054,
              43.67622
            ],
            [
              -79.45,
              43.67634
            ],
            [
              -79.44971,
              43.67641
            ],
            [
              -79.4494,
              43.67648
            ],
            [
              -79.44905,
              43.67656
            ],
            [
              -79.44865,
              43.67665
            ],
            [
              -79.4481,
              43.67677
            ],
            [
              -79.44776,
              43.67683
            ],
            [
              -79.44741,
              43.67691
            ],
            [
              -79.44688,
              43.67703
            ],
            [
              -79.44616,
              43.67719
            ],
            [
              -79.44562,
              43.67731
            ],
            [
              -79.44533,
              43.67738
            ],
            [
              -79.44499,
              43.67746
            ],
            [
              -79.44368,
              43.67775
            ],
            [
              -79.44337,
              43.67781
            ],
            [
              -79.44304,
              43.67788
            ]
          ],
          [
            [
              -79.442933,
              43.677902
            ],
            [
              -79.44256,
              43.67798
            ],
            [
              -79.44217,
              43.67808
            ],
            [
              -79.44196,
              43.67813
            ],
            [
              -79.44173,
              43.67818
            ],
            [
              -79.44134,
              43.67826
            ],
            [
              -79.4408,
              43.67836
            ],
            [
              -79.44041,
              43.67845
            ],
            [
              -79.43974,
              43.67861
            ],
            [
              -79.43924,
              43.67872
            ],
            [
              -79.43901,
              43.67877
            ],
            [
              -79.43872,
              43.67883
            ],
            [
              -79.4383,
              43.67892
            ],
            [
              -79.43745,
              43.67913
            ],
            [
              -79.43715,
              43.6792
            ],
            [
              -79.43651,
              43.67934
            ],
            [
              -79.43612,
              43.67942
            ],
            [
              -79.4358,
              43.67949
            ],
            [
              -79.43521,
              43.67962
            ],
            [
              -79.43465,
              43.67976
            ],
            [
              -79.43433,
              43.67983
            ],
            [
              -79.43398,
              43.6799
            ],
            [
              -79.43368,
              43.67996
            ],
            [
              -79.43338,
              43.68003
            ],
            [
              -79.43312,
              43.68008
            ],
            [
              -79.43279,
              43.68014
            ],
            [
              -79.43246,
              43.6802
            ],
            [
              -79.43233,
              43.67985
            ],
            [
              -79.43191,
              43.67877
            ],
            [
              -79.43184,
              43.67857
            ],
            [
              -79.43169,
              43.67822
            ],
            [
              -79.43149,
              43.67778
            ],
            [
              -79.43126,
              43.67726
            ],
            [
              -79.43103,
              43.67676
            ],
            [
              -79.4308,
              43.6762
            ],
            [
              -79.43065,
              43.67584
            ],
            [
              -79.43054,
              43.67556
            ],
            [
              -79.43041,
              43.67522
            ],
            [
              -79.43029,
              43.67493
            ],
            [
              -79.43021,
              43.67473
            ],
            [
              -79.42954,
              43.67473
            ],
            [
              -79.42867,
              43.67474
            ]
          ],
          [
            [
              -79.428581,
              43.674737
            ],
            [
              -79.4283,
              43.67473
            ],
            [
              -79.42737,
              43.67474
            ],
            [
              -79.42628,
              43.6749
            ],
            [
              -79.42535,
              43.67507
            ],
            [
              -79.42511,
              43.6751
            ],
            [
              -79.42484,
              43.67514
            ],
            [
              -79.42406,
              43.67531
            ],
            [
              -79.42307,
              43.67555
            ],
            [
              -79.42022,
              43.67633
            ],
            [
              -79.42009,
              43.67637
            ],
            [
              -79.41993,
              43.67641
            ],
            [
              -79.41944,
              43.67655
            ],
            [
              -79.41894,
              43.67666
            ],
            [
              -79.41739,
              43.67676
            ],
            [
              -79.41574,
              43.67672
            ],
            [
              -79.4158,
              43.67686
            ],
            [
              -79.41595,
              43.67719
            ],
            [
              -79.4161,
              43.67757
            ],
            [
              -79.41639,
              43.67833
            ],
            [
              -79.41659,
              43.67878
            ],
            [
              -79.41668,
              43.67901
            ],
            [
              -79.41675,
              43.67923
            ],
            [
              -79.41683,
              43.67944
            ],
            [
              -79.41697,
              43.67979
            ],
            [
              -79.41711,
              43.68009
            ],
            [
              -79.41725,
              43.68046
            ],
            [
              -79.41748,
              43.68105
            ],
            [
              -79.41752,
              43.68115
            ],
            [
              -79.41768,
              43.68156
            ],
            [
              -79.41781,
              43.6819
            ],
            [
              -79.417508,
              43.681959
            ]
          ]
        ]
      }
    },
    {
      "type": "Feature",
      "properties": {
        "felt_featu": 1,
        "name": "Route Two",
        "felt_color": "#C93535",
        "felt_hasLo": "F",
        "felt_id": "iulSj4NuSsGljrBuVYShHC",
        "felt_locke": "F",
        "felt_order": 1772807247336146,
        "felt_radiu": 90,
        "felt_route": "DRIVING",
        "felt_showE": "F",
        "felt_showL": "F",
        "felt_strok": 1,
        "felt_str_1": "solid",
        "felt_str_2": 4,
        "felt_type": "Path",
        "felt_width": 1,
        "source_file": "Route-Two"
      },
      "geometry": {
        "type": "MultiLineString",
        "coordinates": [
          [
            [
              -79.57089,
              43.75877
            ],
            [
              -79.57082,
              43.75867
            ],
            [
              -79.57065,
              43.75844
            ],
            [
              -79.57049,
              43.75821
            ],
            [
              -79.57033,
              43.75798
            ],
            [
              -79.57009,
              43.75765
            ],
            [
              -79.56994,
              43.75744
            ],
            [
              -79.56981,
              43.75725
            ],
            [
              -79.56965,
              43.75703
            ],
            [
              -79.56956,
              43.75689
            ],
            [
              -79.56942,
              43.7567
            ],
            [
              -79.56924,
              43.7564
            ],
            [
              -79.56916,
              43.75624
            ],
            [
              -79.56909,
              43.75607
            ],
            [
              -79.56902,
              43.75581
            ],
            [
              -79.56898,
              43.7556
            ],
            [
              -79.56892,
              43.7553
            ],
            [
              -79.56889,
              43.7551
            ],
            [
              -79.56882,
              43.75472
            ],
            [
              -79.56876,
              43.75439
            ],
            [
              -79.56872,
              43.75419
            ],
            [
              -79.5687,
              43.7541
            ],
            [
              -79.56865,
              43.75384
            ],
            [
              -79.56864,
              43.75378
            ],
            [
              -79.56857,
              43.75345
            ],
            [
              -79.56855,
              43.75336
            ],
            [
              -79.56842,
              43.7528
            ],
            [
              -79.56838,
              43.7526
            ],
            [
              -79.56834,
              43.75239
            ],
            [
              -79.56831,
              43.75226
            ],
            [
              -79.56829,
              43.75218
            ],
            [
              -79.56823,
              43.75193
            ],
            [
              -79.56819,
              43.75175
            ],
            [
              -79.56816,
              43.75162
            ],
            [
              -79.56814,
              43.75152
            ],
            [
              -79.56807,
              43.75121
            ],
            [
              -79.56798,
              43.75072
            ],
            [
              -79.56795,
              43.75031
            ],
            [
              -79.56796,
              43.74994
            ],
            [
              -79.568,
              43.7496
            ],
            [
              -79.56805,
              43.74943
            ],
            [
              -79.56809,
              43.74926
            ],
            [
              -79.56815,
              43.74905
            ],
            [
              -79.5683,
              43.74857
            ],
            [
              -79.56835,
              43.74836
            ],
            [
              -79.56837,
              43.74827
            ],
            [
              -79.56843,
              43.74794
            ],
            [
              -79.56847,
              43.74775
            ],
            [
              -79.56851,
              43.74747
            ],
            [
              -79.56853,
              43.74733
            ],
            [
              -79.5686,
              43.74685
            ],
            [
              -79.56862,
              43.74666
            ],
            [
              -79.56862,
              43.74632
            ],
            [
              -79.56861,
              43.74613
            ],
            [
              -79.56804,
              43.74628
            ],
            [
              -79.56701,
              43.74656
            ],
            [
              -79.56669,
              43.74665
            ],
            [
              -79.56583,
              43.74689
            ],
            [
              -79.56526,
              43.74704
            ],
            [
              -79.56493,
              43.74713
            ],
            [
              -79.56439,
              43.74728
            ],
            [
              -79.56391,
              43.74738
            ],
            [
              -79.56306,
              43.74757
            ],
            [
              -79.56232,
              43.74774
            ],
            [
              -79.56183,
              43.74783
            ],
            [
              -79.56093,
              43.74805
            ],
            [
              -79.56067,
              43.74812
            ],
            [
              -79.55995,
              43.74828
            ],
            [
              -79.55971,
              43.74833
            ],
            [
              -79.55921,
              43.74843
            ],
            [
              -79.55872,
              43.74853
            ],
            [
              -79.5582,
              43.74863
            ],
            [
              -79.55758,
              43.74875
            ],
            [
              -79.55713,
              43.74885
            ],
            [
              -79.55621,
              43.74905
            ],
            [
              -79.55597,
              43.74911
            ],
            [
              -79.55527,
              43.74928
            ],
            [
              -79.55468,
              43.7494
            ],
            [
              -79.55394,
              43.74956
            ],
            [
              -79.55335,
              43.74967
            ],
            [
              -79.55318,
              43.74971
            ],
            [
              -79.55303,
              43.74975
            ],
            [
              -79.55278,
              43.7498
            ],
            [
              -79.55226,
              43.74991
            ],
            [
              -79.55179,
              43.75
            ],
            [
              -79.55144,
              43.75008
            ],
            [
              -79.55105,
              43.75016
            ],
            [
              -79.5508,
              43.75021
            ],
            [
              -79.55053,
              43.75027
            ],
            [
              -79.54982,
              43.75043
            ],
            [
              -79.54956,
              43.75049
            ],
            [
              -79.54929,
              43.75055
            ],
            [
              -79.54904,
              43.7506
            ],
            [
              -79.54832,
              43.75076
            ],
            [
              -79.54744,
              43.75095
            ],
            [
              -79.54574,
              43.7513
            ],
            [
              -79.54545,
              43.75137
            ],
            [
              -79.54518,
              43.75144
            ],
            [
              -79.54503,
              43.75147
            ],
            [
              -79.54474,
              43.75153
            ],
            [
              -79.5446,
              43.75156
            ],
            [
              -79.54444,
              43.7516
            ],
            [
              -79.54424,
              43.75165
            ],
            [
              -79.54376,
              43.75174
            ],
            [
              -79.54351,
              43.75178
            ],
            [
              -79.54315,
              43.75185
            ],
            [
              -79.54285,
              43.7519
            ],
            [
              -79.54238,
              43.75198
            ],
            [
              -79.5423,
              43.75162
            ],
            [
              -79.54226,
              43.75148
            ],
            [
              -79.54223,
              43.75136
            ],
            [
              -79.54214,
              43.75102
            ],
            [
              -79.5421,
              43.75086
            ],
            [
              -79.54201,
              43.75043
            ],
            [
              -79.54193,
              43.75005
            ],
            [
              -79.5419,
              43.74989
            ],
            [
              -79.54185,
              43.74966
            ],
            [
              -79.54178,
              43.74933
            ],
            [
              -79.54169,
              43.74889
            ],
            [
              -79.54161,
              43.74851
            ],
            [
              -79.54155,
              43.74822
            ],
            [
              -79.54147,
              43.74787
            ],
            [
              -79.54146,
              43.74781
            ],
            [
              -79.54137,
              43.74743
            ],
            [
              -79.54131,
              43.74717
            ],
            [
              -79.54123,
              43.74682
            ],
            [
              -79.54118,
              43.74659
            ],
            [
              -79.54112,
              43.74632
            ],
            [
              -79.54105,
              43.74602
            ],
            [
              -79.54096,
              43.74564
            ],
            [
              -79.54088,
              43.74528
            ],
            [
              -79.54068,
              43.74442
            ],
            [
              -79.54051,
              43.74368
            ],
            [
              -79.54044,
              43.74338
            ],
            [
              -79.54039,
              43.74316
            ],
            [
              -79.54033,
              43.74292
            ],
            [
              -79.54028,
              43.74271
            ],
            [
              -79.54024,
              43.74254
            ],
            [
              -79.54016,
              43.74219
            ],
            [
              -79.54007,
              43.74179
            ],
            [
              -79.53997,
              43.74138
            ],
            [
              -79.53994,
              43.74125
            ],
            [
              -79.5399,
              43.74108
            ],
            [
              -79.53986,
              43.74091
            ],
            [
              -79.53983,
              43.74078
            ],
            [
              -79.5398,
              43.74065
            ],
            [
              -79.53971,
              43.74025
            ],
            [
              -79.53964,
              43.73996
            ],
            [
              -79.53959,
              43.73975
            ],
            [
              -79.53941,
              43.73977
            ],
            [
              -79.5393,
              43.73941
            ],
            [
              -79.539131,
              43.739444
            ]
          ],
          [
            [
              -79.539131,
              43.739444
            ],
            [
              -79.5389,
              43.73949
            ],
            [
              -79.53885,
              43.73932
            ],
            [
              -79.53879,
              43.73912
            ],
            [
              -79.53886,
              43.73911
            ],
            [
              -79.53941,
              43.73898
            ],
            [
              -79.53933,
              43.73863
            ],
            [
              -79.53931,
              43.73856
            ],
            [
              -79.53927,
              43.73836
            ],
            [
              -79.53916,
              43.7379
            ],
            [
              -79.5387,
              43.73591
            ],
            [
              -79.5386,
              43.73549
            ],
            [
              -79.53856,
              43.73532
            ],
            [
              -79.53837,
              43.7344
            ],
            [
              -79.53833,
              43.7342
            ],
            [
              -79.53823,
              43.73373
            ],
            [
              -79.53808,
              43.73307
            ],
            [
              -79.53798,
              43.73265
            ],
            [
              -79.53794,
              43.73251
            ],
            [
              -79.53788,
              43.73233
            ],
            [
              -79.5378,
              43.73214
            ],
            [
              -79.53764,
              43.73184
            ],
            [
              -79.53749,
              43.7316
            ],
            [
              -79.53703,
              43.73089
            ],
            [
              -79.53628,
              43.72973
            ],
            [
              -79.53617,
              43.72954
            ],
            [
              -79.53598,
              43.72912
            ],
            [
              -79.5359,
              43.72886
            ],
            [
              -79.53586,
              43.7287
            ],
            [
              -79.53575,
              43.72802
            ],
            [
              -79.53566,
              43.72749
            ],
            [
              -79.53561,
              43.72721
            ],
            [
              -79.53557,
              43.72694
            ],
            [
              -79.53554,
              43.72653
            ],
            [
              -79.53556,
              43.72634
            ],
            [
              -79.53558,
              43.72625
            ],
            [
              -79.53562,
              43.72612
            ],
            [
              -79.53568,
              43.72598
            ],
            [
              -79.53604,
              43.72536
            ],
            [
              -79.53616,
              43.72517
            ],
            [
              -79.53649,
              43.72464
            ],
            [
              -79.53653,
              43.72457
            ],
            [
              -79.53662,
              43.72441
            ],
            [
              -79.53674,
              43.72415
            ],
            [
              -79.53687,
              43.72376
            ],
            [
              -79.53696,
              43.72333
            ],
            [
              -79.53701,
              43.72305
            ],
            [
              -79.53707,
              43.72273
            ],
            [
              -79.53722,
              43.7218
            ],
            [
              -79.53728,
              43.72148
            ],
            [
              -79.53733,
              43.72121
            ],
            [
              -79.53736,
              43.72104
            ],
            [
              -79.53742,
              43.72067
            ],
            [
              -79.53746,
              43.72039
            ],
            [
              -79.53749,
              43.7201
            ],
            [
              -79.53752,
              43.71992
            ],
            [
              -79.53756,
              43.71969
            ],
            [
              -79.53759,
              43.71954
            ],
            [
              -79.5377,
              43.71879
            ],
            [
              -79.53775,
              43.71874
            ],
            [
              -79.5378,
              43.71864
            ],
            [
              -79.53785,
              43.71845
            ],
            [
              -79.53791,
              43.71804
            ],
            [
              -79.53795,
              43.71766
            ],
            [
              -79.53792,
              43.71746
            ],
            [
              -79.53788,
              43.7173
            ],
            [
              -79.53783,
              43.71716
            ],
            [
              -79.53757,
              43.71665
            ],
            [
              -79.53734,
              43.7162
            ],
            [
              -79.53728,
              43.71608
            ],
            [
              -79.53716,
              43.71586
            ],
            [
              -79.53693,
              43.71539
            ],
            [
              -79.5369,
              43.71531
            ],
            [
              -79.53687,
              43.71523
            ],
            [
              -79.53668,
              43.71471
            ],
            [
              -79.5364,
              43.71396
            ],
            [
              -79.53627,
              43.71359
            ],
            [
              -79.53619,
              43.71338
            ],
            [
              -79.53612,
              43.71322
            ],
            [
              -79.53605,
              43.71306
            ],
            [
              -79.53601,
              43.71291
            ],
            [
              -79.53591,
              43.71268
            ],
            [
              -79.53575,
              43.71232
            ],
            [
              -79.53569,
              43.71225
            ],
            [
              -79.5355,
              43.71215
            ],
            [
              -79.5354,
              43.71189
            ],
            [
              -79.53527,
              43.71158
            ],
            [
              -79.5351,
              43.7112
            ],
            [
              -79.53501,
              43.71098
            ],
            [
              -79.53492,
              43.71077
            ],
            [
              -79.5348,
              43.71049
            ],
            [
              -79.53477,
              43.71041
            ],
            [
              -79.5347,
              43.71024
            ],
            [
              -79.5345,
              43.70973
            ],
            [
              -79.5343,
              43.70928
            ],
            [
              -79.53424,
              43.70915
            ],
            [
              -79.53412,
              43.70889
            ],
            [
              -79.53401,
              43.70866
            ],
            [
              -79.53395,
              43.70854
            ],
            [
              -79.53382,
              43.70827
            ],
            [
              -79.53359,
              43.70776
            ],
            [
              -79.53345,
              43.70746
            ],
            [
              -79.53335,
              43.70727
            ],
            [
              -79.5332,
              43.707
            ],
            [
              -79.53314,
              43.70689
            ],
            [
              -79.53302,
              43.70671
            ],
            [
              -79.53294,
              43.70663
            ],
            [
              -79.53285,
              43.70655
            ],
            [
              -79.53268,
              43.70644
            ],
            [
              -79.53259,
              43.70629
            ],
            [
              -79.53246,
              43.70603
            ],
            [
              -79.53239,
              43.70593
            ],
            [
              -79.53232,
              43.70587
            ],
            [
              -79.53224,
              43.70567
            ],
            [
              -79.53206,
              43.70526
            ],
            [
              -79.53201,
              43.70515
            ],
            [
              -79.53194,
              43.70498
            ],
            [
              -79.53186,
              43.7048
            ],
            [
              -79.53179,
              43.70464
            ],
            [
              -79.53167,
              43.70431
            ],
            [
              -79.53162,
              43.70415
            ],
            [
              -79.53161,
              43.70395
            ],
            [
              -79.53162,
              43.70382
            ],
            [
              -79.53165,
              43.70369
            ],
            [
              -79.53169,
              43.70358
            ],
            [
              -79.53176,
              43.70342
            ],
            [
              -79.53191,
              43.70316
            ],
            [
              -79.5323,
              43.70259
            ],
            [
              -79.53241,
              43.70245
            ],
            [
              -79.53255,
              43.70229
            ],
            [
              -79.53279,
              43.70208
            ],
            [
              -79.53335,
              43.70159
            ],
            [
              -79.53374,
              43.70114
            ],
            [
              -79.53414,
              43.70069
            ],
            [
              -79.53431,
              43.7004
            ],
            [
              -79.53433,
              43.70033
            ],
            [
              -79.53434,
              43.70025
            ],
            [
              -79.53433,
              43.70014
            ],
            [
              -79.53424,
              43.69982
            ],
            [
              -79.5348,
              43.69969
            ],
            [
              -79.53516,
              43.69961
            ],
            [
              -79.53551,
              43.69953
            ],
            [
              -79.53578,
              43.69947
            ],
            [
              -79.53658,
              43.69929
            ],
            [
              -79.53689,
              43.69922
            ],
            [
              -79.53727,
              43.69914
            ],
            [
              -79.53774,
              43.69904
            ],
            [
              -79.53822,
              43.69894
            ],
            [
              -79.53879,
              43.69882
            ],
            [
              -79.53912,
              43.69875
            ],
            [
              -79.53929,
              43.69871
            ],
            [
              -79.53982,
              43.69859
            ],
            [
              -79.5404,
              43.69847
            ],
            [
              -79.54053,
              43.69844
            ],
            [
              -79.54082,
              43.69838
            ],
            [
              -79.54153,
              43.69823
            ],
            [
              -79.54281,
              43.69795
            ],
            [
              -79.54335,
              43.69783
            ],
            [
              -79.54408,
              43.69768
            ],
            [
              -79.54417,
              43.69766
            ],
            [
              -79.54458,
              43.69757
            ],
            [
              -79.54494,
              43.69749
            ],
            [
              -79.54522,
              43.69743
            ],
            [
              -79.54558,
              43.69735
            ],
            [
              -79.54567,
              43.69733
            ],
            [
              -79.54592,
              43.69728
            ],
            [
              -79.54607,
              43.69724
            ],
            [
              -79.5463,
              43.69718
            ],
            [
              -79.5467,
              43.69709
            ],
            [
              -79.54657,
              43.69679
            ],
            [
              -79.54647,
              43.69654
            ],
            [
              -79.54631,
              43.69619
            ],
            [
              -79.54622,
              43.696
            ],
            [
              -79.54597,
              43.69544
            ],
            [
              -79.54572,
              43.69491
            ],
            [
              -79.54515,
              43.6937
            ],
            [
              -79.54488,
              43.6931
            ],
            [
              -79.54475,
              43.69282
            ],
            [
              -79.54469,
              43.69268
            ],
            [
              -79.54457,
              43.69242
            ],
            [
              -79.5444,
              43.69204
            ],
            [
              -79.54425,
              43.69171
            ],
            [
              -79.54408,
              43.69135
            ],
            [
              -79.54329,
              43.68954
            ],
            [
              -79.54314,
              43.68919
            ],
            [
              -79.54306,
              43.68901
            ],
            [
              -79.54288,
              43.68861
            ],
            [
              -79.54272,
              43.68826
            ],
            [
              -79.54262,
              43.68804
            ],
            [
              -79.54197,
              43.68657
            ],
            [
              -79.54137,
              43.68523
            ],
            [
              -79.5413,
              43.68506
            ],
            [
              -79.54122,
              43.68486
            ],
            [
              -79.54113,
              43.68464
            ],
            [
              -79.54063,
              43.68352
            ],
            [
              -79.540577,
              43.683397
            ]
          ],
          [
            [
              -79.540577,
              43.683397
            ],
            [
              -79.54048,
              43.68317
            ],
            [
              -79.54036,
              43.68289
            ],
            [
              -79.54022,
              43.68256
            ],
            [
              -79.53976,
              43.68155
            ],
            [
              -79.53933,
              43.68056
            ],
            [
              -79.53923,
              43.68032
            ],
            [
              -79.539,
              43.67983
            ],
            [
              -79.53882,
              43.67945
            ],
            [
              -79.53873,
              43.67926
            ],
            [
              -79.53862,
              43.67902
            ],
            [
              -79.5385,
              43.67876
            ],
            [
              -79.53838,
              43.67851
            ],
            [
              -79.53831,
              43.67836
            ],
            [
              -79.53806,
              43.67778
            ],
            [
              -79.53735,
              43.67617
            ],
            [
              -79.53711,
              43.67563
            ],
            [
              -79.53693,
              43.67524
            ],
            [
              -79.5368,
              43.67494
            ],
            [
              -79.5359,
              43.67296
            ],
            [
              -79.53565,
              43.67241
            ],
            [
              -79.53557,
              43.67222
            ],
            [
              -79.53493,
              43.67078
            ],
            [
              -79.53427,
              43.66929
            ],
            [
              -79.53402,
              43.66876
            ],
            [
              -79.53384,
              43.66839
            ],
            [
              -79.53367,
              43.66801
            ],
            [
              -79.53348,
              43.66759
            ],
            [
              -79.53309,
              43.6667
            ],
            [
              -79.53296,
              43.66641
            ],
            [
              -79.53198,
              43.66426
            ],
            [
              -79.5316,
              43.66342
            ],
            [
              -79.53155,
              43.66331
            ],
            [
              -79.53145,
              43.66308
            ],
            [
              -79.53134,
              43.66281
            ],
            [
              -79.53125,
              43.66261
            ],
            [
              -79.53117,
              43.66242
            ],
            [
              -79.53104,
              43.66214
            ],
            [
              -79.53094,
              43.66192
            ],
            [
              -79.53084,
              43.66171
            ],
            [
              -79.5307,
              43.66136
            ],
            [
              -79.53048,
              43.6608
            ],
            [
              -79.5302,
              43.66015
            ],
            [
              -79.53012,
              43.65997
            ],
            [
              -79.5298,
              43.65928
            ],
            [
              -79.52975,
              43.65917
            ],
            [
              -79.52917,
              43.65784
            ],
            [
              -79.52896,
              43.65734
            ],
            [
              -79.52875,
              43.6568
            ],
            [
              -79.52834,
              43.65589
            ],
            [
              -79.52792,
              43.65489
            ],
            [
              -79.5272,
              43.65327
            ],
            [
              -79.52691,
              43.65259
            ],
            [
              -79.52667,
              43.65205
            ],
            [
              -79.52657,
              43.65182
            ],
            [
              -79.52651,
              43.6517
            ],
            [
              -79.52638,
              43.65141
            ],
            [
              -79.52616,
              43.6509
            ],
            [
              -79.52605,
              43.65063
            ],
            [
              -79.52586,
              43.65018
            ],
            [
              -79.52558,
              43.64957
            ],
            [
              -79.52546,
              43.64929
            ],
            [
              -79.52529,
              43.6489
            ],
            [
              -79.52523,
              43.64875
            ],
            [
              -79.52507,
              43.64839
            ],
            [
              -79.52488,
              43.64796
            ],
            [
              -79.52485,
              43.6479
            ],
            [
              -79.52458,
              43.6473
            ],
            [
              -79.5243,
              43.64668
            ],
            [
              -79.52407,
              43.6461
            ],
            [
              -79.52401,
              43.64595
            ],
            [
              -79.52381,
              43.6455
            ],
            [
              -79.52371,
              43.64527
            ],
            [
              -79.52367,
              43.64518
            ],
            [
              -79.52363,
              43.64509
            ],
            [
              -79.52358,
              43.64497
            ],
            [
              -79.52346,
              43.64471
            ],
            [
              -79.52306,
              43.6448
            ],
            [
              -79.52278,
              43.64486
            ],
            [
              -79.52233,
              43.64496
            ],
            [
              -79.52199,
              43.64503
            ],
            [
              -79.52162,
              43.64511
            ],
            [
              -79.52148,
              43.64514
            ],
            [
              -79.52117,
              43.64521
            ],
            [
              -79.52077,
              43.64529
            ],
            [
              -79.5201,
              43.64543
            ],
            [
              -79.51974,
              43.64551
            ],
            [
              -79.51953,
              43.64556
            ],
            [
              -79.51928,
              43.64562
            ],
            [
              -79.51902,
              43.64568
            ],
            [
              -79.51831,
              43.64584
            ],
            [
              -79.51756,
              43.64599
            ],
            [
              -79.51708,
              43.64611
            ],
            [
              -79.51664,
              43.6462
            ],
            [
              -79.51642,
              43.64626
            ],
            [
              -79.51586,
              43.64638
            ],
            [
              -79.51567,
              43.64642
            ],
            [
              -79.51539,
              43.64649
            ],
            [
              -79.5152,
              43.64653
            ],
            [
              -79.51453,
              43.64669
            ],
            [
              -79.51422,
              43.64676
            ],
            [
              -79.51422,
              43.646662
            ]
          ],
          [
            [
              -79.51422,
              43.646662
            ],
            [
              -79.51422,
              43.64676
            ],
            [
              -79.5138,
              43.64685
            ],
            [
              -79.5136,
              43.64689
            ],
            [
              -79.51343,
              43.64688
            ],
            [
              -79.51247,
              43.64708
            ],
            [
              -79.51196,
              43.64719
            ],
            [
              -79.51132,
              43.64733
            ],
            [
              -79.51116,
              43.64692
            ],
            [
              -79.51087,
              43.64618
            ],
            [
              -79.51061,
              43.64556
            ],
            [
              -79.51003,
              43.64416
            ],
            [
              -79.50988,
              43.6438
            ],
            [
              -79.50941,
              43.64257
            ],
            [
              -79.5093,
              43.64226
            ],
            [
              -79.50912,
              43.64182
            ],
            [
              -79.50902,
              43.64159
            ],
            [
              -79.50891,
              43.64132
            ],
            [
              -79.50872,
              43.64082
            ],
            [
              -79.50867,
              43.64059
            ],
            [
              -79.50866,
              43.64035
            ],
            [
              -79.50867,
              43.63998
            ],
            [
              -79.50868,
              43.63985
            ],
            [
              -79.50868,
              43.63966
            ],
            [
              -79.50866,
              43.63943
            ],
            [
              -79.50861,
              43.63924
            ],
            [
              -79.50854,
              43.63904
            ],
            [
              -79.50845,
              43.63884
            ],
            [
              -79.50829,
              43.63858
            ],
            [
              -79.50815,
              43.6384
            ],
            [
              -79.50787,
              43.6381
            ],
            [
              -79.50778,
              43.638
            ],
            [
              -79.50752,
              43.63772
            ],
            [
              -79.50738,
              43.63756
            ],
            [
              -79.50732,
              43.63747
            ],
            [
              -79.50727,
              43.6374
            ],
            [
              -79.50718,
              43.63723
            ],
            [
              -79.50705,
              43.63692
            ],
            [
              -79.50691,
              43.63658
            ],
            [
              -79.50664,
              43.63597
            ],
            [
              -79.5063,
              43.6352
            ],
            [
              -79.50608,
              43.63466
            ],
            [
              -79.50595,
              43.63435
            ],
            [
              -79.50588,
              43.63418
            ],
            [
              -79.50578,
              43.63395
            ],
            [
              -79.50568,
              43.6337
            ],
            [
              -79.50566,
              43.63365
            ],
            [
              -79.50542,
              43.63308
            ],
            [
              -79.50529,
              43.63278
            ],
            [
              -79.50525,
              43.63268
            ],
            [
              -79.50505,
              43.63221
            ],
            [
              -79.50492,
              43.6319
            ],
            [
              -79.50445,
              43.63076
            ],
            [
              -79.50429,
              43.63034
            ],
            [
              -79.50424,
              43.63021
            ],
            [
              -79.50415,
              43.63
            ],
            [
              -79.50412,
              43.62992
            ],
            [
              -79.50405,
              43.62978
            ],
            [
              -79.50397,
              43.62959
            ],
            [
              -79.50393,
              43.6295
            ],
            [
              -79.50386,
              43.62932
            ],
            [
              -79.50368,
              43.62889
            ],
            [
              -79.50337,
              43.62815
            ],
            [
              -79.50334,
              43.62808
            ],
            [
              -79.50315,
              43.62764
            ],
            [
              -79.50289,
              43.62699
            ],
            [
              -79.50279,
              43.62674
            ],
            [
              -79.50262,
              43.62634
            ],
            [
              -79.50196,
              43.62648
            ],
            [
              -79.50158,
              43.62657
            ],
            [
              -79.50055,
              43.62681
            ],
            [
              -79.50031,
              43.62686
            ],
            [
              -79.49955,
              43.62702
            ],
            [
              -79.49901,
              43.62714
            ],
            [
              -79.4988,
              43.62719
            ],
            [
              -79.49855,
              43.62724
            ],
            [
              -79.49827,
              43.6273
            ],
            [
              -79.49739,
              43.6275
            ],
            [
              -79.49712,
              43.62756
            ],
            [
              -79.49705,
              43.62758
            ],
            [
              -79.49672,
              43.62765
            ],
            [
              -79.49642,
              43.62772
            ],
            [
              -79.49623,
              43.62776
            ],
            [
              -79.49592,
              43.62783
            ],
            [
              -79.49515,
              43.62799
            ],
            [
              -79.49457,
              43.62811
            ],
            [
              -79.49398,
              43.62823
            ],
            [
              -79.49333,
              43.62837
            ],
            [
              -79.49286,
              43.62847
            ],
            [
              -79.49224,
              43.6286
            ],
            [
              -79.49158,
              43.62875
            ],
            [
              -79.49121,
              43.62883
            ],
            [
              -79.49081,
              43.62892
            ],
            [
              -79.49029,
              43.62903
            ],
            [
              -79.49043,
              43.62918
            ],
            [
              -79.49072,
              43.62982
            ],
            [
              -79.4908,
              43.63004
            ],
            [
              -79.49086,
              43.63018
            ],
            [
              -79.491392,
              43.630039
            ]
          ],
          [
            [
              -79.491392,
              43.630039
            ],
            [
              -79.49086,
              43.63018
            ],
            [
              -79.4908,
              43.63004
            ],
            [
              -79.49072,
              43.62982
            ],
            [
              -79.49043,
              43.62918
            ],
            [
              -79.49029,
              43.62903
            ],
            [
              -79.48977,
              43.62915
            ],
            [
              -79.48672,
              43.62981
            ],
            [
              -79.48642,
              43.62987
            ],
            [
              -79.48634,
              43.62989
            ],
            [
              -79.48621,
              43.62992
            ],
            [
              -79.48565,
              43.63004
            ],
            [
              -79.4852,
              43.63014
            ],
            [
              -79.48474,
              43.63024
            ],
            [
              -79.48419,
              43.63037
            ],
            [
              -79.48386,
              43.63045
            ],
            [
              -79.48361,
              43.63051
            ],
            [
              -79.48306,
              43.63063
            ],
            [
              -79.48274,
              43.6307
            ],
            [
              -79.48243,
              43.63077
            ],
            [
              -79.48221,
              43.63082
            ],
            [
              -79.48209,
              43.63085
            ],
            [
              -79.48142,
              43.63102
            ],
            [
              -79.48109,
              43.6311
            ],
            [
              -79.48059,
              43.63122
            ],
            [
              -79.48052,
              43.63124
            ],
            [
              -79.48007,
              43.63126
            ],
            [
              -79.47972,
              43.6313
            ],
            [
              -79.47895,
              43.63142
            ],
            [
              -79.47838,
              43.63154
            ],
            [
              -79.4775,
              43.63171
            ],
            [
              -79.4773,
              43.63177
            ],
            [
              -79.47709,
              43.63185
            ],
            [
              -79.47692,
              43.63194
            ],
            [
              -79.47672,
              43.63209
            ],
            [
              -79.47662,
              43.63218
            ],
            [
              -79.47638,
              43.63245
            ],
            [
              -79.47617,
              43.63271
            ],
            [
              -79.47593,
              43.63299
            ],
            [
              -79.47551,
              43.63342
            ],
            [
              -79.47539,
              43.63353
            ],
            [
              -79.47518,
              43.63373
            ],
            [
              -79.47498,
              43.63392
            ],
            [
              -79.47453,
              43.63434
            ],
            [
              -79.474,
              43.63488
            ],
            [
              -79.47371,
              43.63514
            ],
            [
              -79.47332,
              43.63551
            ],
            [
              -79.47317,
              43.63559
            ],
            [
              -79.47299,
              43.63563
            ],
            [
              -79.47283,
              43.63564
            ],
            [
              -79.47273,
              43.63563
            ],
            [
              -79.47252,
              43.63558
            ],
            [
              -79.47236,
              43.6355
            ],
            [
              -79.47228,
              43.63542
            ],
            [
              -79.47226,
              43.63536
            ],
            [
              -79.47227,
              43.63526
            ],
            [
              -79.47233,
              43.63519
            ],
            [
              -79.47237,
              43.63516
            ],
            [
              -79.4725,
              43.63513
            ],
            [
              -79.47266,
              43.63514
            ],
            [
              -79.47332,
              43.63535
            ],
            [
              -79.4738,
              43.63562
            ],
            [
              -79.47407,
              43.63579
            ],
            [
              -79.4743,
              43.63596
            ],
            [
              -79.4746,
              43.63621
            ],
            [
              -79.4747,
              43.63631
            ],
            [
              -79.47505,
              43.63662
            ],
            [
              -79.47526,
              43.63679
            ],
            [
              -79.47566,
              43.63708
            ],
            [
              -79.47599,
              43.63738
            ],
            [
              -79.47608,
              43.63749
            ],
            [
              -79.47625,
              43.63775
            ],
            [
              -79.4764,
              43.63805
            ],
            [
              -79.47651,
              43.63832
            ],
            [
              -79.47656,
              43.63844
            ],
            [
              -79.47671,
              43.63881
            ],
            [
              -79.47678,
              43.639
            ],
            [
              -79.47687,
              43.63918
            ],
            [
              -79.47708,
              43.6395
            ],
            [
              -79.47721,
              43.63967
            ],
            [
              -79.47733,
              43.63979
            ],
            [
              -79.47781,
              43.6402
            ],
            [
              -79.47877,
              43.64099
            ],
            [
              -79.47918,
              43.64134
            ],
            [
              -79.48029,
              43.64225
            ],
            [
              -79.48112,
              43.64294
            ],
            [
              -79.48146,
              43.64327
            ],
            [
              -79.48168,
              43.64358
            ],
            [
              -79.48193,
              43.64412
            ],
            [
              -79.48212,
              43.64442
            ],
            [
              -79.48234,
              43.64472
            ],
            [
              -79.48286,
              43.64541
            ],
            [
              -79.48343,
              43.64603
            ],
            [
              -79.48372,
              43.64636
            ],
            [
              -79.48395,
              43.64665
            ],
            [
              -79.48441,
              43.64723
            ],
            [
              -79.48468,
              43.64757
            ],
            [
              -79.48488,
              43.64777
            ],
            [
              -79.48521,
              43.64801
            ],
            [
              -79.48551,
              43.64823
            ],
            [
              -79.48572,
              43.64838
            ],
            [
              -79.48565,
              43.64843
            ],
            [
              -79.48524,
              43.64877
            ],
            [
              -79.48503,
              43.64896
            ],
            [
              -79.48488,
              43.64909
            ],
            [
              -79.48474,
              43.64919
            ],
            [
              -79.48449,
              43.6493
            ],
            [
              -79.48412,
              43.6494
            ],
            [
              -79.48373,
              43.64949
            ],
            [
              -79.48295,
              43.64967
            ],
            [
              -79.48239,
              43.64979
            ],
            [
              -79.48185,
              43.64991
            ],
            [
              -79.48176,
              43.64993
            ],
            [
              -79.48101,
              43.6501
            ],
            [
              -79.48042,
              43.65023
            ],
            [
              -79.47979,
              43.65036
            ],
            [
              -79.479248,
              43.650478
            ]
          ],
          [
            [
              -79.479248,
              43.650478
            ],
            [
              -79.4791,
              43.65051
            ],
            [
              -79.47813,
              43.65073
            ],
            [
              -79.47767,
              43.65083
            ],
            [
              -79.47724,
              43.65092
            ],
            [
              -79.47684,
              43.65101
            ],
            [
              -79.47624,
              43.65114
            ],
            [
              -79.47575,
              43.65125
            ],
            [
              -79.4755,
              43.65131
            ],
            [
              -79.47519,
              43.65139
            ],
            [
              -79.47462,
              43.65151
            ],
            [
              -79.47409,
              43.65163
            ],
            [
              -79.4733,
              43.65179
            ]
          ],
          [
            [
              -79.4733,
              43.65179
            ],
            [
              -79.47286,
              43.65188
            ],
            [
              -79.47239,
              43.65198
            ],
            [
              -79.47175,
              43.65212
            ],
            [
              -79.47115,
              43.65226
            ],
            [
              -79.47028,
              43.65245
            ],
            [
              -79.47002,
              43.65251
            ],
            [
              -79.46867,
              43.65281
            ],
            [
              -79.46812,
              43.65292
            ],
            [
              -79.46685,
              43.65319
            ],
            [
              -79.46568,
              43.65346
            ],
            [
              -79.46528,
              43.65355
            ],
            [
              -79.46453,
              43.65371
            ],
            [
              -79.46367,
              43.65389
            ],
            [
              -79.46316,
              43.654
            ],
            [
              -79.46232,
              43.65419
            ],
            [
              -79.46105,
              43.65447
            ],
            [
              -79.46071,
              43.65455
            ],
            [
              -79.46057,
              43.65458
            ],
            [
              -79.46001,
              43.6547
            ],
            [
              -79.45937,
              43.65485
            ],
            [
              -79.45878,
              43.65497
            ],
            [
              -79.45864,
              43.655
            ],
            [
              -79.45753,
              43.65524
            ],
            [
              -79.45738,
              43.65527
            ],
            [
              -79.45706,
              43.65534
            ],
            [
              -79.45684,
              43.65539
            ],
            [
              -79.4564,
              43.65549
            ],
            [
              -79.45616,
              43.65554
            ],
            [
              -79.4559,
              43.6556
            ],
            [
              -79.45555,
              43.65568
            ],
            [
              -79.45507,
              43.65578
            ],
            [
              -79.45463,
              43.65587
            ],
            [
              -79.45438,
              43.65592
            ],
            [
              -79.4543,
              43.65594
            ],
            [
              -79.45403,
              43.656
            ],
            [
              -79.45375,
              43.65605
            ],
            [
              -79.45353,
              43.65609
            ],
            [
              -79.45312,
              43.65617
            ],
            [
              -79.45292,
              43.65622
            ],
            [
              -79.45244,
              43.65632
            ],
            [
              -79.45227,
              43.65575
            ],
            [
              -79.45222,
              43.65555
            ],
            [
              -79.45221,
              43.65547
            ],
            [
              -79.45213,
              43.65518
            ],
            [
              -79.4521,
              43.65505
            ],
            [
              -79.45206,
              43.65491
            ],
            [
              -79.452,
              43.65466
            ],
            [
              -79.45194,
              43.65437
            ],
            [
              -79.45191,
              43.65423
            ],
            [
              -79.45187,
              43.65412
            ],
            [
              -79.45182,
              43.65399
            ],
            [
              -79.45176,
              43.65388
            ],
            [
              -79.45173,
              43.65355
            ],
            [
              -79.45143,
              43.65252
            ],
            [
              -79.45119,
              43.65183
            ],
            [
              -79.45105,
              43.6515
            ],
            [
              -79.45064,
              43.65042
            ],
            [
              -79.45047,
              43.64999
            ],
            [
              -79.45033,
              43.64965
            ],
            [
              -79.45008,
              43.64896
            ],
            [
              -79.45001,
              43.64882
            ],
            [
              -79.44981,
              43.64831
            ],
            [
              -79.44971,
              43.64804
            ],
            [
              -79.44953,
              43.64755
            ],
            [
              -79.449458,
              43.647382
            ]
          ],
          [
            [
              -79.449458,
              43.647382
            ],
            [
              -79.44938,
              43.6472
            ],
            [
              -79.44904,
              43.64633
            ],
            [
              -79.4487,
              43.64543
            ],
            [
              -79.448649,
              43.645294
            ]
          ],
          [
            [
              -79.448649,
              43.645294
            ],
            [
              -79.44856,
              43.64506
            ],
            [
              -79.44854,
              43.64501
            ],
            [
              -79.44835,
              43.64454
            ],
            [
              -79.44802,
              43.6437
            ],
            [
              -79.44769,
              43.64282
            ],
            [
              -79.44734,
              43.64192
            ],
            [
              -79.4472,
              43.64156
            ],
            [
              -79.447,
              43.64106
            ],
            [
              -79.44679,
              43.64057
            ],
            [
              -79.44664,
              43.6402
            ],
            [
              -79.4464,
              43.63951
            ],
            [
              -79.44635,
              43.6394
            ],
            [
              -79.44627,
              43.63921
            ],
            [
              -79.44622,
              43.63908
            ],
            [
              -79.44607,
              43.63877
            ],
            [
              -79.44573,
              43.63883
            ],
            [
              -79.44409,
              43.63912
            ],
            [
              -79.44383,
              43.63917
            ],
            [
              -79.44357,
              43.63922
            ],
            [
              -79.44294,
              43.63934
            ],
            [
              -79.44264,
              43.6394
            ],
            [
              -79.44245,
              43.63944
            ],
            [
              -79.44221,
              43.63949
            ],
            [
              -79.44157,
              43.63962
            ],
            [
              -79.44117,
              43.6397
            ],
            [
              -79.44097,
              43.63974
            ],
            [
              -79.44058,
              43.63981
            ],
            [
              -79.44026,
              43.63987
            ],
            [
              -79.43986,
              43.63995
            ],
            [
              -79.43935,
              43.64005
            ],
            [
              -79.4391,
              43.6401
            ],
            [
              -79.43847,
              43.64022
            ],
            [
              -79.43802,
              43.64031
            ],
            [
              -79.4379,
              43.64034
            ],
            [
              -79.43771,
              43.64038
            ],
            [
              -79.43728,
              43.64047
            ],
            [
              -79.43665,
              43.6406
            ],
            [
              -79.43646,
              43.64064
            ],
            [
              -79.43635,
              43.64066
            ],
            [
              -79.43607,
              43.64072
            ],
            [
              -79.43597,
              43.64074
            ],
            [
              -79.43545,
              43.64085
            ],
            [
              -79.43517,
              43.64091
            ],
            [
              -79.43512,
              43.64092
            ],
            [
              -79.43456,
              43.64103
            ],
            [
              -79.43419,
              43.64111
            ],
            [
              -79.43373,
              43.6412
            ],
            [
              -79.43336,
              43.64128
            ],
            [
              -79.43317,
              43.64132
            ],
            [
              -79.43259,
              43.64143
            ],
            [
              -79.432507,
              43.641347
            ]
          ],
          [
            [
              -79.432507,
              43.641347
            ],
            [
              -79.43259,
              43.64143
            ],
            [
              -79.43237,
              43.64148
            ],
            [
              -79.43212,
              43.64153
            ],
            [
              -79.43192,
              43.64157
            ],
            [
              -79.43161,
              43.64163
            ],
            [
              -79.43135,
              43.64168
            ],
            [
              -79.43073,
              43.64181
            ],
            [
              -79.43026,
              43.6419
            ],
            [
              -79.43013,
              43.64193
            ],
            [
              -79.42973,
              43.64201
            ],
            [
              -79.42908,
              43.64214
            ],
            [
              -79.42861,
              43.64223
            ],
            [
              -79.42865,
              43.64236
            ],
            [
              -79.42866,
              43.64241
            ],
            [
              -79.42869,
              43.64249
            ],
            [
              -79.42873,
              43.64259
            ],
            [
              -79.42893,
              43.64305
            ],
            [
              -79.42907,
              43.64344
            ],
            [
              -79.4292,
              43.64379
            ],
            [
              -79.42936,
              43.6442
            ],
            [
              -79.42952,
              43.64463
            ],
            [
              -79.42958,
              43.6448
            ],
            [
              -79.42971,
              43.64509
            ],
            [
              -79.42985,
              43.64543
            ],
            [
              -79.43003,
              43.64593
            ],
            [
              -79.43015,
              43.64623
            ],
            [
              -79.4303,
              43.64662
            ],
            [
              -79.43038,
              43.64683
            ],
            [
              -79.43042,
              43.64694
            ],
            [
              -79.43061,
              43.64745
            ],
            [
              -79.43073,
              43.64774
            ],
            [
              -79.43143,
              43.64963
            ],
            [
              -79.43156,
              43.64999
            ],
            [
              -79.43159,
              43.65006
            ],
            [
              -79.43168,
              43.6503
            ],
            [
              -79.4319,
              43.65089
            ],
            [
              -79.432,
              43.65115
            ],
            [
              -79.43224,
              43.65175
            ],
            [
              -79.43239,
              43.65216
            ],
            [
              -79.43254,
              43.65256
            ],
            [
              -79.43267,
              43.65291
            ],
            [
              -79.43273,
              43.65307
            ],
            [
              -79.43289,
              43.65348
            ],
            [
              -79.43293,
              43.65359
            ],
            [
              -79.43318,
              43.65425
            ],
            [
              -79.4333,
              43.65455
            ],
            [
              -79.43335,
              43.6547
            ],
            [
              -79.43343,
              43.6549
            ],
            [
              -79.43355,
              43.65522
            ],
            [
              -79.43382,
              43.65594
            ],
            [
              -79.43421,
              43.65695
            ],
            [
              -79.43427,
              43.65711
            ],
            [
              -79.43448,
              43.65763
            ],
            [
              -79.43458,
              43.65789
            ],
            [
              -79.43468,
              43.65815
            ],
            [
              -79.43475,
              43.65834
            ],
            [
              -79.43499,
              43.65896
            ],
            [
              -79.43533,
              43.65986
            ],
            [
              -79.43529,
              43.65987
            ],
            [
              -79.43491,
              43.659953
            ]
          ]
        ]
      }
    }
  ]
}