{"type":"FeatureCollection","features":[{"type":"Feature","properties":{"usage":"main"},"geometry":{"type":"LineString","coordinates":[[-79.34229,43.66783],[-79.34164,43.66851],[-79.34101,43.6691],[-79.33982,43.67008],[-79.33873,43.67086],[-79.33829,43.67115],[-79.33689,43.67196]]}},{"type":"Feature","properties":{"usage":"main"},"geometry":{"type":"LineString","coordinates":[[-79.22984,43.74094],[-79.22972,43.74101],[-79.22773,43.74231],[-79.22571,43.74379],[-79.22436,43.74489],[-79.2227,43.74641],[-79.22195,43.7471],[-79.22155,43.74742],[-79.22092,43.74787],[-79.22017,43.74832],[-79.21963,43.74859],[-79.21906,43.74884],[-79.21833,43.74912],[-79.21746,43.74939],[-79.2161,43.74973],[-79.21457,43.75013],[-79.21366,43.75037],[-79.21281,43.75063],[-79.21129,43.75119],[-79.21064,43.75146],[-79.20891,43.75224],[-79.20848,43.75242],[-79.20796,43.75264],[-79.20719,43.75293],[-79.20591,43.75335],[-79.20475,43.75367],[-79.20304,43.75404],[-79.20127,43.75438],[-79.20042,43.75455]]}},{"type":"Feature","properties":{"usage":"main"},"geometry":{"type":"LineString","coordinates":[[-79.18876,43.75676],[-79.18721,43.75706],[-79.18482,43.75753],[-79.18192,43.75809],[-79.17868,43.75871],[-79.17344,43.75973],[-79.17182,43.76004],[-79.16857,43.76066],[-79.16758,43.76085],[-79.16447,43.76146],[-79.16333,43.76171],[-79.16142,43.76219],[-79.15832,43.76297],[-79.15291,43.76436],[-79.1519,43.76461],[-79.15004,43.76509],[-79.14917,43.76534],[-79.14809,43.76573],[-79.14726,43.76609],[-79.14659,43.76644],[-79.14541,43.76713]]}},{"type":"Feature","properties":{"usage":"main"},"geometry":{"type":"LineString","coordinates":[[-79.35008,43.65343],[-79.34912,43.65396]]}},{"type":"Feature","properties":{"usage":"main"},"geometry":{"type":"LineString","coordinates":[[-79.34276,43.66728],[-79.34229,43.66783]]}},{"type":"Feature","properties":{"usage":"main"},"geometry":{"type":"LineString","coordinates":[[-79.34503,43.66359],[-79.34487,43.66397]]}},{"type":"Feature","properties":{"usage":"main"},"geometry":{"type":"LineString","coordinates":[[-79.34442,43.66484],[-79.34424,43.66514]]}},{"type":"Feature","properties":{"usage":"main"},"geometry":{"type":"LineString","coordinates":[[-79.41532,43.8304],[-79.41452,43.82964],[-79.41351,43.82873],[-79.41283,43.82824],[-79.41219,43.82789],[-79.41155,43.82761],[-79.41115,43.82746],[-79.41073,43.82732],[-79.40995,43.82713],[-79.40788,43.82673],[-79.40554,43.82629],[-79.40331,43.82585],[-79.40255,43.82566],[-79.40172,43.82538],[-79.40121,43.82519],[-79.40057,43.82491],[-79.39987,43.82456],[-79.39939,43.82427],[-79.3991,43.82407],[-79.39878,43.82385],[-79.39845,43.82359],[-79.39812,43.82331],[-79.39752,43.82275],[-79.39701,43.82225],[-79.39695,43.82219],[-79.39689,43.82213],[-79.39669,43.82194],[-79.3954,43.8207]]}},{"type":"Feature","properties":{"usage":"main"},"geometry":{"type":"LineString","coordinates":[[-79.36037,43.6921],[-79.36046,43.69182]]}},{"type":"Feature","properties":{"usage":"main"},"geometry":{"type":"LineString","coordinates":[[-79.28171,43.69063],[-79.27933,43.69119],[-79.27791,43.69159],[-79.27655,43.69206],[-79.27448,43.69294],[-79.27342,43.69348]]}},{"type":"Feature","properties":{"usage":"main"},"geometry":{"type":"LineString","coordinates":[[-79.25251,43.72083],[-79.25214,43.72139]]}},{"type":"Feature","properties":{"usage":"main"},"geometry":{"type":"LineString","coordinates":[[-79.25214,43.72139],[-79.2514,43.72249],[-79.24973,43.72499],[-79.24734,43.72856],[-79.2468,43.72925],[-79.24673,43.72933],[-79.24622,43.72991],[-79.2457,43.73045],[-79.24564,43.73051]]}},{"type":"Feature","properties":{"usage":"main"},"geometry":{"type":"LineString","coordinates":[[-79.23067,43.74042],[-79.22984,43.74094]]}},{"type":"Feature","properties":{"usage":"main"},"geometry":{"type":"LineString","coordinates":[[-79.31982,43.7128],[-79.31987,43.71244]]}},{"type":"Feature","properties":{"usage":"main"},"geometry":{"type":"LineString","coordinates":[[-79.35825,43.69529],[-79.3583,43.69523],[-79.35848,43.695],[-79.3587,43.69472],[-79.35873,43.69468],[-79.35905,43.6943],[-79.35909,43.69425],[-79.35955,43.69368],[-79.35959,43.69363],[-79.35997,43.69309],[-79.36012,43.6928],[-79.36026,43.69242]]}},{"type":"Feature","properties":{"usage":"main"},"geometry":{"type":"LineString","coordinates":[[-79.35803,43.69556],[-79.35821,43.69534],[-79.35822,43.69533],[-79.35825,43.69529]]}},{"type":"Feature","properties":{"usage":"main"},"geometry":{"type":"LineString","coordinates":[[-79.36026,43.69242],[-79.36037,43.6921]]}},{"type":"Feature","properties":{"usage":"main"},"geometry":{"type":"LineString","coordinates":[[-79.52926,43.71615],[-79.52993,43.71391],[-79.53014,43.71336],[-79.53067,43.71152],[-79.53088,43.71075],[-79.53094,43.71036],[-79.53095,43.71011],[-79.53093,43.70975],[-79.53081,43.70925],[-79.53067,43.70883],[-79.53046,43.70843],[-79.53029,43.70818],[-79.5301,43.70794],[-79.52984,43.70766],[-79.52963,43.70747],[-79.52932,43.70724],[-79.52891,43.707],[-79.52866,43.70687],[-79.52836,43.70674],[-79.52815,43.70666],[-79.52777,43.70653],[-79.52711,43.70638],[-79.52616,43.70616],[-79.52495,43.70582],[-79.52374,43.70543],[-79.52312,43.7052],[-79.52202,43.70475],[-79.52134,43.70444],[-79.51869,43.70322],[-79.51776,43.70281],[-79.51695,43.70244]]}},{"type":"Feature","properties":{"usage":"main"},"geometry":{"type":"LineString","coordinates":[[-79.57324,43.56878],[-79.57289,43.5691],[-79.57218,43.56974],[-79.57109,43.5707],[-79.57027,43.57144],[-79.5697,43.57197]]}},{"type":"Feature","properties":{"usage":"main"},"geometry":{"type":"LineString","coordinates":[[-79.58984,43.70578],[-79.58762,43.70582],[-79.57947,43.70598],[-79.57824,43.70601],[-79.57766,43.70602]]}},{"type":"Feature","properties":{"usage":"main"},"geometry":{"type":"LineString","coordinates":[[-79.66031,43.71844],[-79.65798,43.72055],[-79.6566,43.7218],[-79.6564,43.72198],[-79.65485,43.72336],[-79.65095,43.72687],[-79.65038,43.72739],[-79.64999,43.72774],[-79.64956,43.72813],[-79.64857,43.72903],[-79.64564,43.73167],[-79.64294,43.73409],[-79.63948,43.73721]]}},{"type":"Feature","properties":{"usage":"main"},"geometry":{"type":"LineString","coordinates":[[-79.60237,43.75833],[-79.59857,43.76008],[-79.59507,43.76169],[-79.59341,43.76246],[-79.59169,43.76323],[-79.58684,43.76548],[-79.58607,43.76584],[-79.58519,43.76627]]}},{"type":"Feature","properties":{"usage":"main"},"geometry":{"type":"LineString","coordinates":[[-79.4641,43.66721],[-79.46369,43.66721],[-79.46339,43.6672],[-79.46317,43.66719],[-79.46293,43.66717],[-79.46269,43.66714],[-79.46246,43.66711],[-79.4622,43.66707],[-79.46196,43.66703],[-79.46175,43.66698],[-79.46153,43.66693],[-79.46135,43.66688],[-79.46108,43.66679],[-79.46091,43.66673],[-79.46075,43.66667],[-79.46057,43.66661],[-79.46038,43.66653],[-79.46015,43.66642],[-79.45995,43.66632],[-79.45961,43.66615],[-79.4591,43.66584],[-79.45875,43.66557],[-79.45847,43.66533]]}},{"type":"Feature","properties":{"usage":"main"},"geometry":{"type":"LineString","coordinates":[[-79.46254,43.6703],[-79.46212,43.66979],[-79.46199,43.66961],[-79.46187,43.66945],[-79.46152,43.66903],[-79.46117,43.66866],[-79.46071,43.66821],[-79.46054,43.66806],[-79.46027,43.66787],[-79.45984,43.66762],[-79.45939,43.66743],[-79.45893,43.6673],[-79.45857,43.66725],[-79.45804,43.66723],[-79.45784,43.66723],[-79.45713,43.66721],[-79.4567,43.66719]]}},{"type":"Feature","properties":{"usage":"main"},"geometry":{"type":"LineString","coordinates":[[-79.41477,43.67389],[-79.42164,43.67245]]}},{"type":"Feature","properties":{"usage":"main"},"geometry":{"type":"LineString","coordinates":[[-79.41195,43.67448],[-79.41226,43.67441]]}},{"type":"Feature","properties":{"usage":"main"},"geometry":{"type":"LineString","coordinates":[[-79.41226,43.67441],[-79.41339,43.67417],[-79.41453,43.67394]]}},{"type":"Feature","properties":{"usage":"main"},"geometry":{"type":"LineString","coordinates":[[-79.41453,43.67394],[-79.41477,43.67389]]}},{"type":"Feature","properties":{"usage":"main"},"geometry":{"type":"LineString","coordinates":[[-79.34487,43.66397],[-79.34467,43.66438],[-79.34442,43.66484]]}},{"type":"Feature","properties":{"usage":"main"},"geometry":{"type":"LineString","coordinates":[[-79.34424,43.66514],[-79.3441,43.66536],[-79.34375,43.6659],[-79.34315,43.66677],[-79.34276,43.66728]]}},{"type":"Feature","properties":{"usage":"main"},"geometry":{"type":"LineString","coordinates":[[-79.35803,43.69556],[-79.35772,43.69596],[-79.35718,43.69661],[-79.3569,43.69693],[-79.35659,43.69724],[-79.35622,43.69757],[-79.35613,43.69764],[-79.35584,43.69786],[-79.35561,43.69803],[-79.35503,43.69842],[-79.35468,43.69862],[-79.35433,43.69881],[-79.3536,43.69917],[-79.35283,43.69947],[-79.3522,43.69968],[-79.3515,43.69989],[-79.351,43.7],[-79.35042,43.70008],[-79.34994,43.70014],[-79.34952,43.70019],[-79.34868,43.70019],[-79.34821,43.70013],[-79.34813,43.70011],[-79.34763,43.7],[-79.34653,43.6996],[-79.34542,43.69929],[-79.34492,43.69921],[-79.34445,43.69917],[-79.344,43.69917],[-79.34352,43.6992],[-79.3428,43.69934],[-79.34235,43.69948],[-79.34192,43.69965],[-79.34168,43.69978],[-79.34148,43.69989],[-79.34115,43.7001],[-79.34086,43.70031],[-79.34049,43.70058],[-79.34013,43.70084],[-79.33769,43.70264],[-79.33599,43.70387],[-79.33551,43.70423]]}},{"type":"Feature","properties":{"usage":"main"},"geometry":{"type":"LineString","coordinates":[[-79.39051,43.68139],[-79.39134,43.68101]]}},{"type":"Feature","properties":{"usage":"main"},"geometry":{"type":"LineString","coordinates":[[-79.39134,43.68101],[-79.39167,43.68087],[-79.39296,43.68029],[-79.39455,43.67956],[-79.39771,43.67811]]}},{"type":"Feature","properties":{"usage":"main"},"geometry":{"type":"LineString","coordinates":[[-79.11798,43.79475],[-79.11747,43.79548],[-79.11702,43.79618],[-79.11688,43.79644],[-79.11661,43.79693],[-79.11646,43.79723],[-79.11622,43.79783],[-79.11617,43.79793],[-79.11602,43.79833],[-79.1159,43.7987],[-79.11577,43.79915],[-79.11568,43.79947],[-79.11553,43.80014],[-79.11545,43.80059],[-79.1154,43.80095],[-79.11538,43.80135],[-79.1153,43.80218],[-79.11519,43.80386],[-79.11509,43.80534],[-79.11499,43.80681],[-79.11487,43.80826],[-79.1148,43.80904],[-79.1147,43.80994],[-79.11463,43.81048],[-79.11458,43.81081],[-79.11454,43.81104],[-79.11442,43.81149],[-79.11419,43.81229],[-79.1141,43.81258],[-79.11393,43.81306],[-79.11363,43.81375],[-79.11332,43.81438],[-79.11299,43.81496],[-79.11268,43.81544],[-79.11232,43.81596],[-79.11204,43.81634],[-79.11153,43.81695],[-79.11104,43.81753],[-79.11079,43.8178],[-79.11001,43.81856],[-79.1097,43.81884],[-79.10924,43.81923],[-79.10877,43.81961],[-79.10815,43.82006],[-79.10745,43.82055],[-79.10674,43.82098],[-79.10614,43.82131],[-79.10533,43.82173],[-79.10446,43.82214],[-79.10216,43.82323]]}},{"type":"Feature","properties":{"usage":"main"},"geometry":{"type":"LineString","coordinates":[[-79.11842,43.79414],[-79.11798,43.79475]]}},{"type":"Feature","properties":{"usage":"main"},"geometry":{"type":"LineString","coordinates":[[-79.45917,43.63911],[-79.45842,43.6392],[-79.45773,43.63927],[-79.45705,43.63931],[-79.45592,43.63934],[-79.45543,43.63933],[-79.45466,43.63931],[-79.45401,43.63929]]}},{"type":"Feature","properties":{"usage":"main"},"geometry":{"type":"LineString","coordinates":[[-79.45945,43.63907],[-79.45917,43.63911]]}},{"type":"Feature","properties":{"usage":"main"},"geometry":{"type":"LineString","coordinates":[[-79.34912,43.65396],[-79.34865,43.65425],[-79.34841,43.65443],[-79.34822,43.65457],[-79.34784,43.6549],[-79.34749,43.65526],[-79.34726,43.6555],[-79.34708,43.65574],[-79.34687,43.65602],[-79.34671,43.65627],[-79.34653,43.65662]]}},{"type":"Feature","properties":{"usage":"main"},"geometry":{"type":"LineString","coordinates":[[-79.44656,43.66758],[-79.44697,43.66752]]}},{"type":"Feature","properties":{"usage":"main"},"geometry":{"type":"LineString","coordinates":[[-79.44903,43.66726],[-79.44958,43.66721],[-79.4507,43.66712],[-79.45158,43.6671]]}},{"type":"Feature","properties":{"usage":"main"},"geometry":{"type":"LineString","coordinates":[[-79.43275,43.67032],[-79.43314,43.67025]]}},{"type":"Feature","properties":{"usage":"main"},"geometry":{"type":"LineString","coordinates":[[-79.43314,43.67025],[-79.43431,43.67001],[-79.43576,43.66969],[-79.43665,43.66952]]}},{"type":"Feature","properties":{"usage":"main"},"geometry":{"type":"LineString","coordinates":[[-79.42913,43.67102],[-79.42954,43.67094]]}},{"type":"Feature","properties":{"usage":"main"},"geometry":{"type":"LineString","coordinates":[[-79.42954,43.67094],[-79.43136,43.67059],[-79.43275,43.67032]]}},{"type":"Feature","properties":{"usage":"main"},"geometry":{"type":"LineString","coordinates":[[-79.42678,43.67147],[-79.42709,43.67141]]}},{"type":"Feature","properties":{"usage":"main"},"geometry":{"type":"LineString","coordinates":[[-79.42709,43.67141],[-79.42913,43.67102]]}},{"type":"Feature","properties":{"usage":"main"},"geometry":{"type":"LineString","coordinates":[[-79.42164,43.67245],[-79.42205,43.67238]]}},{"type":"Feature","properties":{"usage":"main"},"geometry":{"type":"LineString","coordinates":[[-79.42205,43.67238],[-79.42678,43.67147]]}},{"type":"Feature","properties":{"usage":"main"},"geometry":{"type":"LineString","coordinates":[[-79.40747,43.67541],[-79.41112,43.67464],[-79.41195,43.67448]]}},{"type":"Feature","properties":{"usage":"main"},"geometry":{"type":"LineString","coordinates":[[-79.40716,43.67548],[-79.40747,43.67541]]}},{"type":"Feature","properties":{"usage":"main"},"geometry":{"type":"LineString","coordinates":[[-79.40305,43.67633],[-79.40716,43.67548]]}},{"type":"Feature","properties":{"usage":"main"},"geometry":{"type":"LineString","coordinates":[[-79.4027,43.67641],[-79.40305,43.67633]]}},{"type":"Feature","properties":{"usage":"main"},"geometry":{"type":"LineString","coordinates":[[-79.39815,43.67792],[-79.39967,43.67728],[-79.40051,43.67699],[-79.40102,43.67683],[-79.40182,43.67661],[-79.4027,43.67641]]}},{"type":"Feature","properties":{"usage":"main"},"geometry":{"type":"LineString","coordinates":[[-79.39771,43.67811],[-79.39815,43.67792]]}},{"type":"Feature","properties":{"usage":"main"},"geometry":{"type":"LineString","coordinates":[[-79.38543,43.68368],[-79.38653,43.6832],[-79.38759,43.6827],[-79.38829,43.6824],[-79.38963,43.68178],[-79.39051,43.68139]]}},{"type":"Feature","properties":{"usage":"main"},"geometry":{"type":"LineString","coordinates":[[-79.38354,43.68453],[-79.38384,43.68441]]}},{"type":"Feature","properties":{"usage":"main"},"geometry":{"type":"LineString","coordinates":[[-79.36676,43.69446],[-79.36701,43.69422]]}},{"type":"Feature","properties":{"usage":"main"},"geometry":{"type":"LineString","coordinates":[[-79.36701,43.69422],[-79.37037,43.69107]]}},{"type":"Feature","properties":{"usage":"main"},"geometry":{"type":"LineString","coordinates":[[-79.34598,43.72132],[-79.34628,43.72095],[-79.34654,43.72056],[-79.34683,43.7201],[-79.34713,43.71951],[-79.34736,43.71891],[-79.34764,43.71799]]}},{"type":"Feature","properties":{"usage":"main"},"geometry":{"type":"LineString","coordinates":[[-79.43907,43.66906],[-79.43942,43.66899]]}},{"type":"Feature","properties":{"usage":"main"},"geometry":{"type":"LineString","coordinates":[[-79.43942,43.66899],[-79.44022,43.66884],[-79.44163,43.66856],[-79.4429,43.66829],[-79.44446,43.66798],[-79.44656,43.66758]]}},{"type":"Feature","properties":{"usage":"main"},"geometry":{"type":"LineString","coordinates":[[-79.43665,43.66952],[-79.43709,43.66943],[-79.43783,43.66929],[-79.43907,43.66906]]}},{"type":"Feature","properties":{"usage":"main"},"geometry":{"type":"LineString","coordinates":[[-79.45158,43.6671],[-79.45197,43.66711]]}},{"type":"Feature","properties":{"usage":"main"},"geometry":{"type":"LineString","coordinates":[[-79.45197,43.66711],[-79.45337,43.66712],[-79.45422,43.66713],[-79.45451,43.66713],[-79.4565,43.66715],[-79.45799,43.66715],[-79.45965,43.66718]]}},{"type":"Feature","properties":{"usage":"main"},"geometry":{"type":"LineString","coordinates":[[-79.51667,43.65869],[-79.51644,43.65893],[-79.51636,43.659]]}},{"type":"Feature","properties":{"usage":"main"},"geometry":{"type":"LineString","coordinates":[[-79.51636,43.659],[-79.51513,43.66007]]}},{"type":"Feature","properties":{"usage":"main"},"geometry":{"type":"LineString","coordinates":[[-79.52057,43.64999],[-79.52038,43.65032],[-79.52004,43.65103],[-79.51982,43.65163],[-79.51788,43.65675],[-79.5175,43.6576],[-79.51692,43.65841],[-79.51667,43.65869]]}},{"type":"Feature","properties":{"usage":"main"},"geometry":{"type":"LineString","coordinates":[[-79.52069,43.64982],[-79.52057,43.64999]]}},{"type":"Feature","properties":{"usage":"main"},"geometry":{"type":"LineString","coordinates":[[-79.52794,43.64355],[-79.52759,43.64384]]}},{"type":"Feature","properties":{"usage":"main"},"geometry":{"type":"LineString","coordinates":[[-79.52753,43.6439],[-79.52545,43.64566],[-79.52443,43.64649]]}},{"type":"Feature","properties":{"usage":"main"},"geometry":{"type":"LineString","coordinates":[[-79.52443,43.64649],[-79.52409,43.64677]]}},{"type":"Feature","properties":{"usage":"main"},"geometry":{"type":"LineString","coordinates":[[-79.4981,43.61591],[-79.49784,43.61607],[-79.49551,43.61757],[-79.49504,43.6179],[-79.49471,43.61814],[-79.49437,43.6184],[-79.49334,43.61918],[-79.49318,43.61929],[-79.4919,43.62026],[-79.49137,43.62067],[-79.49067,43.62119],[-79.48706,43.62393]]}},{"type":"Feature","properties":{"usage":"main"},"geometry":{"type":"LineString","coordinates":[[-79.49832,43.61576],[-79.4981,43.61591]]}},{"type":"Feature","properties":{"usage":"main"},"geometry":{"type":"LineString","coordinates":[[-79.34598,43.72132],[-79.34567,43.72164],[-79.34521,43.72209],[-79.3447,43.72248],[-79.34422,43.72283],[-79.34397,43.723],[-79.34369,43.72319],[-79.34222,43.724],[-79.34132,43.72452],[-79.34042,43.72502]]}},{"type":"Feature","properties":{"usage":"main"},"geometry":{"type":"LineString","coordinates":[[-79.43927,43.6474],[-79.43993,43.64775],[-79.44046,43.64806],[-79.44132,43.64859],[-79.44191,43.649],[-79.44232,43.6493],[-79.44307,43.6499],[-79.44384,43.65059],[-79.44454,43.65127],[-79.44621,43.65289],[-79.44994,43.65672]]}},{"type":"Feature","properties":{"usage":"main"},"geometry":{"type":"LineString","coordinates":[[-79.43901,43.64726],[-79.43927,43.6474]]}},{"type":"Feature","properties":{"usage":"main"},"geometry":{"type":"LineString","coordinates":[[-79.34653,43.65662],[-79.34641,43.65686]]}},{"type":"Feature","properties":{"usage":"main"},"geometry":{"type":"LineString","coordinates":[[-79.34641,43.65686],[-79.34625,43.65727],[-79.34612,43.65775],[-79.34605,43.65817],[-79.34598,43.65874],[-79.34591,43.65967]]}},{"type":"Feature","properties":{"usage":"main"},"geometry":{"type":"LineString","coordinates":[[-79.34591,43.65967],[-79.34589,43.65987]]}},{"type":"Feature","properties":{"usage":"main"},"geometry":{"type":"LineString","coordinates":[[-79.34589,43.65987],[-79.34582,43.66052],[-79.34575,43.66114],[-79.34568,43.6616],[-79.34558,43.66205],[-79.34545,43.66252],[-79.34532,43.66287],[-79.34514,43.66334],[-79.34505,43.66354],[-79.34503,43.66359]]}},{"type":"Feature","properties":{"usage":"main"},"geometry":{"type":"LineString","coordinates":[[-79.44972,43.65677],[-79.44989,43.65694]]}},{"type":"Feature","properties":{"usage":"main"},"geometry":{"type":"LineString","coordinates":[[-79.44989,43.65694],[-79.45052,43.65758],[-79.45282,43.65992],[-79.45298,43.66008],[-79.45612,43.66328],[-79.45715,43.66433]]}},{"type":"Feature","properties":{"usage":"main"},"geometry":{"type":"LineString","coordinates":[[-79.43346,43.64467],[-79.43384,43.64485]]}},{"type":"Feature","properties":{"usage":"main"},"geometry":{"type":"LineString","coordinates":[[-79.43384,43.64485],[-79.43901,43.64726]]}},{"type":"Feature","properties":{"usage":"branch"},"geometry":{"type":"LineString","coordinates":[[-79.53662,43.63614],[-79.53688,43.63578],[-79.53702,43.63551],[-79.53708,43.63536],[-79.53716,43.6352],[-79.53722,43.63497],[-79.53727,43.63476],[-79.53728,43.63472],[-79.5373,43.63435],[-79.5373,43.63421],[-79.53728,43.63402],[-79.53725,43.63382],[-79.53721,43.63366],[-79.53715,43.63344],[-79.5368,43.63262],[-79.53491,43.62815],[-79.53431,43.62674],[-79.53375,43.6254],[-79.53342,43.62463],[-79.53329,43.6243]]}},{"type":"Feature","properties":{"usage":"main"},"geometry":{"type":"LineString","coordinates":[[-79.33551,43.70423],[-79.33531,43.70437]]}},{"type":"Feature","properties":{"usage":"main"},"geometry":{"type":"LineString","coordinates":[[-79.33531,43.70437],[-79.33419,43.70516],[-79.33353,43.70555],[-79.3323,43.70613],[-79.33062,43.70691],[-79.32974,43.70734],[-79.32908,43.70772],[-79.32745,43.70852],[-79.32591,43.70937],[-79.32491,43.70986],[-79.32328,43.7104],[-79.32121,43.71102],[-79.32066,43.7113],[-79.32031,43.71157],[-79.32008,43.71189],[-79.31987,43.71244]]}},{"type":"Feature","properties":{"usage":"main"},"geometry":{"type":"LineString","coordinates":[[-79.58181,43.76997],[-79.58455,43.77199]]}},{"type":"Feature","properties":{"usage":"main"},"geometry":{"type":"LineString","coordinates":[[-79.58072,43.76917],[-79.58181,43.76997]]}},{"type":"Feature","properties":{"usage":"main"},"geometry":{"type":"LineString","coordinates":[[-79.57629,43.76849],[-79.57609,43.7685],[-79.57566,43.76857],[-79.57526,43.76863],[-79.57494,43.76869],[-79.57296,43.76905],[-79.57112,43.76938],[-79.57031,43.76952],[-79.56958,43.76965]]}},{"type":"Feature","properties":{"usage":"main"},"geometry":{"type":"LineString","coordinates":[[-79.33668,43.67207],[-79.33572,43.67254],[-79.33442,43.67311],[-79.33248,43.67388],[-79.32979,43.67494]]}},{"type":"Feature","properties":{"usage":"main"},"geometry":{"type":"LineString","coordinates":[[-79.33689,43.67196],[-79.33668,43.67207]]}},{"type":"Feature","properties":{"usage":"main"},"geometry":{"type":"LineString","coordinates":[[-79.32956,43.67503],[-79.32649,43.67623],[-79.32337,43.67746],[-79.32156,43.67817]]}},{"type":"Feature","properties":{"usage":"main"},"geometry":{"type":"LineString","coordinates":[[-79.32979,43.67494],[-79.32956,43.67503]]}},{"type":"Feature","properties":{"usage":"main"},"geometry":{"type":"LineString","coordinates":[[-79.32156,43.67817],[-79.32134,43.67826]]}},{"type":"Feature","properties":{"usage":"main"},"geometry":{"type":"LineString","coordinates":[[-79.32134,43.67826],[-79.31697,43.67997],[-79.31144,43.68214]]}},{"type":"Feature","properties":{"usage":"main"},"geometry":{"type":"LineString","coordinates":[[-79.31047,43.68252],[-79.30915,43.68303],[-79.30751,43.68368],[-79.30399,43.68506],[-79.3038,43.68513],[-79.30273,43.68555],[-79.3022,43.68574],[-79.30172,43.68592],[-79.30136,43.68604],[-79.3012,43.68609],[-79.30066,43.68626],[-79.30032,43.68636],[-79.2993,43.68664],[-79.29738,43.68709],[-79.29609,43.68738],[-79.29525,43.68757],[-79.29445,43.68775],[-79.28769,43.68928],[-79.28738,43.68934],[-79.28171,43.69063]]}},{"type":"Feature","properties":{"usage":"main"},"geometry":{"type":"LineString","coordinates":[[-79.31144,43.68214],[-79.3112,43.68223]]}},{"type":"Feature","properties":{"usage":"main"},"geometry":{"type":"LineString","coordinates":[[-79.27342,43.69348],[-79.27319,43.6936]]}},{"type":"Feature","properties":{"usage":"main"},"geometry":{"type":"LineString","coordinates":[[-79.27319,43.6936],[-79.27223,43.69417],[-79.27136,43.69475]]}},{"type":"Feature","properties":{"usage":"main"},"geometry":{"type":"LineString","coordinates":[[-79.27089,43.69508],[-79.26965,43.69608],[-79.26827,43.69744],[-79.26701,43.69901],[-79.26564,43.70104],[-79.26472,43.70243],[-79.26148,43.70732],[-79.25921,43.71074],[-79.25902,43.71103]]}},{"type":"Feature","properties":{"usage":"main"},"geometry":{"type":"LineString","coordinates":[[-79.27136,43.69475],[-79.27089,43.69508]]}},{"type":"Feature","properties":{"usage":"main"},"geometry":{"type":"LineString","coordinates":[[-79.42875,43.87792],[-79.42816,43.87732],[-79.42811,43.87727],[-79.42775,43.87692],[-79.42743,43.87653],[-79.42718,43.87617],[-79.42694,43.87572]]}},{"type":"Feature","properties":{"usage":"main"},"geometry":{"type":"LineString","coordinates":[[-79.24564,43.73051],[-79.24537,43.73077]]}},{"type":"Feature","properties":{"usage":"main"},"geometry":{"type":"LineString","coordinates":[[-79.24537,43.73077],[-79.24423,43.73176],[-79.24294,43.73271],[-79.24129,43.73376],[-79.2373,43.73626]]}},{"type":"Feature","properties":{"usage":"main"},"geometry":{"type":"LineString","coordinates":[[-79.23703,43.73643],[-79.23458,43.73796],[-79.23366,43.73853],[-79.23222,43.73941],[-79.23067,43.74042]]}},{"type":"Feature","properties":{"usage":"main"},"geometry":{"type":"LineString","coordinates":[[-79.2373,43.73626],[-79.23703,43.73643]]}},{"type":"Feature","properties":{"usage":"main"},"geometry":{"type":"LineString","coordinates":[[-79.32515,43.7337],[-79.32393,43.73442],[-79.32288,43.73516],[-79.32233,43.7356],[-79.31632,43.74121]]}},{"type":"Feature","properties":{"usage":"main"},"geometry":{"type":"LineString","coordinates":[[-79.36246,43.76272],[-79.36135,43.76132]]}},{"type":"Feature","properties":{"usage":"main"},"geometry":{"type":"LineString","coordinates":[[-79.35563,43.75405],[-79.35326,43.75104],[-79.353,43.75073],[-79.34948,43.7463],[-79.34846,43.74511],[-79.34789,43.74466],[-79.34727,43.74421],[-79.34685,43.74398],[-79.34624,43.74368],[-79.3456,43.74342],[-79.34462,43.74312],[-79.34379,43.74293],[-79.3425,43.74277],[-79.33978,43.74265],[-79.33885,43.7426],[-79.33848,43.74255],[-79.33808,43.74247],[-79.33783,43.74239],[-79.33764,43.74231],[-79.33741,43.7422],[-79.33721,43.74208],[-79.33706,43.74197],[-79.3367,43.7416],[-79.33648,43.74134],[-79.33568,43.74025],[-79.33433,43.73837],[-79.33412,43.73787],[-79.334,43.73713],[-79.33392,43.73616],[-79.33365,43.73542],[-79.33325,43.73494],[-79.33291,43.7347],[-79.33241,43.73445],[-79.33197,43.7343]]}},{"type":"Feature","properties":{"usage":"branch"},"geometry":{"type":"LineString","coordinates":[[-79.45323,43.67283],[-79.45335,43.67292],[-79.45357,43.67306],[-79.4545,43.67366],[-79.45524,43.67429],[-79.45547,43.67451],[-79.45569,43.67474],[-79.45579,43.67485],[-79.45588,43.67496]]}},{"type":"Feature","properties":{"usage":"main"},"geometry":{"type":"LineString","coordinates":[[-79.64399,43.70472],[-79.64328,43.70473]]}},{"type":"Feature","properties":{"usage":"main"},"geometry":{"type":"LineString","coordinates":[[-79.66587,43.70429],[-79.66355,43.70432],[-79.66144,43.70436],[-79.66125,43.70436],[-79.65948,43.7044],[-79.65393,43.70452],[-79.65294,43.70454],[-79.65284,43.70454],[-79.64803,43.70464],[-79.64399,43.70472]]}},{"type":"Feature","properties":{"usage":"main"},"geometry":{"type":"LineString","coordinates":[[-79.1002,43.82617],[-79.10081,43.82618]]}},{"type":"Feature","properties":{"usage":"main"},"geometry":{"type":"LineString","coordinates":[[-79.09603,43.82645],[-79.09689,43.82627],[-79.09758,43.82621],[-79.0982,43.82616],[-79.09919,43.82615]]}},{"type":"Feature","properties":{"usage":"main"},"geometry":{"type":"LineString","coordinates":[[-79.09919,43.82615],[-79.1002,43.82617]]}},{"type":"Feature","properties":{"usage":"main"},"geometry":{"type":"LineString","coordinates":[[-79.36834,43.77116],[-79.36828,43.77086]]}},{"type":"Feature","properties":{"usage":"main"},"geometry":{"type":"LineString","coordinates":[[-79.36828,43.77086],[-79.3682,43.77053],[-79.36813,43.77028],[-79.36791,43.76983],[-79.36777,43.76955],[-79.36759,43.76926]]}},{"type":"Feature","properties":{"usage":"main"},"geometry":{"type":"LineString","coordinates":[[-79.38435,43.64367],[-79.38341,43.64387],[-79.38247,43.64407],[-79.38032,43.64452]]}},{"type":"Feature","properties":{"usage":"main"},"geometry":{"type":"LineString","coordinates":[[-79.2819,43.78111],[-79.28146,43.78139]]}},{"type":"Feature","properties":{"usage":"main"},"geometry":{"type":"LineString","coordinates":[[-79.28584,43.7786],[-79.28337,43.78019],[-79.28289,43.78049],[-79.28274,43.78058],[-79.2819,43.78111]]}},{"type":"Feature","properties":{"usage":"main"},"geometry":{"type":"LineString","coordinates":[[-79.28623,43.77835],[-79.28584,43.7786]]}},{"type":"Feature","properties":{"usage":"main"},"geometry":{"type":"LineString","coordinates":[[-79.29983,43.76161],[-79.29857,43.76349],[-79.29389,43.77038],[-79.29387,43.7704],[-79.29295,43.77175],[-79.2925,43.77243],[-79.29133,43.77403],[-79.29043,43.77509],[-79.28989,43.77565],[-79.28926,43.77623],[-79.28792,43.77728],[-79.28623,43.77835]]}},{"type":"Feature","properties":{"usage":"main"},"geometry":{"type":"LineString","coordinates":[[-79.30074,43.76025],[-79.29983,43.76161]]}},{"type":"Feature","properties":{"usage":"main"},"geometry":{"type":"LineString","coordinates":[[-79.3159,43.74162],[-79.31056,43.74657],[-79.30921,43.74801],[-79.30811,43.74945],[-79.30792,43.7497],[-79.30613,43.75236],[-79.30299,43.75692],[-79.30074,43.76025]]}},{"type":"Feature","properties":{"usage":"main"},"geometry":{"type":"LineString","coordinates":[[-79.31632,43.74121],[-79.3159,43.74162]]}},{"type":"Feature","properties":{"usage":"main"},"geometry":{"type":"LineString","coordinates":[[-79.63441,43.74177],[-79.63375,43.74236]]}},{"type":"Feature","properties":{"usage":"main"},"geometry":{"type":"LineString","coordinates":[[-79.63375,43.74236],[-79.63173,43.74416],[-79.6316,43.74429],[-79.63108,43.74472],[-79.63091,43.74485],[-79.63061,43.74508],[-79.6303,43.7453],[-79.63011,43.74543],[-79.62966,43.74569],[-79.62922,43.74593],[-79.62858,43.74623],[-79.62803,43.74649],[-79.62643,43.74725],[-79.62614,43.74738],[-79.62481,43.74799],[-79.62209,43.74924],[-79.61575,43.75217],[-79.61201,43.75391],[-79.60791,43.75579]]}},{"type":"Feature","properties":{"usage":"main"},"geometry":{"type":"LineString","coordinates":[[-79.63911,43.73753],[-79.63677,43.73965],[-79.63539,43.74088],[-79.63493,43.7413]]}},{"type":"Feature","properties":{"usage":"main"},"geometry":{"type":"LineString","coordinates":[[-79.63948,43.73721],[-79.63911,43.73753]]}},{"type":"Feature","properties":{"usage":"branch"},"geometry":{"type":"LineString","coordinates":[[-79.48447,43.78416],[-79.48447,43.78419],[-79.48453,43.78447],[-79.48468,43.78522],[-79.48474,43.7855]]}},{"type":"Feature","properties":{"usage":"branch"},"geometry":{"type":"LineString","coordinates":[[-79.48437,43.78368],[-79.48447,43.78416]]}},{"type":"Feature","properties":{"usage":"main"},"geometry":{"type":"LineString","coordinates":[[-79.38064,43.80689],[-79.38029,43.80661]]}},{"type":"Feature","properties":{"usage":"main"},"geometry":{"type":"LineString","coordinates":[[-79.38029,43.80661],[-79.37927,43.80578],[-79.37827,43.80491],[-79.3768,43.80355],[-79.37594,43.80237]]}},{"type":"Feature","properties":{"usage":"main"},"geometry":{"type":"LineString","coordinates":[[-79.46977,43.7912],[-79.4647,43.79237],[-79.45899,43.79362]]}},{"type":"Feature","properties":{"usage":"main"},"geometry":{"type":"LineString","coordinates":[[-79.47135,43.79085],[-79.46977,43.7912]]}},{"type":"Feature","properties":{"usage":"main"},"geometry":{"type":"LineString","coordinates":[[-79.49307,43.69019],[-79.48761,43.68754]]}},{"type":"Feature","properties":{"usage":"main"},"geometry":{"type":"LineString","coordinates":[[-79.48761,43.68754],[-79.48713,43.6873]]}},{"type":"Feature","properties":{"usage":"main"},"geometry":{"type":"LineString","coordinates":[[-79.48713,43.68764],[-79.48655,43.68736]]}},{"type":"Feature","properties":{"usage":"main"},"geometry":{"type":"LineString","coordinates":[[-79.48458,43.68639],[-79.48277,43.6855],[-79.48136,43.6848]]}},{"type":"Feature","properties":{"usage":"main"},"geometry":{"type":"LineString","coordinates":[[-79.5694,43.76582],[-79.56968,43.76593],[-79.57,43.76605],[-79.57059,43.76623],[-79.57106,43.76636],[-79.57157,43.76648],[-79.57218,43.76659],[-79.57277,43.76668],[-79.5762,43.7671],[-79.57662,43.76716],[-79.57676,43.76717],[-79.57714,43.76723],[-79.57746,43.76731],[-79.5778,43.7674],[-79.57806,43.76748],[-79.57829,43.76757],[-79.57857,43.76769],[-79.57888,43.76785],[-79.57924,43.76808],[-79.58025,43.76882],[-79.58072,43.76917]]}},{"type":"Feature","properties":{"usage":"main"},"geometry":{"type":"LineString","coordinates":[[-79.56855,43.76546],[-79.5694,43.76582]]}},{"type":"Feature","properties":{"usage":"main"},"geometry":{"type":"LineString","coordinates":[[-79.49931,43.6658],[-79.49914,43.66581]]}},{"type":"Feature","properties":{"usage":"main"},"geometry":{"type":"LineString","coordinates":[[-79.36759,43.76926],[-79.36737,43.76895]]}},{"type":"Feature","properties":{"usage":"main"},"geometry":{"type":"LineString","coordinates":[[-79.36737,43.76895],[-79.36669,43.76809],[-79.36621,43.76747],[-79.36603,43.76723],[-79.36379,43.76441],[-79.36355,43.7641]]}},{"type":"Feature","properties":{"usage":"main"},"geometry":{"type":"LineString","coordinates":[[-79.34764,43.71799],[-79.34778,43.71756]]}},{"type":"Feature","properties":{"usage":"main"},"geometry":{"type":"LineString","coordinates":[[-79.59224,43.55128],[-79.5916,43.55187]]}},{"type":"Feature","properties":{"usage":"main"},"geometry":{"type":"LineString","coordinates":[[-79.5916,43.55187],[-79.59083,43.55257]]}},{"type":"Feature","properties":{"usage":"main"},"geometry":{"type":"LineString","coordinates":[[-79.54368,43.63028],[-79.5434,43.63051]]}},{"type":"Feature","properties":{"usage":"main"},"geometry":{"type":"LineString","coordinates":[[-79.5434,43.63051],[-79.541,43.63251],[-79.54071,43.63276],[-79.53999,43.63337],[-79.5388,43.63438],[-79.5373,43.63565],[-79.5367,43.63616],[-79.53643,43.63639],[-79.53616,43.63662]]}},{"type":"Feature","properties":{"usage":"main"},"geometry":{"type":"LineString","coordinates":[[-79.55019,43.62575],[-79.54998,43.62589]]}},{"type":"Feature","properties":{"usage":"main"},"geometry":{"type":"LineString","coordinates":[[-79.54998,43.62589],[-79.5492,43.62642],[-79.54796,43.62727],[-79.54531,43.62907],[-79.5448,43.62943],[-79.54425,43.62983],[-79.54368,43.63028]]}},{"type":"Feature","properties":{"usage":"main"},"geometry":{"type":"LineString","coordinates":[[-79.47469,43.63326],[-79.47402,43.63369]]}},{"type":"Feature","properties":{"usage":"main"},"geometry":{"type":"LineString","coordinates":[[-79.47402,43.63369],[-79.47313,43.63419],[-79.47241,43.63455]]}},{"type":"Feature","properties":{"usage":"main"},"geometry":{"type":"LineString","coordinates":[[-79.47241,43.63455],[-79.4722,43.63464]]}},{"type":"Feature","properties":{"usage":"main"},"geometry":{"type":"LineString","coordinates":[[-79.4722,43.63464],[-79.47095,43.6352],[-79.46903,43.63604]]}},{"type":"Feature","properties":{"usage":"main"},"geometry":{"type":"LineString","coordinates":[[-79.47849,43.63044],[-79.47839,43.63052]]}},{"type":"Feature","properties":{"usage":"main"},"geometry":{"type":"LineString","coordinates":[[-79.47839,43.63052],[-79.47821,43.63065],[-79.47752,43.63118],[-79.47639,43.63203]]}},{"type":"Feature","properties":{"usage":"main"},"geometry":{"type":"LineString","coordinates":[[-79.48553,43.6251],[-79.48511,43.62542]]}},{"type":"Feature","properties":{"usage":"main"},"geometry":{"type":"LineString","coordinates":[[-79.48511,43.62542],[-79.48348,43.62668],[-79.48321,43.62688],[-79.48166,43.62803],[-79.47988,43.62939],[-79.4785,43.63043],[-79.47849,43.63044]]}},{"type":"Feature","properties":{"usage":"main"},"geometry":{"type":"LineString","coordinates":[[-79.28066,43.85257],[-79.27975,43.85279]]}},{"type":"Feature","properties":{"usage":"main"},"geometry":{"type":"LineString","coordinates":[[-79.27975,43.85279],[-79.27758,43.8533],[-79.27429,43.85406],[-79.26364,43.85653],[-79.26287,43.85666],[-79.26203,43.85673],[-79.26155,43.85675],[-79.26061,43.85674],[-79.25984,43.85667]]}},{"type":"Feature","properties":{"usage":"main"},"geometry":{"type":"LineString","coordinates":[[-79.64748,43.49814],[-79.64672,43.4991],[-79.64634,43.49959],[-79.64596,43.50007],[-79.64561,43.50053],[-79.64402,43.50252],[-79.64355,43.50313],[-79.64267,43.50424],[-79.64215,43.50489],[-79.64127,43.50593],[-79.64057,43.5067],[-79.63998,43.50731],[-79.63924,43.50803],[-79.6386,43.50863],[-79.63735,43.50977],[-79.63643,43.51062],[-79.63551,43.51147],[-79.63355,43.51328],[-79.63345,43.51338]]}},{"type":"Feature","properties":{"usage":"main"},"geometry":{"type":"LineString","coordinates":[[-79.36145,43.64825],[-79.36116,43.64833]]}},{"type":"Feature","properties":{"usage":"main"},"geometry":{"type":"LineString","coordinates":[[-79.67694,43.5692],[-79.67617,43.5688]]}},{"type":"Feature","properties":{"usage":"main"},"geometry":{"type":"LineString","coordinates":[[-79.68179,43.57183],[-79.68142,43.57164],[-79.68094,43.5714],[-79.68072,43.57128],[-79.67998,43.57089],[-79.678,43.56982],[-79.67762,43.56962],[-79.67689,43.56922]]}},{"type":"Feature","properties":{"usage":"main"},"geometry":{"type":"LineString","coordinates":[[-79.67689,43.56922],[-79.67612,43.56883]]}},{"type":"Feature","properties":{"usage":"main"},"geometry":{"type":"LineString","coordinates":[[-79.68842,43.57535],[-79.6877,43.57496]]}},{"type":"Feature","properties":{"usage":"main"},"geometry":{"type":"LineString","coordinates":[[-79.68046,43.5711],[-79.67872,43.57016],[-79.67803,43.56978],[-79.67694,43.5692]]}},{"type":"Feature","properties":{"usage":"main"},"geometry":{"type":"LineString","coordinates":[[-79.68839,43.57539],[-79.68768,43.575]]}},{"type":"Feature","properties":{"usage":"main"},"geometry":{"type":"LineString","coordinates":[[-79.6901,43.57631],[-79.68985,43.57617],[-79.68839,43.57539]]}},{"type":"Feature","properties":{"usage":"main"},"geometry":{"type":"LineString","coordinates":[[-79.33112,43.73406],[-79.33038,43.73386],[-79.32973,43.73368],[-79.32919,43.73351],[-79.32866,43.7333],[-79.32818,43.73306],[-79.32773,43.73277],[-79.3263,43.73169],[-79.32597,43.73146],[-79.32564,43.73128],[-79.32528,43.73112],[-79.32481,43.73097]]}},{"type":"Feature","properties":{"usage":"main"},"geometry":{"type":"LineString","coordinates":[[-79.33197,43.7343],[-79.33112,43.73406]]}},{"type":"Feature","properties":{"usage":"main"},"geometry":{"type":"LineString","coordinates":[[-79.52254,43.64809],[-79.52216,43.64841]]}},{"type":"Feature","properties":{"usage":"main"},"geometry":{"type":"LineString","coordinates":[[-79.52216,43.64841],[-79.52184,43.64868],[-79.5215,43.64897],[-79.52109,43.64936],[-79.52069,43.64982]]}},{"type":"Feature","properties":{"usage":"main"},"geometry":{"type":"LineString","coordinates":[[-79.48706,43.62393],[-79.4868,43.62412]]}},{"type":"Feature","properties":{"usage":"main"},"geometry":{"type":"LineString","coordinates":[[-79.4868,43.62412],[-79.48553,43.6251]]}},{"type":"Feature","properties":{"usage":"main"},"geometry":{"type":"LineString","coordinates":[[-79.38274,43.6444],[-79.38327,43.64426],[-79.38372,43.64414],[-79.38384,43.6441],[-79.38446,43.64393]]}},{"type":"Feature","properties":{"usage":"main"},"geometry":{"type":"LineString","coordinates":[[-79.38468,43.6436],[-79.38435,43.64367]]}},{"type":"Feature","properties":{"usage":"main"},"geometry":{"type":"LineString","coordinates":[[-79.38457,43.64332],[-79.38418,43.64335]]}},{"type":"Feature","properties":{"usage":"main"},"geometry":{"type":"LineString","coordinates":[[-79.3838,43.64337],[-79.38289,43.64346],[-79.38244,43.6435],[-79.38225,43.64353],[-79.38205,43.64356],[-79.38124,43.64373],[-79.37946,43.64411],[-79.37874,43.64431],[-79.37823,43.64446],[-79.37792,43.64453],[-79.37592,43.64495],[-79.37422,43.64532],[-79.37391,43.64538]]}},{"type":"Feature","properties":{"usage":"main"},"geometry":{"type":"LineString","coordinates":[[-79.37042,43.79015],[-79.37019,43.78951]]}},{"type":"Feature","properties":{"usage":"main"},"geometry":{"type":"LineString","coordinates":[[-79.37019,43.78951],[-79.36742,43.78185],[-79.36702,43.78022],[-79.367,43.7792],[-79.36702,43.77864],[-79.36713,43.77808],[-79.36749,43.77716],[-79.36792,43.77618],[-79.36797,43.77609]]}},{"type":"Feature","properties":{"usage":"branch"},"geometry":{"type":"LineString","coordinates":[[-79.4734,43.729],[-79.47346,43.7293]]}},{"type":"Feature","properties":{"usage":"main"},"geometry":{"type":"LineString","coordinates":[[-79.37397,43.79957],[-79.37386,43.79938]]}},{"type":"Feature","properties":{"usage":"main"},"geometry":{"type":"LineString","coordinates":[[-79.37386,43.79938],[-79.37354,43.79875],[-79.37229,43.79536],[-79.37186,43.79416],[-79.37168,43.79365],[-79.37072,43.79094],[-79.37042,43.79015]]}},{"type":"Feature","properties":{"usage":"branch"},"geometry":{"type":"LineString","coordinates":[[-79.48523,43.78752],[-79.48529,43.78785]]}},{"type":"Feature","properties":{"usage":"branch"},"geometry":{"type":"LineString","coordinates":[[-79.48814,43.80263],[-79.4882,43.8029]]}},{"type":"Feature","properties":{"usage":"branch"},"geometry":{"type":"LineString","coordinates":[[-79.48712,43.79747],[-79.48735,43.79863],[-79.48814,43.80263]]}},{"type":"Feature","properties":{"usage":"branch"},"geometry":{"type":"LineString","coordinates":[[-79.48691,43.79641],[-79.48712,43.79747]]}},{"type":"Feature","properties":{"usage":"branch"},"geometry":{"type":"LineString","coordinates":[[-79.48529,43.78785],[-79.48573,43.79007],[-79.48615,43.79209]]}},{"type":"Feature","properties":{"usage":"branch"},"geometry":{"type":"LineString","coordinates":[[-79.4882,43.8029],[-79.48828,43.80332],[-79.48922,43.80806],[-79.48936,43.80872],[-79.48961,43.80959],[-79.48992,43.81038],[-79.49012,43.81081],[-79.49016,43.81092],[-79.49021,43.81102],[-79.49066,43.81188],[-79.493,43.81543],[-79.49391,43.81694],[-79.49398,43.8171],[-79.49443,43.81809],[-79.49463,43.81872]]}},{"type":"Feature","properties":{"usage":"branch"},"geometry":{"type":"LineString","coordinates":[[-79.49846,43.8395],[-79.49936,43.84471],[-79.49977,43.84591],[-79.50045,43.84713],[-79.50584,43.85501],[-79.50613,43.85548],[-79.5064,43.85608],[-79.50652,43.85652]]}},{"type":"Feature","properties":{"usage":"branch"},"geometry":{"type":"LineString","coordinates":[[-79.50652,43.85652],[-79.50661,43.85691]]}},{"type":"Feature","properties":{"usage":"branch"},"geometry":{"type":"LineString","coordinates":[[-79.50661,43.85691],[-79.50687,43.8585],[-79.50719,43.85966],[-79.50759,43.86071],[-79.50782,43.86125],[-79.50828,43.86208],[-79.50833,43.86218],[-79.50876,43.86288]]}},{"type":"Feature","properties":{"usage":"branch"},"geometry":{"type":"LineString","coordinates":[[-79.51691,43.87591],[-79.51757,43.87672]]}},{"type":"Feature","properties":{"usage":"branch"},"geometry":{"type":"LineString","coordinates":[[-79.51757,43.87672],[-79.51914,43.87874],[-79.5219,43.88229],[-79.52246,43.88301],[-79.523,43.88379],[-79.52346,43.88453],[-79.52367,43.88491],[-79.52386,43.88531],[-79.52398,43.88564],[-79.52407,43.88596],[-79.52415,43.88636],[-79.52422,43.88682],[-79.52433,43.88798],[-79.52435,43.88821],[-79.5245,43.8898],[-79.52457,43.89064]]}},{"type":"Feature","properties":{"usage":"main"},"geometry":{"type":"LineString","coordinates":[[-79.4469,43.79634],[-79.44641,43.79644]]}},{"type":"Feature","properties":{"usage":"main"},"geometry":{"type":"LineString","coordinates":[[-79.45899,43.79362],[-79.45841,43.79375]]}},{"type":"Feature","properties":{"usage":"main"},"geometry":{"type":"LineString","coordinates":[[-79.45841,43.79375],[-79.44828,43.79603],[-79.4469,43.79634]]}},{"type":"Feature","properties":{"usage":"main"},"geometry":{"type":"LineString","coordinates":[[-79.63345,43.51338],[-79.63327,43.51354],[-79.63312,43.51367]]}},{"type":"Feature","properties":{"usage":"main"},"geometry":{"type":"LineString","coordinates":[[-79.63312,43.51367],[-79.63062,43.51598],[-79.62846,43.51797],[-79.62758,43.51878],[-79.62674,43.51957],[-79.62667,43.51964],[-79.62471,43.52142],[-79.62231,43.52362],[-79.62166,43.52423],[-79.61753,43.52802],[-79.61412,43.53117],[-79.61398,43.5313],[-79.61387,43.53139],[-79.61379,43.53147],[-79.61066,43.53434],[-79.60774,43.53703],[-79.60691,43.53779],[-79.60119,43.54305],[-79.59986,43.54427],[-79.59891,43.54515],[-79.59809,43.54591],[-79.5968,43.54709],[-79.59665,43.54723],[-79.59539,43.54838],[-79.59525,43.54851],[-79.59347,43.55016]]}},{"type":"Feature","properties":{"usage":"main"},"geometry":{"type":"LineString","coordinates":[[-79.5697,43.57197],[-79.56948,43.57217]]}},{"type":"Feature","properties":{"usage":"main"},"geometry":{"type":"LineString","coordinates":[[-79.56948,43.57217],[-79.56833,43.57323],[-79.56697,43.57447],[-79.5658,43.57554],[-79.5641,43.57711],[-79.56389,43.57731],[-79.5629,43.57821],[-79.56184,43.57919],[-79.55944,43.58139],[-79.5591,43.58171],[-79.5587,43.58207],[-79.55847,43.58229],[-79.55658,43.58401],[-79.55501,43.58546],[-79.55412,43.58625],[-79.55397,43.58637]]}},{"type":"Feature","properties":{"usage":"main"},"geometry":{"type":"LineString","coordinates":[[-79.78181,43.59621],[-79.781,43.59664],[-79.78031,43.59692],[-79.77969,43.59715],[-79.77908,43.59735],[-79.77842,43.59752],[-79.7776,43.59768],[-79.77615,43.59793],[-79.77419,43.59826],[-79.77288,43.59848],[-79.77149,43.59872],[-79.76882,43.59916],[-79.76733,43.59941],[-79.76619,43.59961],[-79.76541,43.59973],[-79.76497,43.59978],[-79.76454,43.59982],[-79.76415,43.59985],[-79.76348,43.59987],[-79.76288,43.59986],[-79.76213,43.59982],[-79.76158,43.59976],[-79.76072,43.59963],[-79.76008,43.5995],[-79.7598,43.59943],[-79.75946,43.59934]]}},{"type":"Feature","properties":{"usage":"main"},"geometry":{"type":"LineString","coordinates":[[-79.72347,43.58765],[-79.72308,43.58725]]}},{"type":"Feature","properties":{"usage":"main"},"geometry":{"type":"LineString","coordinates":[[-79.72072,43.58474],[-79.72036,43.58435],[-79.72003,43.58402],[-79.71974,43.58371],[-79.7196,43.58355],[-79.71901,43.58299],[-79.71864,43.58269],[-79.71828,43.58243],[-79.71785,43.58211],[-79.71749,43.58186],[-79.71588,43.5807],[-79.71567,43.58054],[-79.71394,43.5793],[-79.71336,43.57887],[-79.71175,43.57772],[-79.71086,43.57716],[-79.7101,43.57678],[-79.70863,43.57608],[-79.70748,43.57553],[-79.70701,43.57531],[-79.70677,43.5752],[-79.70652,43.57511],[-79.70617,43.575],[-79.70578,43.5749],[-79.7053,43.57481],[-79.70481,43.57475],[-79.70429,43.57472],[-79.7039,43.57473],[-79.70372,43.57474],[-79.70346,43.57476],[-79.70329,43.57478],[-79.70309,43.57481],[-79.70291,43.57484],[-79.70266,43.57489],[-79.70235,43.57496],[-79.70134,43.57525],[-79.70065,43.57545],[-79.70004,43.57564],[-79.69895,43.57596]]}},{"type":"Feature","properties":{"usage":"main"},"geometry":{"type":"LineString","coordinates":[[-79.23272,43.84781],[-79.23378,43.84788],[-79.23484,43.84801],[-79.23656,43.84839],[-79.23776,43.84876],[-79.25526,43.8553]]}},{"type":"Feature","properties":{"usage":"main"},"geometry":{"type":"LineString","coordinates":[[-79.23047,43.84764],[-79.23272,43.84781]]}},{"type":"Feature","properties":{"usage":"main"},"geometry":{"type":"LineString","coordinates":[[-79.7326,43.6933],[-79.73283,43.69325]]}},{"type":"Feature","properties":{"usage":"main"},"geometry":{"type":"LineString","coordinates":[[-79.75199,43.68935],[-79.75113,43.68952],[-79.75083,43.68958]]}},{"type":"Feature","properties":{"usage":"main"},"geometry":{"type":"LineString","coordinates":[[-79.70603,43.69865],[-79.7068,43.6985]]}},{"type":"Feature","properties":{"usage":"main"},"geometry":{"type":"LineString","coordinates":[[-79.7068,43.6985],[-79.70721,43.69841],[-79.70858,43.69814],[-79.71074,43.6977],[-79.71453,43.69694],[-79.71729,43.69639],[-79.72081,43.69567],[-79.7245,43.69493],[-79.72571,43.69468],[-79.73128,43.69356],[-79.7326,43.6933]]}},{"type":"Feature","properties":{"usage":"main"},"geometry":{"type":"LineString","coordinates":[[-79.37131,43.69012],[-79.37248,43.68895],[-79.37346,43.68804],[-79.37418,43.68751],[-79.3747,43.68719],[-79.3752,43.6869],[-79.37583,43.68659],[-79.37664,43.68626],[-79.37734,43.68602],[-79.37804,43.68583],[-79.37876,43.68567],[-79.38098,43.68519],[-79.38199,43.68498],[-79.38238,43.68489],[-79.38277,43.68479],[-79.38296,43.68473],[-79.38318,43.68466],[-79.38334,43.68461],[-79.38354,43.68453]]}},{"type":"Feature","properties":{"usage":"main"},"geometry":{"type":"LineString","coordinates":[[-79.37037,43.69107],[-79.37131,43.69012]]}},{"type":"Feature","properties":{"usage":"main"},"geometry":{"type":"LineString","coordinates":[[-79.33118,43.73029],[-79.3302,43.73085]]}},{"type":"Feature","properties":{"usage":"main"},"geometry":{"type":"LineString","coordinates":[[-79.3302,43.73085],[-79.32786,43.73217]]}},{"type":"Feature","properties":{"usage":"main"},"geometry":{"type":"LineString","coordinates":[[-79.58505,43.55794],[-79.58419,43.55873],[-79.58358,43.55929],[-79.58323,43.55961],[-79.58289,43.55994],[-79.58241,43.56036],[-79.58156,43.56114],[-79.58112,43.56155],[-79.58073,43.56191],[-79.58034,43.56227],[-79.57937,43.56315],[-79.57867,43.5638],[-79.57771,43.56468],[-79.57713,43.56521],[-79.57634,43.56593],[-79.57608,43.56617]]}},{"type":"Feature","properties":{"usage":"main"},"geometry":{"type":"LineString","coordinates":[[-79.58538,43.55763],[-79.58505,43.55794]]}},{"type":"Feature","properties":{"usage":"main"},"geometry":{"type":"LineString","coordinates":[[-79.34042,43.72502],[-79.33984,43.72535]]}},{"type":"Feature","properties":{"usage":"main"},"geometry":{"type":"LineString","coordinates":[[-79.33984,43.72535],[-79.33809,43.72636],[-79.33772,43.72657],[-79.33648,43.72728],[-79.33504,43.72809],[-79.33118,43.73029]]}},{"type":"Feature","properties":{"usage":"main"},"geometry":{"type":"LineString","coordinates":[[-79.34871,43.71464],[-79.34884,43.71424],[-79.34924,43.71298],[-79.34945,43.71226],[-79.34972,43.71158],[-79.35002,43.71097],[-79.35028,43.71055],[-79.35062,43.71008],[-79.35091,43.70974],[-79.3513,43.70931],[-79.35192,43.70871],[-79.354,43.70672],[-79.35766,43.7032],[-79.35774,43.70312],[-79.35862,43.70225]]}},{"type":"Feature","properties":{"usage":"main"},"geometry":{"type":"LineString","coordinates":[[-79.52926,43.71615],[-79.52916,43.71651]]}},{"type":"Feature","properties":{"usage":"main"},"geometry":{"type":"LineString","coordinates":[[-79.52916,43.71651],[-79.52851,43.71878],[-79.52842,43.71925],[-79.52846,43.71977],[-79.52854,43.72024],[-79.52867,43.72082],[-79.52898,43.72205],[-79.52949,43.72398],[-79.52968,43.72483],[-79.52986,43.72559],[-79.53048,43.72796],[-79.53052,43.72813],[-79.5313,43.73136],[-79.53168,43.73285],[-79.53175,43.73315],[-79.53215,43.73469],[-79.53219,43.73483]]}},{"type":"Feature","properties":{"usage":"main"},"geometry":{"type":"LineString","coordinates":[[-79.53219,43.73483],[-79.53228,43.73523]]}},{"type":"Feature","properties":{"usage":"main"},"geometry":{"type":"LineString","coordinates":[[-79.53228,43.73523],[-79.53259,43.73667],[-79.53335,43.73964],[-79.53342,43.7399],[-79.53463,43.74484],[-79.53529,43.74724],[-79.53545,43.74762],[-79.53567,43.74797],[-79.53641,43.74886],[-79.53977,43.75235]]}},{"type":"Feature","properties":{"usage":"main"},"geometry":{"type":"LineString","coordinates":[[-79.51432,43.70072],[-79.5139,43.70053]]}},{"type":"Feature","properties":{"usage":"main"},"geometry":{"type":"LineString","coordinates":[[-79.1826,43.83512],[-79.18219,43.83515],[-79.18186,43.83517],[-79.18143,43.83518],[-79.18097,43.83519],[-79.18041,43.83518],[-79.17986,43.83515],[-79.17924,43.83511],[-79.17865,43.83505],[-79.17822,43.83499],[-79.17776,43.83493],[-79.1767,43.83474],[-79.1757,43.83455]]}},{"type":"Feature","properties":{"usage":"main"},"geometry":{"type":"LineString","coordinates":[[-79.18273,43.83511],[-79.1826,43.83512]]}},{"type":"Feature","properties":{"usage":"main"},"geometry":{"type":"LineString","coordinates":[[-79.1757,43.83455],[-79.17553,43.83452]]}},{"type":"Feature","properties":{"usage":"main"},"geometry":{"type":"LineString","coordinates":[[-79.17553,43.83452],[-79.17487,43.8344],[-79.17396,43.83423],[-79.17304,43.83407],[-79.17242,43.83399],[-79.17181,43.83392],[-79.17038,43.83378],[-79.16915,43.83375],[-79.16769,43.83384],[-79.16625,43.83401],[-79.16453,43.83429],[-79.1609,43.83481],[-79.15414,43.83582],[-79.14837,43.83667],[-79.14548,43.83716],[-79.14395,43.83738],[-79.14305,43.83756],[-79.14211,43.8377],[-79.14044,43.83822],[-79.1395,43.83857],[-79.13839,43.83909],[-79.13683,43.84004],[-79.13606,43.84062],[-79.13589,43.84076],[-79.13511,43.84148],[-79.13418,43.84238],[-79.13221,43.84424],[-79.12963,43.84673],[-79.1284,43.84793],[-79.12719,43.84915],[-79.12608,43.85012],[-79.12439,43.85142],[-79.12267,43.85241],[-79.12014,43.85355],[-79.11992,43.85365],[-79.11868,43.85427],[-79.11791,43.85472],[-79.11724,43.85511],[-79.11576,43.8562],[-79.11426,43.85747],[-79.11297,43.85893],[-79.11213,43.86014],[-79.1119,43.86047],[-79.11145,43.86116],[-79.11114,43.86164],[-79.11085,43.86214],[-79.11031,43.86289],[-79.10882,43.86491],[-79.10353,43.87253],[-79.10151,43.87555],[-79.101,43.87617],[-79.10052,43.87668],[-79.09965,43.87749],[-79.09859,43.87836],[-79.09773,43.87895],[-79.09675,43.87949],[-79.09577,43.87999],[-79.08972,43.88295]]}},{"type":"Feature","properties":{"usage":"main"},"geometry":{"type":"LineString","coordinates":[[-79.18473,43.83861],[-79.18531,43.8387]]}},{"type":"Feature","properties":{"usage":"main"},"geometry":{"type":"LineString","coordinates":[[-79.18531,43.8387],[-79.19575,43.84013],[-79.19611,43.84019],[-79.1973,43.84039],[-79.19845,43.84071],[-79.20848,43.84452],[-79.2111,43.84555]]}},{"type":"Feature","properties":{"usage":"main"},"geometry":{"type":"LineString","coordinates":[[-79.18548,43.83465],[-79.18486,43.83478]]}},{"type":"Feature","properties":{"usage":"main"},"geometry":{"type":"LineString","coordinates":[[-79.18486,43.83478],[-79.18448,43.83485],[-79.18405,43.83493],[-79.18359,43.835],[-79.18315,43.83505],[-79.18273,43.83511]]}},{"type":"Feature","properties":{"usage":"main"},"geometry":{"type":"LineString","coordinates":[[-79.20253,43.83051],[-79.20189,43.83069]]}},{"type":"Feature","properties":{"usage":"main"},"geometry":{"type":"LineString","coordinates":[[-79.20189,43.83069],[-79.19906,43.83149],[-79.1925,43.83307],[-79.19027,43.83355],[-79.18659,43.8344],[-79.18548,43.83465]]}},{"type":"Feature","properties":{"usage":"main"},"geometry":{"type":"LineString","coordinates":[[-79.32132,43.67822],[-79.31697,43.67992],[-79.31142,43.6821]]}},{"type":"Feature","properties":{"usage":"main"},"geometry":{"type":"LineString","coordinates":[[-79.32131,43.67818],[-79.31699,43.67987],[-79.3114,43.68207]]}},{"type":"Feature","properties":{"usage":"main"},"geometry":{"type":"LineString","coordinates":[[-79.38258,43.64441],[-79.38173,43.64459],[-79.38045,43.64487],[-79.37852,43.64528],[-79.37834,43.64531],[-79.3781,43.64535]]}},{"type":"Feature","properties":{"usage":"main"},"geometry":{"type":"LineString","coordinates":[[-79.38257,43.64433],[-79.38043,43.6448],[-79.37824,43.64527],[-79.37786,43.64533],[-79.37738,43.6454]]}},{"type":"Feature","properties":{"usage":"main"},"geometry":{"type":"LineString","coordinates":[[-79.38254,43.64427],[-79.3804,43.64473],[-79.37821,43.6452],[-79.37773,43.64528],[-79.37755,43.64532],[-79.37713,43.64539],[-79.37673,43.64544]]}},{"type":"Feature","properties":{"usage":"main"},"geometry":{"type":"LineString","coordinates":[[-79.38249,43.64413],[-79.38035,43.64459],[-79.37814,43.64506],[-79.37727,43.64524],[-79.37649,43.64536],[-79.37615,43.64542],[-79.37541,43.64554]]}},{"type":"Feature","properties":{"usage":"main"},"geometry":{"type":"LineString","coordinates":[[-79.38241,43.64394],[-79.38027,43.64439],[-79.37806,43.64487],[-79.37729,43.64503],[-79.37643,43.64519],[-79.37626,43.64522],[-79.37608,43.64525],[-79.37502,43.64546],[-79.37408,43.64563]]}},{"type":"Feature","properties":{"usage":"main"},"geometry":{"type":"LineString","coordinates":[[-79.3846,43.64345],[-79.38424,43.64349]]}},{"type":"Feature","properties":{"usage":"main"},"geometry":{"type":"LineString","coordinates":[[-79.38413,43.6435],[-79.38342,43.6436],[-79.38296,43.64366],[-79.38233,43.64379],[-79.38021,43.64424],[-79.37799,43.64472],[-79.37702,43.64493],[-79.37574,43.6452]]}},{"type":"Feature","properties":{"usage":"main"},"geometry":{"type":"LineString","coordinates":[[-79.37622,43.64506],[-79.37756,43.64477],[-79.37797,43.64468],[-79.3802,43.64421],[-79.38232,43.64375],[-79.38292,43.64362],[-79.38336,43.64355]]}},{"type":"Feature","properties":{"usage":"main"},"geometry":{"type":"LineString","coordinates":[[-79.38284,43.6435],[-79.38268,43.64351],[-79.38239,43.64353],[-79.38206,43.64359],[-79.38124,43.64377],[-79.37955,43.64414],[-79.37865,43.64438],[-79.37797,43.64455],[-79.37593,43.64499],[-79.37422,43.64535],[-79.3733,43.64555],[-79.37307,43.64561]]}},{"type":"Feature","properties":{"usage":"main"},"geometry":{"type":"LineString","coordinates":[[-79.38336,43.64355],[-79.38291,43.64359],[-79.38262,43.64362],[-79.38229,43.64367],[-79.38179,43.64378],[-79.38016,43.64413],[-79.37939,43.64429],[-79.37907,43.64439],[-79.37879,43.64446],[-79.37797,43.64464],[-79.37716,43.64481],[-79.37675,43.6449]]}},{"type":"Feature","properties":{"usage":"main"},"geometry":{"type":"LineString","coordinates":[[-79.48136,43.6848],[-79.47999,43.68412],[-79.47913,43.68367]]}},{"type":"Feature","properties":{"usage":"main"},"geometry":{"type":"LineString","coordinates":[[-79.48713,43.6873],[-79.48322,43.68536],[-79.48108,43.6843]]}},{"type":"Feature","properties":{"usage":"main"},"geometry":{"type":"LineString","coordinates":[[-79.48108,43.6843],[-79.47942,43.68348]]}},{"type":"Feature","properties":{"usage":"main"},"geometry":{"type":"LineString","coordinates":[[-79.47913,43.68367],[-79.47615,43.68213],[-79.47518,43.68152],[-79.47421,43.6809],[-79.4733,43.68027],[-79.47184,43.67921],[-79.47043,43.67801],[-79.46931,43.67698],[-79.46785,43.67544],[-79.46588,43.67339],[-79.4654,43.67289]]}},{"type":"Feature","properties":{"usage":"branch"},"geometry":{"type":"LineString","coordinates":[[-79.46982,43.71093],[-79.46976,43.71063]]}},{"type":"Feature","properties":{"usage":"branch"},"geometry":{"type":"LineString","coordinates":[[-79.4734,43.729],[-79.47279,43.72604],[-79.4721,43.72247],[-79.47139,43.71896],[-79.47084,43.7161],[-79.47026,43.71307],[-79.46982,43.71093]]}},{"type":"Feature","properties":{"usage":"main"},"geometry":{"type":"LineString","coordinates":[[-79.53324,43.70686],[-79.53291,43.70686]]}},{"type":"Feature","properties":{"usage":"main"},"geometry":{"type":"LineString","coordinates":[[-79.53502,43.70685],[-79.53324,43.70686]]}},{"type":"Feature","properties":{"usage":"main"},"geometry":{"type":"LineString","coordinates":[[-79.70595,43.69859],[-79.70419,43.69894],[-79.70246,43.69929],[-79.70049,43.69968],[-79.69938,43.69991],[-79.69851,43.70007],[-79.69748,43.70025],[-79.6968,43.70037],[-79.69622,43.70048],[-79.69565,43.7006]]}},{"type":"Feature","properties":{"usage":"main"},"geometry":{"type":"LineString","coordinates":[[-79.75199,43.68935],[-79.75114,43.68949],[-79.75059,43.68959],[-79.74854,43.69],[-79.74725,43.69026],[-79.74647,43.69042],[-79.74355,43.69101]]}},{"type":"Feature","properties":{"usage":"main"},"geometry":{"type":"LineString","coordinates":[[-79.53733,43.70681],[-79.53502,43.70685]]}},{"type":"Feature","properties":{"usage":"main"},"geometry":{"type":"LineString","coordinates":[[-79.7617,43.68739],[-79.76208,43.68732]]}},{"type":"Feature","properties":{"usage":"main"},"geometry":{"type":"LineString","coordinates":[[-79.76208,43.68732],[-79.76226,43.68728],[-79.7666,43.68638],[-79.76818,43.68606],[-79.77017,43.68565]]}},{"type":"Feature","properties":{"usage":"main"},"geometry":{"type":"LineString","coordinates":[[-79.75708,43.68833],[-79.75761,43.68822]]}},{"type":"Feature","properties":{"usage":"main"},"geometry":{"type":"LineString","coordinates":[[-79.75761,43.68822],[-79.75858,43.68802],[-79.75935,43.68786]]}},{"type":"Feature","properties":{"usage":"main"},"geometry":{"type":"LineString","coordinates":[[-79.75199,43.68935],[-79.75203,43.68934]]}},{"type":"Feature","properties":{"usage":"main"},"geometry":{"type":"LineString","coordinates":[[-79.54805,43.59058],[-79.5474,43.59095],[-79.54725,43.59103],[-79.5469,43.59122],[-79.54641,43.59148],[-79.54558,43.59191],[-79.54392,43.59274],[-79.54224,43.59356],[-79.54013,43.5946],[-79.53835,43.59549],[-79.53543,43.59695],[-79.53151,43.5989]]}},{"type":"Feature","properties":{"usage":"main"},"geometry":{"type":"LineString","coordinates":[[-79.54879,43.59012],[-79.54805,43.59058]]}},{"type":"Feature","properties":{"usage":"branch"},"geometry":{"type":"LineString","coordinates":[[-79.45588,43.67496],[-79.45608,43.67521]]}},{"type":"Feature","properties":{"usage":"branch"},"geometry":{"type":"LineString","coordinates":[[-79.45608,43.67521],[-79.45629,43.67552],[-79.45693,43.6766],[-79.45753,43.6775],[-79.45944,43.6804],[-79.46095,43.68265],[-79.46124,43.68314]]}},{"type":"Feature","properties":{"usage":"branch"},"geometry":{"type":"LineString","coordinates":[[-79.46124,43.68314],[-79.46135,43.68333]]}},{"type":"Feature","properties":{"usage":"branch"},"geometry":{"type":"LineString","coordinates":[[-79.46976,43.71063],[-79.46953,43.70953],[-79.46903,43.70698],[-79.46853,43.70482],[-79.46756,43.70132],[-79.46657,43.69775],[-79.46555,43.69418],[-79.4652,43.69318],[-79.46478,43.69239],[-79.46431,43.6916],[-79.46357,43.69049],[-79.46318,43.68965],[-79.46286,43.68867],[-79.46209,43.68568],[-79.46179,43.68447],[-79.4615,43.68362],[-79.46135,43.68333]]}},{"type":"Feature","properties":{"usage":"main"},"geometry":{"type":"LineString","coordinates":[[-79.1007,43.82394],[-79.09999,43.82431],[-79.0995,43.82456],[-79.09901,43.82481],[-79.09844,43.82514],[-79.09778,43.82555],[-79.09734,43.82583],[-79.09692,43.82612],[-79.09647,43.82638],[-79.09618,43.82653],[-79.09555,43.82682],[-79.09409,43.8274],[-79.09228,43.82813],[-79.0913,43.82852],[-79.09031,43.82896],[-79.08904,43.82955],[-79.08876,43.82968],[-79.08713,43.83043]]}},{"type":"Feature","properties":{"usage":"main"},"geometry":{"type":"LineString","coordinates":[[-79.10738,43.82508],[-79.10765,43.82502]]}},{"type":"Feature","properties":{"usage":"main"},"geometry":{"type":"LineString","coordinates":[[-79.10765,43.82502],[-79.13141,43.81972],[-79.13759,43.81839],[-79.14374,43.81702],[-79.14676,43.81635],[-79.14775,43.81626],[-79.14866,43.81622],[-79.14943,43.81624],[-79.1504,43.81629],[-79.15138,43.81642],[-79.15227,43.81662],[-79.15507,43.81731],[-79.15599,43.81755],[-79.15799,43.81808],[-79.15859,43.81827],[-79.15906,43.81847],[-79.15957,43.81867],[-79.16028,43.81904],[-79.16072,43.81931],[-79.1611,43.81957],[-79.16141,43.81979],[-79.16165,43.81996],[-79.16187,43.82014],[-79.16224,43.82044],[-79.16353,43.82162],[-79.16399,43.82204],[-79.16532,43.82324],[-79.16952,43.82709],[-79.17026,43.82777],[-79.17055,43.82809],[-79.17082,43.82842],[-79.17157,43.82937],[-79.17265,43.83075],[-79.17475,43.83344],[-79.17597,43.83497],[-79.17687,43.83595],[-79.17723,43.83627],[-79.17768,43.8366],[-79.17811,43.83685],[-79.17851,43.83709],[-79.179,43.83734],[-79.1796,43.8376],[-79.1801,43.83777],[-79.18052,43.8379],[-79.18113,43.83805],[-79.18172,43.83816],[-79.18211,43.83822],[-79.1825,43.83827],[-79.18473,43.83861]]}},{"type":"Feature","properties":{"usage":"main"},"geometry":{"type":"LineString","coordinates":[[-79.24191,43.82004],[-79.24208,43.81976],[-79.24416,43.81656],[-79.24525,43.81482],[-79.24552,43.81443],[-79.24568,43.81412],[-79.24619,43.81333],[-79.24658,43.81275],[-79.24682,43.81238],[-79.24709,43.81196],[-79.24725,43.81171],[-79.24748,43.8114],[-79.2477,43.81111],[-79.24798,43.81081],[-79.2484,43.8104],[-79.24903,43.80979],[-79.25004,43.80883],[-79.2523,43.80666],[-79.25291,43.80591],[-79.25351,43.80513],[-79.25627,43.80153],[-79.25654,43.80115],[-79.25677,43.80075],[-79.25695,43.80042],[-79.25711,43.80008],[-79.25735,43.7995],[-79.25812,43.79754],[-79.25863,43.79625],[-79.25897,43.79543],[-79.25917,43.79509],[-79.25941,43.79479],[-79.25959,43.79459],[-79.25977,43.79443],[-79.26007,43.7942],[-79.26034,43.79401]]}},{"type":"Feature","properties":{"usage":"main"},"geometry":{"type":"LineString","coordinates":[[-79.25526,43.8553],[-79.25565,43.85543]]}},{"type":"Feature","properties":{"usage":"main"},"geometry":{"type":"LineString","coordinates":[[-79.25669,43.85581],[-79.25804,43.8563],[-79.25903,43.85655],[-79.25984,43.85667]]}},{"type":"Feature","properties":{"usage":"main"},"geometry":{"type":"LineString","coordinates":[[-79.59278,43.77965],[-79.59308,43.78001]]}},{"type":"Feature","properties":{"usage":"main"},"geometry":{"type":"LineString","coordinates":[[-79.57766,43.70602],[-79.57725,43.70602]]}},{"type":"Feature","properties":{"usage":"main"},"geometry":{"type":"LineString","coordinates":[[-79.39008,43.81556],[-79.38612,43.81173],[-79.385,43.81067],[-79.38384,43.80964],[-79.38207,43.80813],[-79.38064,43.80689]]}},{"type":"Feature","properties":{"usage":"main"},"geometry":{"type":"LineString","coordinates":[[-79.40013,43.81355],[-79.39976,43.81383]]}},{"type":"Feature","properties":{"usage":"main"},"geometry":{"type":"LineString","coordinates":[[-79.40951,43.80765],[-79.40921,43.80777]]}},{"type":"Feature","properties":{"usage":"main"},"geometry":{"type":"LineString","coordinates":[[-79.40921,43.80777],[-79.40735,43.80854],[-79.40654,43.80893],[-79.40559,43.80952],[-79.40181,43.81231]]}},{"type":"Feature","properties":{"usage":"branch"},"geometry":{"type":"LineString","coordinates":[[-79.49463,43.81872],[-79.49468,43.81889]]}},{"type":"Feature","properties":{"usage":"branch"},"geometry":{"type":"LineString","coordinates":[[-79.49468,43.81889],[-79.49493,43.81964],[-79.49512,43.82046],[-79.49513,43.82053],[-79.49787,43.83605],[-79.49806,43.83713],[-79.49835,43.83884],[-79.49842,43.83925],[-79.49844,43.83938],[-79.49846,43.8395]]}},{"type":"Feature","properties":{"usage":"main"},"geometry":{"type":"LineString","coordinates":[[-79.5798,43.60623],[-79.57949,43.60643]]}},{"type":"Feature","properties":{"usage":"main"},"geometry":{"type":"LineString","coordinates":[[-79.57949,43.60643],[-79.57767,43.6076],[-79.57715,43.60794],[-79.57591,43.60875],[-79.57465,43.60957],[-79.57411,43.60992],[-79.57396,43.61002]]}},{"type":"Feature","properties":{"usage":"main"},"geometry":{"type":"LineString","coordinates":[[-79.22086,43.81804],[-79.22147,43.81799]]}},{"type":"Feature","properties":{"usage":"main"},"geometry":{"type":"LineString","coordinates":[[-79.22147,43.81799],[-79.22218,43.81798],[-79.22295,43.81808],[-79.22347,43.81825],[-79.22401,43.81843],[-79.22583,43.81929],[-79.23006,43.82106],[-79.23026,43.82114],[-79.23078,43.82137],[-79.2333,43.82251],[-79.23441,43.82294],[-79.23494,43.82312],[-79.23526,43.8232],[-79.23551,43.82326],[-79.23577,43.8233],[-79.23597,43.82333],[-79.23623,43.82336],[-79.23646,43.82338],[-79.23676,43.82339],[-79.23707,43.82339],[-79.23735,43.82338],[-79.2376,43.82336],[-79.23785,43.82333],[-79.2381,43.8233],[-79.23839,43.82325],[-79.23869,43.82318],[-79.23897,43.82309],[-79.23939,43.82292],[-79.23964,43.82279],[-79.23987,43.82265],[-79.24008,43.82249],[-79.24021,43.82239],[-79.24041,43.8222],[-79.24056,43.82202],[-79.2407,43.82183],[-79.24083,43.82163],[-79.2409,43.82149],[-79.24108,43.82121],[-79.24145,43.82063],[-79.24171,43.82022],[-79.24202,43.81974],[-79.24235,43.81927]]}},{"type":"Feature","properties":{"usage":"main"},"geometry":{"type":"LineString","coordinates":[[-79.46543,43.66722],[-79.46519,43.66722]]}},{"type":"Feature","properties":{"usage":"main"},"geometry":{"type":"LineString","coordinates":[[-79.46924,43.67651],[-79.46762,43.67478],[-79.46701,43.67417],[-79.46671,43.67387],[-79.46648,43.67364],[-79.46474,43.67194],[-79.46438,43.67158]]}},{"type":"Feature","properties":{"usage":"main"},"geometry":{"type":"LineString","coordinates":[[-79.45373,43.63927],[-79.45274,43.6392],[-79.45145,43.63907],[-79.45007,43.63889],[-79.4496,43.63881],[-79.44913,43.63873],[-79.44866,43.63865],[-79.4482,43.63856],[-79.44709,43.63832],[-79.44641,43.63816],[-79.44543,43.63789],[-79.44509,43.63778],[-79.4444,43.63753],[-79.44363,43.63721],[-79.44295,43.63691],[-79.43831,43.63493],[-79.43754,43.63463],[-79.43632,43.63417],[-79.43591,43.63404],[-79.4357,43.63398],[-79.43491,43.63378],[-79.43447,43.63369],[-79.43328,43.63351],[-79.43277,43.63346],[-79.43231,43.63343],[-79.43171,43.63339],[-79.43124,43.63339],[-79.43066,43.6334],[-79.43011,43.63342],[-79.42963,43.63345],[-79.42935,43.63348],[-79.42898,43.63352],[-79.42853,43.63357],[-79.4275,43.63376],[-79.4263,43.63402],[-79.42405,43.63465]]}},{"type":"Feature","properties":{"usage":"main"},"geometry":{"type":"LineString","coordinates":[[-79.45401,43.63929],[-79.45373,43.63927]]}},{"type":"Feature","properties":{"usage":"branch"},"geometry":{"type":"LineString","coordinates":[[-79.48075,43.7656],[-79.48082,43.76597]]}},{"type":"Feature","properties":{"usage":"branch"},"geometry":{"type":"LineString","coordinates":[[-79.48133,43.76853],[-79.48143,43.76906],[-79.48145,43.7692],[-79.48159,43.76987],[-79.4819,43.77126],[-79.48219,43.77261]]}},{"type":"Feature","properties":{"usage":"main"},"geometry":{"type":"LineString","coordinates":[[-79.05182,43.8457],[-79.05115,43.84585]]}},{"type":"Feature","properties":{"usage":"main"},"geometry":{"type":"LineString","coordinates":[[-79.05115,43.84585],[-79.05076,43.84595],[-79.04573,43.84706],[-79.04163,43.84802],[-79.04124,43.84811],[-79.04039,43.8483]]}},{"type":"Feature","properties":{"usage":"main"},"geometry":{"type":"LineString","coordinates":[[-79.05073,43.84636],[-79.05216,43.84606]]}},{"type":"Feature","properties":{"usage":"main"},"geometry":{"type":"LineString","coordinates":[[-79.04004,43.84866],[-79.04048,43.84856]]}},{"type":"Feature","properties":{"usage":"main"},"geometry":{"type":"LineString","coordinates":[[-79.04048,43.84856],[-79.0446,43.84764],[-79.04784,43.84694],[-79.05073,43.84636]]}},{"type":"Feature","properties":{"usage":"main"},"geometry":{"type":"LineString","coordinates":[[-79.04039,43.8483],[-79.04,43.84839]]}},{"type":"Feature","properties":{"usage":"main"},"geometry":{"type":"LineString","coordinates":[[-79.04,43.84839],[-79.03754,43.84893],[-79.03645,43.84917],[-79.03399,43.84971],[-79.03102,43.85038],[-79.02745,43.85118],[-79.02439,43.85186],[-79.02119,43.85259],[-79.01591,43.85378],[-79.01378,43.85425],[-79.01171,43.85472]]}},{"type":"Feature","properties":{"usage":"branch"},"geometry":{"type":"LineString","coordinates":[[-79.47346,43.7293],[-79.47354,43.7297],[-79.47426,43.73332],[-79.47497,43.73683],[-79.47564,43.74016],[-79.47599,43.74185],[-79.47634,43.74349],[-79.47712,43.74744],[-79.47713,43.74749],[-79.47714,43.74754],[-79.47733,43.74858],[-79.47814,43.75254],[-79.47855,43.75458],[-79.4786,43.75483],[-79.4787,43.75535],[-79.47943,43.75896],[-79.47997,43.76174]]}},{"type":"Feature","properties":{"usage":"main"},"geometry":{"type":"LineString","coordinates":[[-79.46519,43.66722],[-79.46459,43.66722],[-79.4641,43.66721]]}},{"type":"Feature","properties":{"usage":"branch"},"geometry":{"type":"LineString","coordinates":[[-79.44518,43.65773],[-79.44526,43.65793]]}},{"type":"Feature","properties":{"usage":"main"},"geometry":{"type":"LineString","coordinates":[[-79.58542,43.55766],[-79.5861,43.55705],[-79.58629,43.55689],[-79.58666,43.55658],[-79.58701,43.55628],[-79.58748,43.55587],[-79.58775,43.55562],[-79.58832,43.55512],[-79.58867,43.55478],[-79.58926,43.55418],[-79.58955,43.5539],[-79.58994,43.55355],[-79.58998,43.55351],[-79.59026,43.55325],[-79.59089,43.55267]]}},{"type":"Feature","properties":{"usage":"main"},"geometry":{"type":"LineString","coordinates":[[-79.59083,43.55257],[-79.59072,43.55267],[-79.59066,43.55273],[-79.5901,43.55325],[-79.58983,43.55348],[-79.58979,43.55353],[-79.58884,43.5544],[-79.58781,43.55535],[-79.58699,43.5561],[-79.58676,43.55631],[-79.586,43.557],[-79.58577,43.55722],[-79.58559,43.55738],[-79.58534,43.55761]]}},{"type":"Feature","properties":{"usage":"main"},"geometry":{"type":"LineString","coordinates":[[-79.39552,43.6415],[-79.39533,43.64156],[-79.39447,43.6418],[-79.39401,43.64191],[-79.39299,43.64213],[-79.39117,43.64243],[-79.39033,43.64258],[-79.38897,43.64283]]}},{"type":"Feature","properties":{"usage":"main"},"geometry":{"type":"LineString","coordinates":[[-79.40113,43.64054],[-79.4008,43.64058],[-79.40075,43.64059],[-79.40021,43.64065],[-79.39999,43.64068],[-79.3996,43.64073],[-79.399,43.64085],[-79.39816,43.64104]]}},{"type":"Feature","properties":{"usage":"main"},"geometry":{"type":"LineString","coordinates":[[-79.40113,43.6405],[-79.40034,43.64059],[-79.39955,43.6407],[-79.39901,43.6408],[-79.39851,43.64091],[-79.3978,43.64107],[-79.39729,43.64119],[-79.39682,43.64127],[-79.39656,43.64131],[-79.39561,43.64142],[-79.39506,43.6415],[-79.39437,43.64164],[-79.39108,43.64232],[-79.38886,43.64277]]}},{"type":"Feature","properties":{"usage":"main"},"geometry":{"type":"LineString","coordinates":[[-79.39676,43.64115],[-79.39552,43.6415]]}},{"type":"Feature","properties":{"usage":"main"},"geometry":{"type":"LineString","coordinates":[[-79.39554,43.64154],[-79.3945,43.64184],[-79.39402,43.64195],[-79.39292,43.64218],[-79.3911,43.64247],[-79.39037,43.6426],[-79.38999,43.64268],[-79.38954,43.64276]]}},{"type":"Feature","properties":{"usage":"main"},"geometry":{"type":"LineString","coordinates":[[-79.39678,43.64118],[-79.39554,43.64154]]}},{"type":"Feature","properties":{"usage":"main"},"geometry":{"type":"LineString","coordinates":[[-79.39976,43.64054],[-79.39927,43.64061],[-79.39879,43.64067],[-79.39837,43.64075],[-79.39797,43.64083],[-79.39755,43.64093],[-79.39701,43.64108],[-79.39676,43.64115]]}},{"type":"Feature","properties":{"usage":"main"},"geometry":{"type":"LineString","coordinates":[[-79.4572,43.66433],[-79.45616,43.66325],[-79.45302,43.66006],[-79.45153,43.65854],[-79.45088,43.65789],[-79.45079,43.65779],[-79.45073,43.65772],[-79.45024,43.65723],[-79.44994,43.65693]]}},{"type":"Feature","properties":{"usage":"main"},"geometry":{"type":"LineString","coordinates":[[-79.45725,43.66431],[-79.45637,43.66337],[-79.45563,43.66258],[-79.45428,43.66117],[-79.45314,43.66],[-79.45258,43.65942],[-79.45204,43.65886],[-79.45166,43.65847],[-79.45109,43.6579],[-79.45093,43.65773],[-79.45038,43.65717],[-79.45013,43.65691]]}},{"type":"Feature","properties":{"usage":"main"},"geometry":{"type":"LineString","coordinates":[[-79.31142,43.6821],[-79.31119,43.6822]]}},{"type":"Feature","properties":{"usage":"main"},"geometry":{"type":"LineString","coordinates":[[-79.31119,43.6822],[-79.31008,43.68263],[-79.30933,43.68292],[-79.30913,43.683]]}},{"type":"Feature","properties":{"usage":"main"},"geometry":{"type":"LineString","coordinates":[[-79.31117,43.68216],[-79.31006,43.68259],[-79.30664,43.68394]]}},{"type":"Feature","properties":{"usage":"main"},"geometry":{"type":"LineString","coordinates":[[-79.3114,43.68207],[-79.31135,43.68209],[-79.31117,43.68216]]}},{"type":"Feature","properties":{"usage":"main"},"geometry":{"type":"LineString","coordinates":[[-79.32155,43.67813],[-79.32132,43.67822]]}},{"type":"Feature","properties":{"usage":"main"},"geometry":{"type":"LineString","coordinates":[[-79.32153,43.67809],[-79.32131,43.67818]]}},{"type":"Feature","properties":{"usage":"main"},"geometry":{"type":"LineString","coordinates":[[-79.32955,43.67499],[-79.32155,43.67813]]}},{"type":"Feature","properties":{"usage":"main"},"geometry":{"type":"LineString","coordinates":[[-79.32953,43.67496],[-79.32153,43.67809]]}},{"type":"Feature","properties":{"usage":"main"},"geometry":{"type":"LineString","coordinates":[[-79.32977,43.6749],[-79.32955,43.67499]]}},{"type":"Feature","properties":{"usage":"main"},"geometry":{"type":"LineString","coordinates":[[-79.32976,43.67487],[-79.32953,43.67496]]}},{"type":"Feature","properties":{"usage":"main"},"geometry":{"type":"LineString","coordinates":[[-79.33666,43.67204],[-79.33569,43.67251],[-79.33439,43.67307],[-79.33245,43.67385],[-79.32977,43.6749]]}},{"type":"Feature","properties":{"usage":"main"},"geometry":{"type":"LineString","coordinates":[[-79.33664,43.672],[-79.33566,43.67248],[-79.33436,43.67304],[-79.33243,43.67382],[-79.32976,43.67487]]}},{"type":"Feature","properties":{"usage":"main"},"geometry":{"type":"LineString","coordinates":[[-79.33686,43.67188],[-79.33664,43.672]]}},{"type":"Feature","properties":{"usage":"main"},"geometry":{"type":"LineString","coordinates":[[-79.33688,43.67192],[-79.33666,43.67204]]}},{"type":"Feature","properties":{"usage":"main"},"geometry":{"type":"LineString","coordinates":[[-79.34222,43.66785],[-79.3416,43.66848],[-79.34097,43.66907],[-79.33979,43.67005],[-79.33825,43.67112],[-79.33712,43.67178],[-79.33688,43.67192]]}},{"type":"Feature","properties":{"usage":"main"},"geometry":{"type":"LineString","coordinates":[[-79.34214,43.66786],[-79.34157,43.66846],[-79.34093,43.66904],[-79.33975,43.67002],[-79.33822,43.6711],[-79.33686,43.67188]]}},{"type":"Feature","properties":{"usage":"main"},"geometry":{"type":"LineString","coordinates":[[-79.34274,43.66723],[-79.34222,43.66785]]}},{"type":"Feature","properties":{"usage":"main"},"geometry":{"type":"LineString","coordinates":[[-79.34272,43.66719],[-79.34245,43.6675],[-79.34214,43.66786]]}},{"type":"Feature","properties":{"usage":"main"},"geometry":{"type":"LineString","coordinates":[[-79.34421,43.66509],[-79.34397,43.66548],[-79.34369,43.6659],[-79.3431,43.66676],[-79.34274,43.66723]]}},{"type":"Feature","properties":{"usage":"main"},"geometry":{"type":"LineString","coordinates":[[-79.34418,43.66503],[-79.34391,43.66547],[-79.34364,43.66588],[-79.34306,43.66674],[-79.34272,43.66719]]}},{"type":"Feature","properties":{"usage":"main"},"geometry":{"type":"LineString","coordinates":[[-79.34497,43.6636],[-79.34496,43.66363],[-79.34481,43.66397]]}},{"type":"Feature","properties":{"usage":"main"},"geometry":{"type":"LineString","coordinates":[[-79.34491,43.66361],[-79.34475,43.66398]]}},{"type":"Feature","properties":{"usage":"main"},"geometry":{"type":"LineString","coordinates":[[-79.3444,43.66479],[-79.34421,43.66509]]}},{"type":"Feature","properties":{"usage":"main"},"geometry":{"type":"LineString","coordinates":[[-79.34436,43.66471],[-79.34418,43.66503]]}},{"type":"Feature","properties":{"usage":"main"},"geometry":{"type":"LineString","coordinates":[[-79.3444,43.66479],[-79.34456,43.66449],[-79.34481,43.66397]]}},{"type":"Feature","properties":{"usage":"main"},"geometry":{"type":"LineString","coordinates":[[-79.34475,43.66398],[-79.3447,43.66409],[-79.3446,43.66427],[-79.34436,43.66471]]}},{"type":"Feature","properties":{"usage":"main"},"geometry":{"type":"LineString","coordinates":[[-79.34497,43.6636],[-79.34529,43.66271],[-79.34541,43.66229],[-79.34548,43.662],[-79.34555,43.6616],[-79.34561,43.66131],[-79.34567,43.66079],[-79.34578,43.65989]]}},{"type":"Feature","properties":{"usage":"main"},"geometry":{"type":"LineString","coordinates":[[-79.34573,43.65991],[-79.34562,43.66079],[-79.34557,43.66128],[-79.3455,43.66167],[-79.34543,43.66199],[-79.34525,43.66267],[-79.34514,43.66302],[-79.34491,43.66361]]}},{"type":"Feature","properties":{"usage":"main"},"geometry":{"type":"LineString","coordinates":[[-79.34581,43.65969],[-79.34578,43.65989]]}},{"type":"Feature","properties":{"usage":"main"},"geometry":{"type":"LineString","coordinates":[[-79.34575,43.6597],[-79.34573,43.65991]]}},{"type":"Feature","properties":{"usage":"main"},"geometry":{"type":"LineString","coordinates":[[-79.34636,43.65687],[-79.3462,43.65726],[-79.34607,43.65775],[-79.346,43.65816],[-79.3459,43.65894],[-79.34581,43.65969]]}},{"type":"Feature","properties":{"usage":"main"},"geometry":{"type":"LineString","coordinates":[[-79.3463,43.65688],[-79.34615,43.65726],[-79.34602,43.65774],[-79.34594,43.65816],[-79.34585,43.65894],[-79.34575,43.6597]]}},{"type":"Feature","properties":{"usage":"main"},"geometry":{"type":"LineString","coordinates":[[-79.34647,43.65662],[-79.34636,43.65687]]}},{"type":"Feature","properties":{"usage":"main"},"geometry":{"type":"LineString","coordinates":[[-79.34641,43.65663],[-79.3463,43.65688]]}},{"type":"Feature","properties":{"usage":"main"},"geometry":{"type":"LineString","coordinates":[[-79.35002,43.65337],[-79.34905,43.6539]]}},{"type":"Feature","properties":{"usage":"main"},"geometry":{"type":"LineString","coordinates":[[-79.35668,43.65007],[-79.35637,43.6502],[-79.35592,43.65041],[-79.3556,43.65057],[-79.35529,43.65073],[-79.35491,43.65094],[-79.35386,43.65152],[-79.35244,43.65229],[-79.35187,43.65261],[-79.3516,43.65277],[-79.35152,43.65283],[-79.35151,43.65284],[-79.35144,43.65289],[-79.35143,43.6529],[-79.35138,43.65294],[-79.3513,43.65302],[-79.35127,43.65306],[-79.35117,43.65318],[-79.35111,43.65329],[-79.35108,43.65334],[-79.35104,43.65344],[-79.35103,43.65348],[-79.35101,43.65353],[-79.35098,43.65363],[-79.35096,43.65372],[-79.35096,43.65376],[-79.35095,43.65379],[-79.35095,43.65389],[-79.35095,43.6539],[-79.35096,43.65398],[-79.35097,43.65406],[-79.35099,43.65414],[-79.35099,43.65415],[-79.35103,43.65426],[-79.35104,43.65429],[-79.35106,43.65433],[-79.35109,43.6544],[-79.35113,43.65447],[-79.35114,43.65448],[-79.35114,43.65448],[-79.35115,43.6545],[-79.35118,43.65454],[-79.35124,43.65461],[-79.35125,43.65463],[-79.35127,43.65465],[-79.35129,43.65467],[-79.35132,43.65471],[-79.35143,43.65482],[-79.35148,43.65486],[-79.35159,43.65496],[-79.3518,43.65513],[-79.35206,43.65538],[-79.35227,43.65554],[-79.35248,43.65573],[-79.3525,43.65574],[-79.35269,43.65592],[-79.35298,43.65618]]}},{"type":"Feature","properties":{"usage":"main"},"geometry":{"type":"LineString","coordinates":[[-79.05214,43.84603],[-79.05072,43.84632]]}},{"type":"Feature","properties":{"usage":"main"},"geometry":{"type":"LineString","coordinates":[[-79.04045,43.84847],[-79.04083,43.84838],[-79.04458,43.84754],[-79.0453,43.8474],[-79.04953,43.84654],[-79.05072,43.84632]]}},{"type":"Feature","properties":{"usage":"main"},"geometry":{"type":"LineString","coordinates":[[-79.04,43.84857],[-79.04045,43.84847]]}},{"type":"Feature","properties":{"usage":"main"},"geometry":{"type":"LineString","coordinates":[[-79.30611,43.84699],[-79.30571,43.84708]]}},{"type":"Feature","properties":{"usage":"main"},"geometry":{"type":"LineString","coordinates":[[-79.30571,43.84708],[-79.30034,43.84833],[-79.29408,43.84978],[-79.28936,43.85085],[-79.28829,43.85112],[-79.28741,43.85131],[-79.28671,43.85148],[-79.28583,43.85164],[-79.28508,43.85175],[-79.28416,43.85187],[-79.28312,43.85202],[-79.28235,43.85217],[-79.28166,43.85233],[-79.28092,43.85251],[-79.28066,43.85257]]}},{"type":"Feature","properties":{"usage":"branch"},"geometry":{"type":"LineString","coordinates":[[-79.31513,43.84119],[-79.31528,43.84193],[-79.31569,43.84399],[-79.31577,43.84459],[-79.31577,43.84499],[-79.31571,43.84552],[-79.31558,43.84628]]}},{"type":"Feature","properties":{"usage":"main"},"geometry":{"type":"LineString","coordinates":[[-79.25327,43.71967],[-79.25251,43.72083]]}},{"type":"Feature","properties":{"usage":"main"},"geometry":{"type":"LineString","coordinates":[[-79.34905,43.6539],[-79.34858,43.6542],[-79.34845,43.65429],[-79.34815,43.65453],[-79.34776,43.65486],[-79.3474,43.65521],[-79.34718,43.65547],[-79.34699,43.6557],[-79.34678,43.65599],[-79.34662,43.65625],[-79.34641,43.65663]]}},{"type":"Feature","properties":{"usage":"main"},"geometry":{"type":"LineString","coordinates":[[-79.34909,43.65393],[-79.34875,43.65414],[-79.34853,43.65429],[-79.34818,43.65455],[-79.3478,43.65488],[-79.34745,43.65524],[-79.34723,43.65549],[-79.34704,43.65572],[-79.34683,43.656],[-79.34667,43.65626],[-79.34647,43.65662]]}},{"type":"Feature","properties":{"usage":"main"},"geometry":{"type":"LineString","coordinates":[[-79.35005,43.6534],[-79.34909,43.65393]]}},{"type":"Feature","properties":{"usage":"main"},"geometry":{"type":"LineString","coordinates":[[-79.46903,43.63604],[-79.46882,43.63613]]}},{"type":"Feature","properties":{"usage":"main"},"geometry":{"type":"LineString","coordinates":[[-79.46882,43.63613],[-79.46683,43.63701],[-79.46619,43.63728]]}},{"type":"Feature","properties":{"usage":"main"},"geometry":{"type":"LineString","coordinates":[[-79.30664,43.68394],[-79.30394,43.68499],[-79.30303,43.68533],[-79.30212,43.68565],[-79.30112,43.68597],[-79.3002,43.68625],[-79.2993,43.68649],[-79.29842,43.68671],[-79.29742,43.68695],[-79.29636,43.6872],[-79.29396,43.68775],[-79.29051,43.68855],[-79.28765,43.6892],[-79.28735,43.68927],[-79.28657,43.68944],[-79.28606,43.68956],[-79.28168,43.69056],[-79.2793,43.69112],[-79.27787,43.69152],[-79.2765,43.69198],[-79.27441,43.69287],[-79.27345,43.69334]]}},{"type":"Feature","properties":{"usage":"main"},"geometry":{"type":"LineString","coordinates":[[-79.27318,43.69357],[-79.27341,43.69344]]}},{"type":"Feature","properties":{"usage":"main"},"geometry":{"type":"LineString","coordinates":[[-79.27308,43.69354],[-79.27345,43.69334]]}},{"type":"Feature","properties":{"usage":"main"},"geometry":{"type":"LineString","coordinates":[[-79.27125,43.69477],[-79.2722,43.69415],[-79.27318,43.69357]]}},{"type":"Feature","properties":{"usage":"main"},"geometry":{"type":"LineString","coordinates":[[-79.27112,43.69477],[-79.27209,43.69413],[-79.27308,43.69354]]}},{"type":"Feature","properties":{"usage":"main"},"geometry":{"type":"LineString","coordinates":[[-79.27078,43.69511],[-79.27125,43.69477]]}},{"type":"Feature","properties":{"usage":"main"},"geometry":{"type":"LineString","coordinates":[[-79.27057,43.69517],[-79.27083,43.69498],[-79.27112,43.69477]]}},{"type":"Feature","properties":{"usage":"main"},"geometry":{"type":"LineString","coordinates":[[-79.24562,43.73046],[-79.24618,43.72989],[-79.24666,43.72934],[-79.24676,43.72923],[-79.2473,43.72854],[-79.25136,43.72247],[-79.25211,43.72133]]}},{"type":"Feature","properties":{"usage":"main"},"geometry":{"type":"LineString","coordinates":[[-79.2456,43.73042],[-79.24614,43.72987],[-79.24671,43.72921],[-79.24725,43.72852],[-79.25131,43.72245],[-79.25199,43.72143],[-79.25209,43.72128]]}},{"type":"Feature","properties":{"usage":"main"},"geometry":{"type":"LineString","coordinates":[[-79.25247,43.72071],[-79.25318,43.71964],[-79.254,43.71842],[-79.25413,43.71821],[-79.2544,43.71781],[-79.25482,43.71719],[-79.25647,43.71469]]}},{"type":"Feature","properties":{"usage":"branch"},"geometry":{"type":"LineString","coordinates":[[-79.25332,43.7197],[-79.25404,43.71864],[-79.25421,43.7184],[-79.25425,43.71835],[-79.2543,43.71828],[-79.25466,43.71778],[-79.25539,43.7167],[-79.25591,43.71585],[-79.25619,43.71542],[-79.2563,43.71525],[-79.2567,43.71461],[-79.25709,43.71404],[-79.25755,43.71324]]}},{"type":"Feature","properties":{"usage":"main"},"geometry":{"type":"LineString","coordinates":[[-79.22971,43.74097],[-79.23054,43.74045]]}},{"type":"Feature","properties":{"usage":"main"},"geometry":{"type":"LineString","coordinates":[[-79.22958,43.741],[-79.2304,43.74049]]}},{"type":"Feature","properties":{"usage":"main"},"geometry":{"type":"LineString","coordinates":[[-79.237,43.73635],[-79.23727,43.73618]]}},{"type":"Feature","properties":{"usage":"main"},"geometry":{"type":"LineString","coordinates":[[-79.23727,43.73618],[-79.24123,43.7337],[-79.24287,43.73265],[-79.24416,43.73171],[-79.24533,43.73068]]}},{"type":"Feature","properties":{"usage":"main"},"geometry":{"type":"LineString","coordinates":[[-79.23701,43.73639],[-79.23729,43.73622]]}},{"type":"Feature","properties":{"usage":"main"},"geometry":{"type":"LineString","coordinates":[[-79.23729,43.73622],[-79.24126,43.73373],[-79.2429,43.73268],[-79.2442,43.73173],[-79.24535,43.73073]]}},{"type":"Feature","properties":{"usage":"main"},"geometry":{"type":"LineString","coordinates":[[-79.22677,43.84739],[-79.22742,43.84743]]}},{"type":"Feature","properties":{"usage":"main"},"geometry":{"type":"LineString","coordinates":[[-79.22742,43.84743],[-79.22866,43.84753],[-79.23047,43.84764]]}},{"type":"Feature","properties":{"usage":"main"},"geometry":{"type":"LineString","coordinates":[[-79.36323,43.82565],[-79.36256,43.8258]]}},{"type":"Feature","properties":{"usage":"main"},"geometry":{"type":"LineString","coordinates":[[-79.37594,43.80237],[-79.37552,43.80177]]}},{"type":"Feature","properties":{"usage":"main"},"geometry":{"type":"LineString","coordinates":[[-79.37552,43.80177],[-79.37397,43.79957]]}},{"type":"Feature","properties":{"usage":"main"},"geometry":{"type":"LineString","coordinates":[[-79.51392,43.70089],[-79.51339,43.70062]]}},{"type":"Feature","properties":{"usage":"main"},"geometry":{"type":"LineString","coordinates":[[-79.50552,43.69671],[-79.50202,43.69497],[-79.50059,43.69427],[-79.49936,43.69368],[-79.49614,43.69207],[-79.49554,43.69178],[-79.49436,43.69121],[-79.49302,43.69057]]}},{"type":"Feature","properties":{"usage":"main"},"geometry":{"type":"LineString","coordinates":[[-79.46196,43.66908],[-79.46138,43.66849]]}},{"type":"Feature","properties":{"usage":"main"},"geometry":{"type":"LineString","coordinates":[[-79.56958,43.76965],[-79.56913,43.76973]]}},{"type":"Feature","properties":{"usage":"main"},"geometry":{"type":"LineString","coordinates":[[-79.40146,43.64026],[-79.40102,43.6403],[-79.39993,43.64042],[-79.39913,43.64052],[-79.39874,43.64057],[-79.3984,43.64063],[-79.39775,43.64077],[-79.3971,43.64094],[-79.39665,43.64106],[-79.396,43.64122],[-79.39582,43.64126],[-79.39435,43.64157],[-79.39108,43.64224],[-79.38828,43.64283]]}},{"type":"Feature","properties":{"usage":"main"},"geometry":{"type":"LineString","coordinates":[[-79.4074,43.63909],[-79.40643,43.63929],[-79.40603,43.63939],[-79.40507,43.63965],[-79.40481,43.63971],[-79.40425,43.63983],[-79.40374,43.63991],[-79.40223,43.64012],[-79.40144,43.64022],[-79.401,43.64026],[-79.39993,43.64037],[-79.39912,43.64047],[-79.39874,43.64053],[-79.39839,43.64058],[-79.39771,43.64073],[-79.39663,43.64101],[-79.39624,43.64111],[-79.39578,43.64123],[-79.39468,43.64146],[-79.39186,43.64203],[-79.3911,43.64219],[-79.38907,43.64262]]}},{"type":"Feature","properties":{"usage":"main"},"geometry":{"type":"LineString","coordinates":[[-79.3905,43.64265],[-79.39113,43.64253],[-79.39168,43.64245],[-79.39203,43.64241],[-79.39246,43.64236],[-79.39288,43.64231],[-79.39334,43.64223],[-79.39394,43.6421],[-79.39474,43.64189],[-79.39568,43.64166],[-79.39659,43.64143],[-79.39744,43.64122],[-79.39816,43.64104]]}},{"type":"Feature","properties":{"usage":"main"},"geometry":{"type":"LineString","coordinates":[[-79.41968,43.64059],[-79.42041,43.64061],[-79.42194,43.64069],[-79.42234,43.64072],[-79.42272,43.64076],[-79.42312,43.64081],[-79.42351,43.64087],[-79.42395,43.64095],[-79.4243,43.64102],[-79.42456,43.64108],[-79.42481,43.64114]]}},{"type":"Feature","properties":{"usage":"main"},"geometry":{"type":"LineString","coordinates":[[-79.45013,43.65691],[-79.44994,43.65672]]}},{"type":"Feature","properties":{"usage":"main"},"geometry":{"type":"LineString","coordinates":[[-79.44978,43.65676],[-79.44776,43.65469],[-79.44429,43.65113],[-79.44373,43.65058],[-79.44283,43.64978],[-79.44196,43.6491],[-79.4411,43.64852],[-79.44058,43.6482],[-79.43999,43.64785],[-79.43925,43.64746]]}},{"type":"Feature","properties":{"usage":"main"},"geometry":{"type":"LineString","coordinates":[[-79.44994,43.65693],[-79.44978,43.65676]]}},{"type":"Feature","properties":{"usage":"main"},"geometry":{"type":"LineString","coordinates":[[-79.75398,43.68894],[-79.75427,43.68888]]}},{"type":"Feature","properties":{"usage":"main"},"geometry":{"type":"LineString","coordinates":[[-79.75427,43.68888],[-79.75557,43.68863],[-79.75567,43.68861],[-79.75575,43.68859],[-79.75708,43.68833]]}},{"type":"Feature","properties":{"usage":"main"},"geometry":{"type":"LineString","coordinates":[[-79.21688,43.82082],[-79.21679,43.82097]]}},{"type":"Feature","properties":{"usage":"main"},"geometry":{"type":"LineString","coordinates":[[-79.21679,43.82097],[-79.21641,43.82141],[-79.21585,43.82208],[-79.21441,43.82344],[-79.2118,43.8259],[-79.21153,43.82614]]}},{"type":"Feature","properties":{"usage":"branch"},"geometry":{"type":"LineString","coordinates":[[-79.28193,43.78162],[-79.2816,43.78095]]}},{"type":"Feature","properties":{"usage":"branch"},"geometry":{"type":"LineString","coordinates":[[-79.2816,43.78095],[-79.28154,43.78082],[-79.28126,43.78019],[-79.2799,43.77679],[-79.27885,43.77407],[-79.27845,43.77301]]}},{"type":"Feature","properties":{"usage":"branch"},"geometry":{"type":"LineString","coordinates":[[-79.27796,43.77171],[-79.27789,43.77155]]}},{"type":"Feature","properties":{"usage":"branch"},"geometry":{"type":"LineString","coordinates":[[-79.27845,43.77301],[-79.27838,43.77285]]}},{"type":"Feature","properties":{"usage":"branch"},"geometry":{"type":"LineString","coordinates":[[-79.27838,43.77285],[-79.27796,43.77171]]}},{"type":"Feature","properties":{"usage":"main"},"geometry":{"type":"LineString","coordinates":[[-79.61689,43.70525],[-79.61661,43.70526]]}},{"type":"Feature","properties":{"usage":"main"},"geometry":{"type":"LineString","coordinates":[[-79.64115,43.70477],[-79.63922,43.70481],[-79.63687,43.70485],[-79.63592,43.70487],[-79.63501,43.70489],[-79.63027,43.70499],[-79.62868,43.70502],[-79.62677,43.70506],[-79.62364,43.70512],[-79.62328,43.70512],[-79.62149,43.70516],[-79.62164,43.70515],[-79.61936,43.7052],[-79.61689,43.70525]]}},{"type":"Feature","properties":{"usage":"main"},"geometry":{"type":"LineString","coordinates":[[-79.61497,43.70529],[-79.61463,43.7053]]}},{"type":"Feature","properties":{"usage":"main"},"geometry":{"type":"LineString","coordinates":[[-79.61661,43.70526],[-79.61539,43.70528],[-79.61497,43.70529]]}},{"type":"Feature","properties":{"usage":"main"},"geometry":{"type":"LineString","coordinates":[[-79.64193,43.70475],[-79.64115,43.70477]]}},{"type":"Feature","properties":{"usage":"main"},"geometry":{"type":"LineString","coordinates":[[-79.64328,43.70473],[-79.64193,43.70475]]}},{"type":"Feature","properties":{"usage":"main"},"geometry":{"type":"LineString","coordinates":[[-79.26013,43.79362],[-79.25904,43.79416],[-79.25846,43.79443],[-79.25579,43.79574],[-79.25393,43.79664],[-79.25342,43.79689],[-79.25217,43.79751],[-79.24993,43.79859],[-79.24515,43.8009],[-79.24432,43.80128],[-79.24338,43.80169],[-79.24265,43.802],[-79.24211,43.80221],[-79.2418,43.80234],[-79.24089,43.8027],[-79.24017,43.80296],[-79.23926,43.80329],[-79.238,43.80374]]}},{"type":"Feature","properties":{"usage":"main"},"geometry":{"type":"LineString","coordinates":[[-79.4571,43.66435],[-79.45727,43.66452]]}},{"type":"Feature","properties":{"usage":"main"},"geometry":{"type":"LineString","coordinates":[[-79.2304,43.74049],[-79.23054,43.7404],[-79.23217,43.73936],[-79.23452,43.73791],[-79.237,43.73635]]}},{"type":"Feature","properties":{"usage":"main"},"geometry":{"type":"LineString","coordinates":[[-79.23054,43.74045],[-79.23064,43.74038],[-79.2322,43.73939],[-79.23455,43.73794],[-79.23701,43.73639]]}},{"type":"Feature","properties":{"usage":"main"},"geometry":{"type":"LineString","coordinates":[[-79.20041,43.75451],[-79.20304,43.754],[-79.20473,43.75363],[-79.20589,43.75331],[-79.20717,43.75289],[-79.20793,43.7526],[-79.20846,43.75239],[-79.20889,43.7522],[-79.21062,43.75143],[-79.21129,43.75115],[-79.21278,43.7506],[-79.21364,43.75034],[-79.21456,43.75009],[-79.21609,43.7497],[-79.21744,43.74935],[-79.21831,43.74909],[-79.21904,43.74881],[-79.21961,43.74856],[-79.22014,43.74829],[-79.2209,43.74784],[-79.22151,43.7474],[-79.22192,43.74707],[-79.22266,43.74639],[-79.22432,43.74487],[-79.22567,43.74376],[-79.22769,43.74228],[-79.22971,43.74097]]}},{"type":"Feature","properties":{"usage":"main"},"geometry":{"type":"LineString","coordinates":[[-79.20127,43.75427],[-79.20302,43.75394],[-79.20471,43.75357],[-79.20586,43.75327],[-79.20715,43.75285],[-79.20791,43.75257],[-79.20843,43.75236],[-79.20887,43.75217],[-79.21059,43.7514],[-79.21128,43.75111],[-79.21276,43.75056],[-79.21362,43.7503],[-79.21454,43.75006],[-79.21608,43.74966],[-79.21743,43.74932],[-79.21829,43.74905],[-79.21902,43.74878],[-79.21958,43.74853],[-79.22011,43.74826],[-79.22088,43.7478],[-79.22147,43.74737],[-79.22188,43.74704],[-79.22262,43.74637],[-79.22428,43.74484],[-79.22562,43.74374],[-79.22766,43.74225],[-79.22958,43.741]]}},{"type":"Feature","properties":{"usage":"main"},"geometry":{"type":"LineString","coordinates":[[-79.24535,43.73073],[-79.24562,43.73046]]}},{"type":"Feature","properties":{"usage":"main"},"geometry":{"type":"LineString","coordinates":[[-79.24533,43.73068],[-79.2456,43.73042]]}},{"type":"Feature","properties":{"usage":"main"},"geometry":{"type":"LineString","coordinates":[[-79.01183,43.85486],[-79.01501,43.85416],[-79.01622,43.85386],[-79.01978,43.85303],[-79.02068,43.85283],[-79.02331,43.85222],[-79.02522,43.85185],[-79.0277,43.85133],[-79.0354,43.84956],[-79.0381,43.84896],[-79.04,43.84857]]}},{"type":"Feature","properties":{"usage":"main"},"geometry":{"type":"LineString","coordinates":[[-79.01186,43.8549],[-79.01503,43.85419],[-79.01626,43.8539],[-79.02026,43.85297],[-79.02235,43.85247],[-79.02332,43.85227],[-79.0245,43.85204],[-79.02522,43.85189],[-79.02772,43.85137],[-79.0314,43.85052],[-79.03777,43.8491],[-79.04004,43.84866]]}},{"type":"Feature","properties":{"usage":"branch"},"geometry":{"type":"LineString","coordinates":[[-79.31502,43.84959],[-79.31483,43.85107],[-79.3147,43.85204],[-79.31462,43.85263]]}},{"type":"Feature","properties":{"usage":"branch"},"geometry":{"type":"LineString","coordinates":[[-79.31396,43.83772],[-79.31369,43.83726],[-79.31348,43.83696],[-79.31313,43.83657],[-79.31207,43.83554]]}},{"type":"Feature","properties":{"usage":"main"},"geometry":{"type":"LineString","coordinates":[[-79.25718,43.7138],[-79.25612,43.71539],[-79.2549,43.71722],[-79.25452,43.7178],[-79.25413,43.71838],[-79.25327,43.71967]]}},{"type":"Feature","properties":{"usage":"main"},"geometry":{"type":"LineString","coordinates":[[-79.68387,43.70307],[-79.68509,43.70282],[-79.68693,43.70246],[-79.68797,43.70226],[-79.68951,43.70197],[-79.69039,43.7018]]}},{"type":"Feature","properties":{"usage":"main"},"geometry":{"type":"LineString","coordinates":[[-79.35965,43.70128],[-79.36084,43.70014],[-79.36676,43.69446]]}},{"type":"Feature","properties":{"usage":"main"},"geometry":{"type":"LineString","coordinates":[[-79.40181,43.81231],[-79.4011,43.81284]]}},{"type":"Feature","properties":{"usage":"main"},"geometry":{"type":"LineString","coordinates":[[-79.4011,43.81284],[-79.40013,43.81355]]}},{"type":"Feature","properties":{"usage":"main"},"geometry":{"type":"LineString","coordinates":[[-79.36256,43.8258],[-79.36007,43.82637],[-79.35507,43.82753],[-79.35006,43.82867],[-79.34248,43.83039],[-79.34137,43.83067],[-79.34061,43.83092],[-79.33978,43.83122],[-79.33895,43.83165],[-79.33827,43.83202],[-79.33714,43.83283],[-79.33599,43.83399],[-79.3351,43.8351],[-79.33427,43.83611],[-79.33295,43.83776],[-79.33115,43.83979],[-79.33045,43.84041],[-79.32907,43.84123],[-79.32805,43.84172],[-79.32722,43.84204],[-79.32644,43.8423],[-79.3256,43.8425],[-79.3253,43.84257],[-79.32465,43.84271],[-79.32399,43.84286],[-79.32226,43.84326]]}},{"type":"Feature","properties":{"usage":"main"},"geometry":{"type":"LineString","coordinates":[[-79.08787,43.82978],[-79.08637,43.83047],[-79.08519,43.83101],[-79.084,43.83157],[-79.08104,43.83297],[-79.0763,43.83516],[-79.07454,43.83596],[-79.07125,43.8375],[-79.06827,43.83886],[-79.06616,43.83983],[-79.0634,43.84111],[-79.06072,43.84233],[-79.06048,43.84244]]}},{"type":"Feature","properties":{"usage":"main"},"geometry":{"type":"LineString","coordinates":[[-79.14541,43.76713],[-79.14492,43.76745]]}},{"type":"Feature","properties":{"usage":"main"},"geometry":{"type":"LineString","coordinates":[[-79.14492,43.76745],[-79.14454,43.76769],[-79.14268,43.76885],[-79.14054,43.7702],[-79.13839,43.77176],[-79.13728,43.77274],[-79.13638,43.77363],[-79.13419,43.77595],[-79.13302,43.77717],[-79.13218,43.7781],[-79.13151,43.77879],[-79.13008,43.78032],[-79.1277,43.78282],[-79.125,43.78577],[-79.12351,43.78737],[-79.12277,43.78817],[-79.12204,43.78913],[-79.12022,43.79166],[-79.11977,43.79226],[-79.11905,43.79326],[-79.11842,43.79414]]}},{"type":"Feature","properties":{"usage":"main"},"geometry":{"type":"LineString","coordinates":[[-79.21131,43.82634],[-79.21017,43.82736],[-79.20893,43.82826],[-79.2078,43.82888],[-79.20667,43.82934],[-79.20539,43.82973],[-79.20392,43.83012],[-79.20253,43.83051]]}},{"type":"Feature","properties":{"usage":"main"},"geometry":{"type":"LineString","coordinates":[[-79.21153,43.82614],[-79.21131,43.82634]]}},{"type":"Feature","properties":{"usage":"branch"},"geometry":{"type":"LineString","coordinates":[[-79.21906,43.85772],[-79.22594,43.84911],[-79.22698,43.84782],[-79.22714,43.84763],[-79.2284,43.84627],[-79.22952,43.84526],[-79.23016,43.84474]]}},{"type":"Feature","properties":{"usage":"branch"},"geometry":{"type":"LineString","coordinates":[[-79.15624,43.96292],[-79.15785,43.96066],[-79.1591,43.95893],[-79.16023,43.95734],[-79.16136,43.95574],[-79.16246,43.95422],[-79.16352,43.95272],[-79.16469,43.95109]]}},{"type":"Feature","properties":{"usage":"main"},"geometry":{"type":"LineString","coordinates":[[-79.35766,43.66749],[-79.35784,43.66804],[-79.35803,43.66852],[-79.35821,43.66879],[-79.35841,43.66905],[-79.3586,43.66922],[-79.3588,43.66939],[-79.35923,43.66975],[-79.36083,43.67106],[-79.36133,43.67146],[-79.36182,43.67186],[-79.36217,43.67216],[-79.36249,43.67245],[-79.36265,43.67263],[-79.36285,43.67287],[-79.36315,43.67329],[-79.36361,43.67392],[-79.36397,43.67446],[-79.36423,43.67502],[-79.36446,43.67562]]}},{"type":"Feature","properties":{"usage":"main"},"geometry":{"type":"LineString","coordinates":[[-79.32058,43.72831],[-79.32064,43.72811],[-79.32084,43.72764]]}},{"type":"Feature","properties":{"usage":"main"},"geometry":{"type":"LineString","coordinates":[[-79.32084,43.72764],[-79.32238,43.72438],[-79.32272,43.72362],[-79.32281,43.72314],[-79.32285,43.72258],[-79.32284,43.72216],[-79.32271,43.72177],[-79.32237,43.7209],[-79.32229,43.72074],[-79.32089,43.71789],[-79.32054,43.71714],[-79.32011,43.71625],[-79.31983,43.71561],[-79.31969,43.71519],[-79.31965,43.71479],[-79.31968,43.71425],[-79.31973,43.71356],[-79.31982,43.7128]]}},{"type":"Feature","properties":{"usage":"main"},"geometry":{"type":"LineString","coordinates":[[-79.32164,43.73024],[-79.32142,43.73011],[-79.32119,43.72993],[-79.32097,43.72972],[-79.32083,43.72956],[-79.32072,43.72938],[-79.32063,43.72919],[-79.32057,43.72901],[-79.32054,43.72876],[-79.32055,43.72852],[-79.32058,43.72831]]}},{"type":"Feature","properties":{"usage":"main"},"geometry":{"type":"LineString","coordinates":[[-79.32212,43.73044],[-79.32187,43.73035],[-79.32164,43.73024]]}},{"type":"Feature","properties":{"usage":"main"},"geometry":{"type":"LineString","coordinates":[[-79.32481,43.73097],[-79.32451,43.7309]]}},{"type":"Feature","properties":{"usage":"main"},"geometry":{"type":"LineString","coordinates":[[-79.32451,43.7309],[-79.32266,43.73058],[-79.32238,43.73051],[-79.32212,43.73044]]}},{"type":"Feature","properties":{"usage":"main"},"geometry":{"type":"LineString","coordinates":[[-79.39839,43.82361],[-79.39805,43.82331],[-79.39768,43.82297],[-79.39749,43.82277],[-79.39715,43.82245],[-79.39695,43.82227],[-79.39689,43.82221],[-79.39683,43.82215],[-79.39664,43.82197],[-79.39534,43.82071],[-79.39476,43.82014]]}},{"type":"Feature","properties":{"usage":"main"},"geometry":{"type":"LineString","coordinates":[[-79.4143,43.82953],[-79.41347,43.82876],[-79.41279,43.82827],[-79.41213,43.82791],[-79.41182,43.82776],[-79.4115,43.82763],[-79.4111,43.82748],[-79.41069,43.82736],[-79.40991,43.82717],[-79.40786,43.82677],[-79.40552,43.82632],[-79.40331,43.82589],[-79.40276,43.82576],[-79.40241,43.82567],[-79.40165,43.82542],[-79.40108,43.82519],[-79.40051,43.82494],[-79.40012,43.82476],[-79.39983,43.82458],[-79.3995,43.8244],[-79.39927,43.82425],[-79.39904,43.82408],[-79.39872,43.82385],[-79.39839,43.82361]]}},{"type":"Feature","properties":{"usage":"main"},"geometry":{"type":"LineString","coordinates":[[-79.42563,43.87125],[-79.42517,43.86955],[-79.42506,43.8689],[-79.42503,43.86833],[-79.42512,43.86786],[-79.42527,43.86724],[-79.42542,43.86653],[-79.42552,43.86628],[-79.42555,43.86619],[-79.42614,43.86416],[-79.42643,43.86316],[-79.4274,43.85981],[-79.42826,43.85663],[-79.42843,43.85603],[-79.4285,43.85571],[-79.42855,43.85538],[-79.42863,43.85488],[-79.42883,43.85214],[-79.42898,43.85104],[-79.42903,43.8503],[-79.42898,43.84985],[-79.42894,43.84954],[-79.42784,43.84478],[-79.42776,43.84444],[-79.42766,43.84406],[-79.4275,43.84364],[-79.42728,43.84319],[-79.42703,43.84279],[-79.42672,43.84239],[-79.42509,43.84045],[-79.42376,43.83888],[-79.42253,43.83741],[-79.42156,43.83636],[-79.42145,43.83625],[-79.41685,43.83191]]}},{"type":"Feature","properties":{"usage":"main"},"geometry":{"type":"LineString","coordinates":[[-79.43145,43.8814],[-79.43076,43.88038],[-79.43032,43.87973],[-79.42995,43.87922],[-79.42966,43.87888],[-79.42935,43.87853],[-79.42875,43.87792]]}},{"type":"Feature","properties":{"usage":"main"},"geometry":{"type":"LineString","coordinates":[[-79.40323,43.93353],[-79.40382,43.93333],[-79.40438,43.9331],[-79.40475,43.93288],[-79.40513,43.93265],[-79.40564,43.93214],[-79.40584,43.93187],[-79.40599,43.9316],[-79.40676,43.92995],[-79.40704,43.9295],[-79.40723,43.92922],[-79.40744,43.92896],[-79.40785,43.92859],[-79.40832,43.92825],[-79.40926,43.92762],[-79.4105,43.92683],[-79.41175,43.92602],[-79.4129,43.92506],[-79.41326,43.9247],[-79.41366,43.92424],[-79.41545,43.92188],[-79.41685,43.91997],[-79.41743,43.91923],[-79.4181,43.9186],[-79.4189,43.91792],[-79.42165,43.91576],[-79.42439,43.91351]]}},{"type":"Feature","properties":{"usage":"branch"},"geometry":{"type":"LineString","coordinates":[[-79.31507,43.8412],[-79.31522,43.84193],[-79.31564,43.84399],[-79.31571,43.8446],[-79.31571,43.84498],[-79.31567,43.84551],[-79.31553,43.84628]]}},{"type":"Feature","properties":{"usage":"main"},"geometry":{"type":"LineString","coordinates":[[-79.31603,43.84467],[-79.31552,43.84479]]}},{"type":"Feature","properties":{"usage":"main"},"geometry":{"type":"LineString","coordinates":[[-79.31552,43.84479],[-79.31217,43.84558],[-79.30611,43.84699]]}},{"type":"Feature","properties":{"usage":"branch"},"geometry":{"type":"LineString","coordinates":[[-79.31507,43.84094],[-79.31487,43.8402],[-79.31442,43.83876],[-79.3142,43.83817],[-79.31396,43.83772]]}},{"type":"Feature","properties":{"usage":"branch"},"geometry":{"type":"LineString","coordinates":[[-79.31558,43.84628],[-79.31548,43.84688],[-79.31538,43.8474],[-79.31511,43.8489]]}},{"type":"Feature","properties":{"usage":"branch"},"geometry":{"type":"LineString","coordinates":[[-79.31553,43.84628],[-79.31543,43.84685],[-79.31532,43.8474],[-79.31518,43.84818],[-79.31511,43.8489]]}},{"type":"Feature","properties":{"usage":"branch"},"geometry":{"type":"LineString","coordinates":[[-79.31513,43.84119],[-79.31507,43.84094]]}},{"type":"Feature","properties":{"usage":"branch"},"geometry":{"type":"LineString","coordinates":[[-79.31501,43.84095],[-79.31507,43.8412]]}},{"type":"Feature","properties":{"usage":"branch"},"geometry":{"type":"LineString","coordinates":[[-79.31391,43.83773],[-79.31414,43.83818],[-79.31436,43.83878],[-79.31482,43.84024],[-79.31501,43.84095]]}},{"type":"Feature","properties":{"usage":"branch"},"geometry":{"type":"LineString","coordinates":[[-79.3077,43.83105],[-79.30761,43.83095],[-79.30724,43.83057],[-79.30685,43.83016],[-79.30674,43.83005],[-79.30664,43.82995],[-79.30484,43.82811],[-79.30323,43.82644],[-79.30289,43.82601],[-79.30266,43.8256],[-79.30241,43.8251],[-79.30233,43.82491],[-79.30228,43.82481],[-79.30223,43.8247],[-79.302,43.82416],[-79.30073,43.82139],[-79.29985,43.81956],[-79.29914,43.81799],[-79.29793,43.8153],[-79.29703,43.81337],[-79.29699,43.81327],[-79.29635,43.81199],[-79.29617,43.81141],[-79.29591,43.81087],[-79.29566,43.81036],[-79.29537,43.80979],[-79.29521,43.80946],[-79.29489,43.80877],[-79.29475,43.80845],[-79.29397,43.80677],[-79.29366,43.80607],[-79.29329,43.80528],[-79.29292,43.80448],[-79.29277,43.80419],[-79.29262,43.80394],[-79.29222,43.80339],[-79.29163,43.80259],[-79.29156,43.80249],[-79.29149,43.8024],[-79.29112,43.80189],[-79.29095,43.80161],[-79.29075,43.80126],[-79.29059,43.80095],[-79.29045,43.80061],[-79.29022,43.80006],[-79.28969,43.79886],[-79.28855,43.79619],[-79.28851,43.7961],[-79.28849,43.79604],[-79.28802,43.79496],[-79.28688,43.79226],[-79.28685,43.7922],[-79.28683,43.79214],[-79.28646,43.79123],[-79.28621,43.79071],[-79.28544,43.78882],[-79.28522,43.78833],[-79.28514,43.78815],[-79.28506,43.78796],[-79.28397,43.78543],[-79.28383,43.7851],[-79.28365,43.78479],[-79.2835,43.78456]]}},{"type":"Feature","properties":{"usage":"branch"},"geometry":{"type":"LineString","coordinates":[[-79.48615,43.79209],[-79.48629,43.79286],[-79.48637,43.79346],[-79.48653,43.79452],[-79.48657,43.79475],[-79.48691,43.79641]]}},{"type":"Feature","properties":{"usage":"branch"},"geometry":{"type":"LineString","coordinates":[[-79.48474,43.7855],[-79.48482,43.78586],[-79.48508,43.78686],[-79.48515,43.78718],[-79.48523,43.78752]]}},{"type":"Feature","properties":{"usage":"main"},"geometry":{"type":"LineString","coordinates":[[-79.52046,43.77982],[-79.52015,43.77989],[-79.52004,43.77991],[-79.51992,43.77993],[-79.51976,43.77995],[-79.51958,43.77999],[-79.51937,43.78003]]}},{"type":"Feature","properties":{"usage":"main"},"geometry":{"type":"LineString","coordinates":[[-79.52077,43.77976],[-79.5211,43.77969]]}},{"type":"Feature","properties":{"usage":"main"},"geometry":{"type":"LineString","coordinates":[[-79.6024,43.75837],[-79.60438,43.75745]]}},{"type":"Feature","properties":{"usage":"main"},"geometry":{"type":"LineString","coordinates":[[-79.60438,43.75745],[-79.60593,43.75674],[-79.60793,43.75582]]}},{"type":"Feature","properties":{"usage":"main"},"geometry":{"type":"LineString","coordinates":[[-79.60434,43.75743],[-79.60237,43.75833]]}},{"type":"Feature","properties":{"usage":"main"},"geometry":{"type":"LineString","coordinates":[[-79.60791,43.75579],[-79.60592,43.7567],[-79.60434,43.75743]]}},{"type":"Feature","properties":{"usage":"main"},"geometry":{"type":"LineString","coordinates":[[-79.60793,43.75582],[-79.61203,43.75393],[-79.61578,43.7522],[-79.62212,43.74928],[-79.62646,43.74729],[-79.62681,43.74712],[-79.62894,43.7461],[-79.62925,43.74596],[-79.62971,43.74571],[-79.62995,43.74557],[-79.63013,43.74546],[-79.63035,43.74532],[-79.63069,43.74508],[-79.63111,43.74476],[-79.63164,43.74432],[-79.63177,43.74419],[-79.6324,43.74364],[-79.63326,43.74287],[-79.63379,43.74239]]}},{"type":"Feature","properties":{"usage":"main"},"geometry":{"type":"LineString","coordinates":[[-79.63493,43.7413],[-79.63441,43.74177]]}},{"type":"Feature","properties":{"usage":"main"},"geometry":{"type":"LineString","coordinates":[[-79.63498,43.74132],[-79.63544,43.7409],[-79.63915,43.73756]]}},{"type":"Feature","properties":{"usage":"main"},"geometry":{"type":"LineString","coordinates":[[-79.63443,43.74181],[-79.63498,43.74132]]}},{"type":"Feature","properties":{"usage":"main"},"geometry":{"type":"LineString","coordinates":[[-79.63379,43.74239],[-79.63443,43.74181]]}},{"type":"Feature","properties":{"usage":"main"},"geometry":{"type":"LineString","coordinates":[[-79.63915,43.73756],[-79.63952,43.73723]]}},{"type":"Feature","properties":{"usage":"main"},"geometry":{"type":"LineString","coordinates":[[-79.63952,43.73723],[-79.64005,43.73676],[-79.64298,43.73413],[-79.64569,43.73169],[-79.64862,43.72905],[-79.64912,43.72859],[-79.65003,43.72777],[-79.65042,43.72742],[-79.65062,43.72723],[-79.65115,43.72676],[-79.6549,43.72338],[-79.65649,43.72195],[-79.65798,43.72061],[-79.66036,43.71847]]}},{"type":"Feature","properties":{"usage":"branch"},"geometry":{"type":"LineString","coordinates":[[-79.52643,43.91768],[-79.52713,43.92047],[-79.5272,43.92078],[-79.52782,43.92306],[-79.52868,43.92593],[-79.5288,43.9264],[-79.52889,43.92683],[-79.52891,43.92718],[-79.5289,43.92749],[-79.52886,43.9279],[-79.52878,43.92827],[-79.52855,43.92881],[-79.52808,43.92968],[-79.52738,43.93047],[-79.52683,43.93092],[-79.52618,43.93134],[-79.52542,43.93173],[-79.52481,43.93196],[-79.51986,43.93359],[-79.51927,43.93378],[-79.51461,43.93546],[-79.50608,43.93854],[-79.50343,43.9395],[-79.50209,43.9402],[-79.501,43.94117],[-79.49872,43.94452],[-79.49757,43.94619],[-79.49643,43.94784],[-79.49433,43.95086],[-79.49329,43.95238],[-79.49292,43.95292],[-79.49065,43.95615],[-79.49048,43.95639],[-79.48834,43.95956],[-79.4878,43.96013],[-79.48717,43.96062],[-79.48613,43.96131],[-79.4856,43.96154],[-79.48479,43.96188],[-79.48039,43.96292]]}},{"type":"Feature","properties":{"usage":"main"},"geometry":{"type":"LineString","coordinates":[[-79.6821,43.70334],[-79.68243,43.70327],[-79.68288,43.70318],[-79.68462,43.70283],[-79.68645,43.70246]]}},{"type":"Feature","properties":{"usage":"main"},"geometry":{"type":"LineString","coordinates":[[-79.67882,43.70384],[-79.67974,43.70376],[-79.6801,43.70371],[-79.68036,43.70368],[-79.68064,43.70364],[-79.6817,43.70348],[-79.68244,43.70335]]}},{"type":"Feature","properties":{"usage":"main"},"geometry":{"type":"LineString","coordinates":[[-79.70603,43.69865],[-79.69987,43.69989],[-79.69863,43.70014],[-79.69787,43.70029],[-79.69672,43.70053],[-79.69549,43.70078],[-79.69424,43.70106],[-79.6936,43.70119],[-79.69286,43.70134],[-79.68994,43.70193]]}},{"type":"Feature","properties":{"usage":"main"},"geometry":{"type":"LineString","coordinates":[[-79.70675,43.69846],[-79.70599,43.69862]]}},{"type":"Feature","properties":{"usage":"main"},"geometry":{"type":"LineString","coordinates":[[-79.70671,43.69843],[-79.70595,43.69859]]}},{"type":"Feature","properties":{"usage":"main"},"geometry":{"type":"LineString","coordinates":[[-79.70599,43.69862],[-79.70255,43.69932],[-79.6999,43.69985],[-79.69819,43.70019],[-79.69596,43.70064],[-79.69547,43.70074],[-79.69479,43.70089],[-79.69444,43.70097],[-79.69424,43.70101],[-79.69358,43.70116],[-79.69239,43.7014],[-79.69118,43.70164],[-79.69039,43.7018]]}},{"type":"Feature","properties":{"usage":"main"},"geometry":{"type":"LineString","coordinates":[[-79.73281,43.69318],[-79.73257,43.69323]]}},{"type":"Feature","properties":{"usage":"main"},"geometry":{"type":"LineString","coordinates":[[-79.73259,43.69326],[-79.72853,43.69408],[-79.72423,43.69494],[-79.72081,43.69563],[-79.71727,43.69635],[-79.71453,43.69691],[-79.71244,43.69732],[-79.70675,43.69846]]}},{"type":"Feature","properties":{"usage":"main"},"geometry":{"type":"LineString","coordinates":[[-79.73257,43.69323],[-79.72798,43.69415],[-79.72568,43.69461],[-79.72355,43.69504],[-79.7208,43.6956],[-79.71878,43.696],[-79.71769,43.69622],[-79.71726,43.69631],[-79.7145,43.69686],[-79.71243,43.69728],[-79.71123,43.69752],[-79.70671,43.69843]]}},{"type":"Feature","properties":{"usage":"main"},"geometry":{"type":"LineString","coordinates":[[-79.73282,43.69321],[-79.73259,43.69326]]}},{"type":"Feature","properties":{"usage":"main"},"geometry":{"type":"LineString","coordinates":[[-79.73283,43.69325],[-79.73286,43.69325],[-79.73882,43.69204],[-79.73985,43.69184],[-79.74318,43.69116]]}},{"type":"Feature","properties":{"usage":"main"},"geometry":{"type":"LineString","coordinates":[[-79.45743,43.66449],[-79.45725,43.66431]]}},{"type":"Feature","properties":{"usage":"main"},"geometry":{"type":"LineString","coordinates":[[-79.47942,43.68348],[-79.47772,43.68259],[-79.47637,43.68182],[-79.47473,43.68084],[-79.47217,43.67907],[-79.47134,43.67839],[-79.46924,43.67651]]}},{"type":"Feature","properties":{"usage":"main"},"geometry":{"type":"LineString","coordinates":[[-79.42481,43.64114],[-79.42518,43.64124],[-79.42554,43.64134],[-79.42585,43.64144],[-79.42616,43.64155],[-79.42649,43.64167],[-79.42681,43.6418],[-79.42713,43.64193],[-79.42743,43.64206]]}},{"type":"Feature","properties":{"usage":"main"},"geometry":{"type":"LineString","coordinates":[[-79.43925,43.64746],[-79.439,43.64734]]}},{"type":"Feature","properties":{"usage":"main"},"geometry":{"type":"LineString","coordinates":[[-79.44102,43.64854],[-79.44115,43.64864],[-79.44191,43.64916],[-79.44216,43.64935],[-79.44293,43.64997],[-79.44374,43.65069],[-79.44422,43.65116],[-79.44772,43.65472],[-79.44972,43.65677]]}},{"type":"Feature","properties":{"usage":"branch"},"geometry":{"type":"LineString","coordinates":[[-79.4408,43.64871],[-79.44094,43.64885],[-79.44117,43.64909],[-79.44132,43.64928],[-79.44147,43.64946],[-79.44167,43.64973],[-79.44177,43.64988],[-79.44192,43.65009],[-79.44207,43.65034],[-79.44225,43.65063],[-79.44239,43.6509],[-79.44279,43.65181],[-79.44303,43.65243],[-79.44328,43.65304],[-79.44481,43.65683],[-79.44518,43.65773]]}},{"type":"Feature","properties":{"usage":"branch"},"geometry":{"type":"LineString","coordinates":[[-79.43589,43.64592],[-79.43706,43.64651],[-79.43775,43.64685],[-79.43841,43.64716],[-79.43901,43.64746]]}},{"type":"Feature","properties":{"usage":"main"},"geometry":{"type":"LineString","coordinates":[[-79.439,43.64739],[-79.43926,43.64752]]}},{"type":"Feature","properties":{"usage":"main"},"geometry":{"type":"LineString","coordinates":[[-79.439,43.64734],[-79.43805,43.64688],[-79.43728,43.64652],[-79.4366,43.6462],[-79.43448,43.64521],[-79.43386,43.64493]]}},{"type":"Feature","properties":{"usage":"main"},"geometry":{"type":"LineString","coordinates":[[-79.439,43.64739],[-79.43804,43.64693],[-79.43708,43.64648],[-79.43589,43.64592]]}},{"type":"Feature","properties":{"usage":"main"},"geometry":{"type":"LineString","coordinates":[[-79.43386,43.64493],[-79.43348,43.64476]]}},{"type":"Feature","properties":{"usage":"main"},"geometry":{"type":"LineString","coordinates":[[-79.43348,43.64476],[-79.43218,43.64415],[-79.43155,43.64386],[-79.43058,43.6434],[-79.42973,43.64303],[-79.42896,43.64268]]}},{"type":"Feature","properties":{"usage":"main"},"geometry":{"type":"LineString","coordinates":[[-79.43353,43.64483],[-79.43388,43.64499]]}},{"type":"Feature","properties":{"usage":"main"},"geometry":{"type":"LineString","coordinates":[[-79.43071,43.64339],[-79.43013,43.64314],[-79.42952,43.64287],[-79.42896,43.64263]]}},{"type":"Feature","properties":{"usage":"main"},"geometry":{"type":"LineString","coordinates":[[-79.45847,43.66533],[-79.45799,43.66489],[-79.45757,43.66447]]}},{"type":"Feature","properties":{"usage":"main"},"geometry":{"type":"LineString","coordinates":[[-79.42808,43.64221],[-79.42767,43.64202],[-79.4272,43.64181],[-79.42699,43.64173],[-79.42659,43.64157],[-79.4262,43.64143]]}},{"type":"Feature","properties":{"usage":"main"},"geometry":{"type":"LineString","coordinates":[[-79.42808,43.64221],[-79.42896,43.64263]]}},{"type":"Feature","properties":{"usage":"main"},"geometry":{"type":"LineString","coordinates":[[-79.41991,43.64056],[-79.42008,43.64057],[-79.4207,43.64059],[-79.42143,43.64062],[-79.42217,43.64067],[-79.42258,43.6407],[-79.42288,43.64074],[-79.42315,43.64077],[-79.42341,43.64081],[-79.42363,43.64085],[-79.42385,43.64089],[-79.42406,43.64093],[-79.42427,43.64097],[-79.42454,43.64102],[-79.4248,43.64109],[-79.42519,43.64119],[-79.42557,43.6413],[-79.42587,43.64139],[-79.42617,43.64149],[-79.42638,43.64156],[-79.42659,43.64164],[-79.42677,43.64171],[-79.42695,43.64179],[-79.42724,43.64191],[-79.42761,43.64208],[-79.42795,43.64223]]}},{"type":"Feature","properties":{"usage":"main"},"geometry":{"type":"LineString","coordinates":[[-79.43008,43.64325],[-79.43065,43.64349],[-79.43353,43.64483]]}},{"type":"Feature","properties":{"usage":"main"},"geometry":{"type":"LineString","coordinates":[[-79.45757,43.66447],[-79.45738,43.66427]]}},{"type":"Feature","properties":{"usage":"main"},"geometry":{"type":"LineString","coordinates":[[-79.4262,43.64143],[-79.42521,43.64112],[-79.42458,43.64098],[-79.42403,43.64087],[-79.42348,43.64077],[-79.42325,43.64074],[-79.423,43.64071],[-79.42259,43.64066],[-79.4223,43.64064],[-79.42203,43.64062],[-79.42179,43.6406],[-79.42105,43.64057],[-79.42048,43.64055],[-79.4201,43.64053]]}},{"type":"Feature","properties":{"usage":"main"},"geometry":{"type":"LineString","coordinates":[[-79.4201,43.64053],[-79.41887,43.64049]]}},{"type":"Feature","properties":{"usage":"main"},"geometry":{"type":"LineString","coordinates":[[-79.41793,43.6405],[-79.41876,43.64052]]}},{"type":"Feature","properties":{"usage":"main"},"geometry":{"type":"LineString","coordinates":[[-79.41876,43.64052],[-79.41991,43.64056]]}},{"type":"Feature","properties":{"usage":"main"},"geometry":{"type":"LineString","coordinates":[[-79.41863,43.64055],[-79.41968,43.64059]]}},{"type":"Feature","properties":{"usage":"main"},"geometry":{"type":"LineString","coordinates":[[-79.41792,43.64053],[-79.41863,43.64055]]}},{"type":"Feature","properties":{"usage":"main"},"geometry":{"type":"LineString","coordinates":[[-79.42795,43.64223],[-79.42896,43.64268]]}},{"type":"Feature","properties":{"usage":"main"},"geometry":{"type":"LineString","coordinates":[[-79.42901,43.64278],[-79.43008,43.64325]]}},{"type":"Feature","properties":{"usage":"main"},"geometry":{"type":"LineString","coordinates":[[-79.42743,43.64206],[-79.42787,43.64227]]}},{"type":"Feature","properties":{"usage":"main"},"geometry":{"type":"LineString","coordinates":[[-79.42787,43.64227],[-79.4282,43.64242]]}},{"type":"Feature","properties":{"usage":"main"},"geometry":{"type":"LineString","coordinates":[[-79.75207,43.68937],[-79.75216,43.68935]]}},{"type":"Feature","properties":{"usage":"main"},"geometry":{"type":"LineString","coordinates":[[-79.754,43.68898],[-79.75428,43.68892]]}},{"type":"Feature","properties":{"usage":"main"},"geometry":{"type":"LineString","coordinates":[[-79.75428,43.68892],[-79.75556,43.68867],[-79.75567,43.68865],[-79.75574,43.68863],[-79.75704,43.68837]]}},{"type":"Feature","properties":{"usage":"main"},"geometry":{"type":"LineString","coordinates":[[-79.75756,43.68827],[-79.75861,43.68805],[-79.75935,43.6879]]}},{"type":"Feature","properties":{"usage":"main"},"geometry":{"type":"LineString","coordinates":[[-79.75704,43.68837],[-79.75756,43.68827]]}},{"type":"Feature","properties":{"usage":"main"},"geometry":{"type":"LineString","coordinates":[[-79.75935,43.68786],[-79.75973,43.68779]]}},{"type":"Feature","properties":{"usage":"main"},"geometry":{"type":"LineString","coordinates":[[-79.75935,43.6879],[-79.75973,43.68782]]}},{"type":"Feature","properties":{"usage":"main"},"geometry":{"type":"LineString","coordinates":[[-79.75973,43.68782],[-79.76173,43.68742]]}},{"type":"Feature","properties":{"usage":"main"},"geometry":{"type":"LineString","coordinates":[[-79.75973,43.68779],[-79.7617,43.68739]]}},{"type":"Feature","properties":{"usage":"main"},"geometry":{"type":"LineString","coordinates":[[-79.76211,43.68735],[-79.76302,43.68716],[-79.76606,43.68653],[-79.76662,43.68641],[-79.76822,43.68609],[-79.76874,43.68599]]}},{"type":"Feature","properties":{"usage":"main"},"geometry":{"type":"LineString","coordinates":[[-79.76173,43.68742],[-79.76211,43.68735]]}},{"type":"Feature","properties":{"usage":"main"},"geometry":{"type":"LineString","coordinates":[[-79.43071,43.64339],[-79.43153,43.64376],[-79.43222,43.64409],[-79.43346,43.64467]]}},{"type":"Feature","properties":{"usage":"main"},"geometry":{"type":"LineString","coordinates":[[-79.4282,43.64242],[-79.4286,43.64261]]}},{"type":"Feature","properties":{"usage":"main"},"geometry":{"type":"LineString","coordinates":[[-79.4286,43.64261],[-79.42901,43.64278]]}},{"type":"Feature","properties":{"usage":"main"},"geometry":{"type":"LineString","coordinates":[[-79.43589,43.64592],[-79.43512,43.64556],[-79.43426,43.64517],[-79.43388,43.64499]]}},{"type":"Feature","properties":{"usage":"main"},"geometry":{"type":"LineString","coordinates":[[-79.42499,43.91303],[-79.42633,43.91187],[-79.4266,43.91151],[-79.42668,43.91142],[-79.42674,43.91134],[-79.42703,43.91094],[-79.42732,43.91056],[-79.42757,43.91009],[-79.428,43.90907],[-79.42968,43.90367],[-79.43067,43.90063],[-79.43144,43.89826],[-79.43312,43.89305],[-79.43332,43.89244]]}},{"type":"Feature","properties":{"usage":"main"},"geometry":{"type":"LineString","coordinates":[[-79.42439,43.91351],[-79.42499,43.91303]]}},{"type":"Feature","properties":{"usage":"branch"},"geometry":{"type":"LineString","coordinates":[[-79.20196,43.87913],[-79.20287,43.87801],[-79.2053,43.87495],[-79.20751,43.87211],[-79.20903,43.87025],[-79.21534,43.86235],[-79.2154,43.86226],[-79.21548,43.86217],[-79.21551,43.86213],[-79.21906,43.85772]]}},{"type":"Feature","properties":{"usage":"branch"},"geometry":{"type":"LineString","coordinates":[[-79.20173,43.87942],[-79.20196,43.87913]]}},{"type":"Feature","properties":{"usage":"main"},"geometry":{"type":"LineString","coordinates":[[-79.4689,43.66726],[-79.46817,43.66725],[-79.46758,43.66724],[-79.46705,43.66724],[-79.46651,43.66723]]}},{"type":"Feature","properties":{"usage":"main"},"geometry":{"type":"LineString","coordinates":[[-79.46349,43.66728],[-79.46418,43.66729],[-79.4643,43.66729]]}},{"type":"Feature","properties":{"usage":"main"},"geometry":{"type":"LineString","coordinates":[[-79.4655,43.6673],[-79.46624,43.6673],[-79.46891,43.66732]]}},{"type":"Feature","properties":{"usage":"main"},"geometry":{"type":"LineString","coordinates":[[-79.46522,43.6673],[-79.46546,43.6673]]}},{"type":"Feature","properties":{"usage":"main"},"geometry":{"type":"LineString","coordinates":[[-79.46501,43.66726],[-79.46389,43.66724],[-79.46317,43.66724]]}},{"type":"Feature","properties":{"usage":"main"},"geometry":{"type":"LineString","coordinates":[[-79.46545,43.66726],[-79.4652,43.66726]]}},{"type":"Feature","properties":{"usage":"main"},"geometry":{"type":"LineString","coordinates":[[-79.4565,43.66718],[-79.4567,43.66719],[-79.45802,43.66719],[-79.4595,43.66721],[-79.46043,43.66724],[-79.46187,43.66727],[-79.46262,43.66727],[-79.46349,43.66728]]}},{"type":"Feature","properties":{"usage":"main"},"geometry":{"type":"LineString","coordinates":[[-79.40971,43.64016],[-79.40919,43.64014],[-79.40865,43.64013],[-79.40781,43.64011],[-79.40762,43.64011]]}},{"type":"Feature","properties":{"usage":"branch"},"geometry":{"type":"LineString","coordinates":[[-79.43901,43.64746],[-79.43923,43.64759]]}},{"type":"Feature","properties":{"usage":"main"},"geometry":{"type":"LineString","coordinates":[[-79.2111,43.84555],[-79.21173,43.84576]]}},{"type":"Feature","properties":{"usage":"main"},"geometry":{"type":"LineString","coordinates":[[-79.21173,43.84576],[-79.21275,43.8461],[-79.21421,43.84642],[-79.2157,43.84659],[-79.22164,43.84701],[-79.22677,43.84739]]}},{"type":"Feature","properties":{"usage":"main"},"geometry":{"type":"LineString","coordinates":[[-79.55373,43.58658],[-79.55335,43.5869],[-79.55312,43.58709],[-79.55239,43.58766],[-79.5515,43.58832],[-79.55115,43.58857],[-79.55061,43.58895],[-79.55021,43.58922],[-79.54971,43.58955],[-79.54879,43.59012]]}},{"type":"Feature","properties":{"usage":"main"},"geometry":{"type":"LineString","coordinates":[[-79.55397,43.58637],[-79.55373,43.58658]]}},{"type":"Feature","properties":{"usage":"main"},"geometry":{"type":"LineString","coordinates":[[-79.57739,43.76827],[-79.57629,43.76849],[-79.57523,43.7687],[-79.57113,43.76942],[-79.56959,43.76968]]}},{"type":"Feature","properties":{"usage":"main"},"geometry":{"type":"LineString","coordinates":[[-79.6024,43.75837],[-79.59861,43.76012],[-79.59508,43.76173],[-79.59342,43.76251],[-79.59175,43.76329],[-79.58687,43.76552],[-79.58609,43.76588],[-79.58543,43.76617],[-79.58519,43.76627],[-79.58455,43.76657],[-79.58409,43.76676],[-79.58364,43.76695]]}},{"type":"Feature","properties":{"usage":"main"},"geometry":{"type":"LineString","coordinates":[[-79.58364,43.76695],[-79.58329,43.76707],[-79.58293,43.76718],[-79.58257,43.76728],[-79.58221,43.76737],[-79.58184,43.76746],[-79.5815,43.76753]]}},{"type":"Feature","properties":{"usage":"main"},"geometry":{"type":"LineString","coordinates":[[-79.57942,43.76792],[-79.57875,43.76804]]}},{"type":"Feature","properties":{"usage":"main"},"geometry":{"type":"LineString","coordinates":[[-79.5777,43.76821],[-79.57739,43.76827]]}},{"type":"Feature","properties":{"usage":"main"},"geometry":{"type":"LineString","coordinates":[[-79.5815,43.76753],[-79.57942,43.76792]]}},{"type":"Feature","properties":{"usage":"main"},"geometry":{"type":"LineString","coordinates":[[-79.57875,43.76804],[-79.5777,43.76821]]}},{"type":"Feature","properties":{"usage":"main"},"geometry":{"type":"LineString","coordinates":[[-79.55728,43.76081],[-79.55249,43.75882],[-79.55177,43.75852],[-79.54903,43.75738],[-79.5478,43.75686],[-79.54721,43.75662],[-79.545,43.7557]]}},{"type":"Feature","properties":{"usage":"main"},"geometry":{"type":"LineString","coordinates":[[-79.545,43.7557],[-79.5442,43.75533],[-79.54397,43.75524],[-79.54324,43.75492]]}},{"type":"Feature","properties":{"usage":"main"},"geometry":{"type":"LineString","coordinates":[[-79.56263,43.76301],[-79.5575,43.7609]]}},{"type":"Feature","properties":{"usage":"main"},"geometry":{"type":"LineString","coordinates":[[-79.62914,43.8043],[-79.62871,43.80419]]}},{"type":"Feature","properties":{"usage":"main"},"geometry":{"type":"LineString","coordinates":[[-79.72006,43.86663],[-79.7171,43.86624],[-79.71671,43.86619],[-79.71623,43.86613],[-79.70558,43.86471],[-79.70514,43.86465],[-79.70108,43.86411],[-79.70002,43.86392],[-79.6989,43.86367],[-79.69807,43.86345],[-79.69734,43.86322],[-79.69656,43.86296],[-79.69582,43.86269],[-79.69445,43.86216],[-79.6827,43.85736],[-79.68111,43.85669]]}},{"type":"Feature","properties":{"usage":"main"},"geometry":{"type":"LineString","coordinates":[[-79.66079,43.84384],[-79.65721,43.84235],[-79.65711,43.84232],[-79.65663,43.84211]]}},{"type":"Feature","properties":{"usage":"main"},"geometry":{"type":"LineString","coordinates":[[-79.64741,43.82481],[-79.64731,43.8244],[-79.64714,43.8237],[-79.64684,43.82262],[-79.64675,43.82238],[-79.6466,43.82209],[-79.64644,43.82182],[-79.64632,43.82161],[-79.64621,43.82146],[-79.64599,43.82116],[-79.64496,43.81988],[-79.64447,43.81941],[-79.64395,43.81894],[-79.64298,43.81811],[-79.64103,43.81648],[-79.63663,43.81271],[-79.63581,43.812],[-79.63556,43.81171],[-79.63533,43.81143],[-79.63499,43.81085],[-79.63481,43.81055],[-79.63431,43.80966]]}},{"type":"Feature","properties":{"usage":"main"},"geometry":{"type":"LineString","coordinates":[[-79.63431,43.80966],[-79.63399,43.80909],[-79.63255,43.80649],[-79.63233,43.80616],[-79.63209,43.80587],[-79.63183,43.80561],[-79.63154,43.80536],[-79.63116,43.8051],[-79.63077,43.80486],[-79.63013,43.8046],[-79.62968,43.80445],[-79.62914,43.8043]]}},{"type":"Feature","properties":{"usage":"main"},"geometry":{"type":"LineString","coordinates":[[-79.68111,43.85669],[-79.67562,43.85447],[-79.67514,43.85426],[-79.67471,43.85403],[-79.67425,43.85375],[-79.6739,43.85347],[-79.66627,43.84696],[-79.6652,43.84606],[-79.66512,43.846],[-79.66481,43.84578],[-79.66435,43.84548],[-79.66392,43.84523],[-79.6635,43.84501],[-79.66289,43.84473],[-79.66218,43.84442],[-79.66079,43.84384]]}},{"type":"Feature","properties":{"usage":"main"},"geometry":{"type":"LineString","coordinates":[[-79.65663,43.84211],[-79.65429,43.84115],[-79.65292,43.84048],[-79.65171,43.83951],[-79.65085,43.83836],[-79.65033,43.83691],[-79.64764,43.82575],[-79.64751,43.82524],[-79.64741,43.82481]]}},{"type":"Feature","properties":{"usage":"main"},"geometry":{"type":"LineString","coordinates":[[-79.76401,43.86944],[-79.76316,43.86926],[-79.76229,43.86911],[-79.76162,43.86901],[-79.76106,43.86894],[-79.76053,43.86888],[-79.76001,43.86884],[-79.75949,43.8688],[-79.75901,43.86878],[-79.75842,43.86877]]}},{"type":"Feature","properties":{"usage":"main"},"geometry":{"type":"LineString","coordinates":[[-79.73262,43.86836],[-79.729,43.86787],[-79.72729,43.86761],[-79.72634,43.86748],[-79.72453,43.86723],[-79.72326,43.86706],[-79.72175,43.86686],[-79.72097,43.86676],[-79.72056,43.86671],[-79.72006,43.86663]]}},{"type":"Feature","properties":{"usage":"main"},"geometry":{"type":"LineString","coordinates":[[-79.75023,43.86906],[-79.74934,43.8691],[-79.74739,43.86917],[-79.74721,43.86918],[-79.74505,43.86926],[-79.74282,43.86933],[-79.74181,43.86934],[-79.74088,43.86931]]}},{"type":"Feature","properties":{"usage":"main"},"geometry":{"type":"LineString","coordinates":[[-79.75842,43.86877],[-79.75767,43.86878],[-79.75587,43.86885],[-79.75284,43.86897],[-79.75023,43.86906]]}},{"type":"Feature","properties":{"usage":"main"},"geometry":{"type":"LineString","coordinates":[[-79.74088,43.86931],[-79.73997,43.86926],[-79.73914,43.86919],[-79.73859,43.86914],[-79.73793,43.86905],[-79.73655,43.86888],[-79.73517,43.86869],[-79.73262,43.86836]]}},{"type":"Feature","properties":{"usage":"main"},"geometry":{"type":"LineString","coordinates":[[-79.58548,43.77267],[-79.58455,43.77199]]}},{"type":"Feature","properties":{"usage":"main"},"geometry":{"type":"LineString","coordinates":[[-79.60435,43.79169],[-79.60191,43.78972],[-79.60182,43.78966]]}},{"type":"Feature","properties":{"usage":"main"},"geometry":{"type":"LineString","coordinates":[[-79.59656,43.78423],[-79.59643,43.78408],[-79.59633,43.78396]]}},{"type":"Feature","properties":{"usage":"main"},"geometry":{"type":"LineString","coordinates":[[-79.60182,43.78966],[-79.60074,43.78876],[-79.59968,43.78784],[-79.59948,43.78763],[-79.59935,43.78749],[-79.59718,43.785]]}},{"type":"Feature","properties":{"usage":"main"},"geometry":{"type":"LineString","coordinates":[[-79.59633,43.78396],[-79.59308,43.78001]]}},{"type":"Feature","properties":{"usage":"main"},"geometry":{"type":"LineString","coordinates":[[-79.59709,43.7849],[-79.59656,43.78423]]}},{"type":"Feature","properties":{"usage":"main"},"geometry":{"type":"LineString","coordinates":[[-79.59718,43.785],[-79.59709,43.7849]]}},{"type":"Feature","properties":{"usage":"main"},"geometry":{"type":"LineString","coordinates":[[-79.60926,43.79562],[-79.60913,43.79551],[-79.60897,43.79538]]}},{"type":"Feature","properties":{"usage":"main"},"geometry":{"type":"LineString","coordinates":[[-79.62871,43.80419],[-79.61967,43.80178],[-79.61667,43.80065],[-79.61495,43.79979],[-79.61278,43.79841],[-79.60926,43.79562]]}},{"type":"Feature","properties":{"usage":"main"},"geometry":{"type":"LineString","coordinates":[[-79.60897,43.79538],[-79.6082,43.79477],[-79.60435,43.79169]]}},{"type":"Feature","properties":{"usage":"main"},"geometry":{"type":"LineString","coordinates":[[-79.56959,43.76968],[-79.56916,43.76976]]}},{"type":"Feature","properties":{"usage":"main"},"geometry":{"type":"LineString","coordinates":[[-79.56916,43.76976],[-79.54523,43.77467],[-79.54427,43.77486],[-79.53719,43.77634],[-79.53614,43.77656],[-79.53552,43.77669],[-79.5346,43.77688],[-79.52926,43.77797],[-79.52509,43.77883],[-79.5211,43.77969]]}},{"type":"Feature","properties":{"usage":"main"},"geometry":{"type":"LineString","coordinates":[[-79.5095,43.78226],[-79.49807,43.78483]]}},{"type":"Feature","properties":{"usage":"main"},"geometry":{"type":"LineString","coordinates":[[-79.5121,43.78167],[-79.5101,43.78212],[-79.5095,43.78226]]}},{"type":"Feature","properties":{"usage":"main"},"geometry":{"type":"LineString","coordinates":[[-79.35862,43.70225],[-79.35903,43.70188]]}},{"type":"Feature","properties":{"usage":"main"},"geometry":{"type":"LineString","coordinates":[[-79.35903,43.70188],[-79.35965,43.70128]]}},{"type":"Feature","properties":{"usage":"main"},"geometry":{"type":"LineString","coordinates":[[-79.52707,43.6011],[-79.52343,43.6029],[-79.52102,43.6041],[-79.51981,43.6047],[-79.51974,43.60474],[-79.51969,43.60476],[-79.51954,43.60484],[-79.51319,43.608],[-79.51053,43.60932],[-79.50797,43.61059],[-79.507,43.61107],[-79.50576,43.61169],[-79.50469,43.61222],[-79.50366,43.61273],[-79.50274,43.61319],[-79.50218,43.61347],[-79.50128,43.61393],[-79.5007,43.61425],[-79.50002,43.61466],[-79.49938,43.61505],[-79.49868,43.61548],[-79.4983,43.61572]]}},{"type":"Feature","properties":{"usage":"main"},"geometry":{"type":"LineString","coordinates":[[-79.21788,43.81947],[-79.21806,43.81925],[-79.21826,43.81908],[-79.21848,43.81892],[-79.21891,43.81864],[-79.2192,43.81848],[-79.21962,43.81832],[-79.2204,43.81812],[-79.22086,43.81804]]}},{"type":"Feature","properties":{"usage":"main"},"geometry":{"type":"LineString","coordinates":[[-79.2177,43.81974],[-79.2174,43.82014]]}},{"type":"Feature","properties":{"usage":"main"},"geometry":{"type":"LineString","coordinates":[[-79.2174,43.82014],[-79.21688,43.82082]]}},{"type":"Feature","properties":{"usage":"main"},"geometry":{"type":"LineString","coordinates":[[-79.39803,43.93904],[-79.3976,43.93799],[-79.39751,43.93767],[-79.39751,43.93732],[-79.39752,43.93728],[-79.39757,43.9369],[-79.39765,43.93662],[-79.39779,43.93634],[-79.39791,43.93614],[-79.39819,43.93573],[-79.39861,43.93533],[-79.39915,43.93498],[-79.39975,43.93469],[-79.40059,43.93438],[-79.40322,43.9335],[-79.40381,43.93329],[-79.40436,43.93304]]}},{"type":"Feature","properties":{"usage":"main"},"geometry":{"type":"LineString","coordinates":[[-79.39816,43.93937],[-79.39803,43.93904]]}},{"type":"Feature","properties":{"usage":"main"},"geometry":{"type":"LineString","coordinates":[[-79.39723,43.97625],[-79.39751,43.9734],[-79.39756,43.97256],[-79.39754,43.97201],[-79.39742,43.97145],[-79.39716,43.97081],[-79.39597,43.96902],[-79.39473,43.96709],[-79.39443,43.9666],[-79.39425,43.96618],[-79.39416,43.96577],[-79.39417,43.96544],[-79.39425,43.9651],[-79.39443,43.96468],[-79.39461,43.96438],[-79.39491,43.96401],[-79.39726,43.96151],[-79.39789,43.96084],[-79.39896,43.95971],[-79.39928,43.95937],[-79.39961,43.95901],[-79.39986,43.95867],[-79.40004,43.95837],[-79.40026,43.95794],[-79.4004,43.95744],[-79.40043,43.95704],[-79.40044,43.95643],[-79.4004,43.95423],[-79.40038,43.95159],[-79.40038,43.95069],[-79.4004,43.94849],[-79.40037,43.9468]]}},{"type":"Feature","properties":{"usage":"branch"},"geometry":{"type":"LineString","coordinates":[[-79.53329,43.6243],[-79.53317,43.62404]]}},{"type":"Feature","properties":{"usage":"main"},"geometry":{"type":"LineString","coordinates":[[-79.5905,43.70576],[-79.58984,43.70578]]}},{"type":"Feature","properties":{"usage":"main"},"geometry":{"type":"LineString","coordinates":[[-79.60681,43.70548],[-79.60836,43.70546],[-79.60873,43.70545]]}},{"type":"Feature","properties":{"usage":"main"},"geometry":{"type":"LineString","coordinates":[[-79.57725,43.70602],[-79.57454,43.70608],[-79.56589,43.70624],[-79.56534,43.70625],[-79.56495,43.70625],[-79.56444,43.70627],[-79.56388,43.70628],[-79.56215,43.70631],[-79.56005,43.70636],[-79.5581,43.70642],[-79.55764,43.70643],[-79.55734,43.70643]]}},{"type":"Feature","properties":{"usage":"main"},"geometry":{"type":"LineString","coordinates":[[-79.39976,43.81383],[-79.39935,43.81414],[-79.39917,43.81426],[-79.39881,43.81451],[-79.39843,43.81474],[-79.39807,43.81495],[-79.39771,43.81513],[-79.39717,43.81539],[-79.39657,43.81565],[-79.39587,43.81596],[-79.39489,43.81638],[-79.3943,43.81664],[-79.39216,43.81757],[-79.38939,43.81876],[-79.38677,43.81986],[-79.38588,43.82017],[-79.38486,43.82052],[-79.38374,43.82085],[-79.38249,43.82117],[-79.37083,43.82388],[-79.36323,43.82561]]}},{"type":"Feature","properties":{"usage":"main"},"geometry":{"type":"LineString","coordinates":[[-79.26083,43.79371],[-79.26034,43.79401]]}},{"type":"Feature","properties":{"usage":"main"},"geometry":{"type":"LineString","coordinates":[[-79.26903,43.78928],[-79.26818,43.78974],[-79.26774,43.78996],[-79.26257,43.79249],[-79.26064,43.79342]]}},{"type":"Feature","properties":{"usage":"main"},"geometry":{"type":"LineString","coordinates":[[-79.26909,43.7894],[-79.26832,43.78985],[-79.2679,43.79009],[-79.26761,43.79024],[-79.26724,43.79043],[-79.26688,43.7906],[-79.26343,43.79228],[-79.26207,43.79296],[-79.26122,43.79346],[-79.26083,43.79371]]}},{"type":"Feature","properties":{"usage":"main"},"geometry":{"type":"LineString","coordinates":[[-79.27332,43.78674],[-79.26964,43.78908]]}},{"type":"Feature","properties":{"usage":"main"},"geometry":{"type":"LineString","coordinates":[[-79.27425,43.78615],[-79.27332,43.78674]]}},{"type":"Feature","properties":{"usage":"main"},"geometry":{"type":"LineString","coordinates":[[-79.26078,43.79367],[-79.2603,43.79397]]}},{"type":"Feature","properties":{"usage":"main"},"geometry":{"type":"LineString","coordinates":[[-79.27394,43.78618],[-79.27293,43.78683]]}},{"type":"Feature","properties":{"usage":"main"},"geometry":{"type":"LineString","coordinates":[[-79.28123,43.78161],[-79.28083,43.78191],[-79.28072,43.78199],[-79.27996,43.78249],[-79.27798,43.78377]]}},{"type":"Feature","properties":{"usage":"main"},"geometry":{"type":"LineString","coordinates":[[-79.26016,43.79366],[-79.25994,43.79376],[-79.25906,43.7942],[-79.25582,43.79577],[-79.25221,43.79753],[-79.24997,43.79862],[-79.24519,43.80093],[-79.24435,43.80131],[-79.24342,43.80172],[-79.24267,43.80203],[-79.24215,43.80224],[-79.24183,43.80237],[-79.24091,43.80273],[-79.24017,43.803],[-79.23803,43.80377]]}},{"type":"Feature","properties":{"usage":"main"},"geometry":{"type":"LineString","coordinates":[[-79.27293,43.78683],[-79.26957,43.78897]]}},{"type":"Feature","properties":{"usage":"main"},"geometry":{"type":"LineString","coordinates":[[-79.2603,43.79397],[-79.26002,43.79416],[-79.25971,43.79439],[-79.25952,43.79456],[-79.25935,43.79475],[-79.2591,43.79506],[-79.259,43.79523],[-79.25889,43.79541],[-79.25871,43.79585],[-79.25853,43.7963],[-79.25804,43.79753],[-79.25729,43.79949],[-79.25716,43.79979],[-79.25704,43.80009],[-79.25689,43.80042],[-79.25672,43.80074],[-79.25647,43.80113],[-79.25617,43.80156],[-79.25411,43.80424],[-79.25249,43.80632],[-79.25221,43.80663],[-79.25189,43.80696],[-79.24997,43.8088],[-79.24926,43.80949],[-79.24831,43.81036],[-79.24789,43.81079],[-79.24768,43.81098],[-79.24762,43.81106],[-79.24744,43.81127],[-79.24729,43.81149],[-79.24699,43.81198],[-79.24603,43.81346],[-79.24593,43.81363],[-79.2451,43.81495],[-79.24393,43.81677],[-79.24297,43.81829],[-79.24235,43.81927]]}},{"type":"Feature","properties":{"usage":"main"},"geometry":{"type":"LineString","coordinates":[[-79.27747,43.78393],[-79.27633,43.78467],[-79.27394,43.78618]]}},{"type":"Feature","properties":{"usage":"main"},"geometry":{"type":"LineString","coordinates":[[-79.27756,43.78403],[-79.27425,43.78615]]}},{"type":"Feature","properties":{"usage":"main"},"geometry":{"type":"LineString","coordinates":[[-79.26964,43.78908],[-79.26909,43.7894]]}},{"type":"Feature","properties":{"usage":"main"},"geometry":{"type":"LineString","coordinates":[[-79.26064,43.79342],[-79.26016,43.79366]]}},{"type":"Feature","properties":{"usage":"main"},"geometry":{"type":"LineString","coordinates":[[-79.26957,43.78897],[-79.26903,43.78928]]}},{"type":"Feature","properties":{"usage":"main"},"geometry":{"type":"LineString","coordinates":[[-79.28146,43.78139],[-79.2813,43.7815],[-79.28086,43.7818],[-79.27963,43.78258],[-79.27915,43.78285],[-79.27819,43.78341],[-79.2781,43.78347],[-79.27789,43.78361]]}},{"type":"Feature","properties":{"usage":"main"},"geometry":{"type":"LineString","coordinates":[[-79.27791,43.78364],[-79.27747,43.78393]]}},{"type":"Feature","properties":{"usage":"main"},"geometry":{"type":"LineString","coordinates":[[-79.26223,43.79282],[-79.26163,43.79316],[-79.26125,43.79339],[-79.26115,43.79344],[-79.26093,43.79357],[-79.26078,43.79367]]}},{"type":"Feature","properties":{"usage":"main"},"geometry":{"type":"LineString","coordinates":[[-79.46891,43.66732],[-79.47356,43.66736],[-79.48247,43.66685],[-79.48266,43.66683],[-79.48287,43.66683],[-79.48658,43.66662],[-79.49117,43.66634],[-79.49159,43.66632],[-79.49319,43.66623],[-79.49402,43.66618],[-79.49563,43.66609],[-79.49852,43.66592],[-79.49914,43.66589]]}},{"type":"Feature","properties":{"usage":"main"},"geometry":{"type":"LineString","coordinates":[[-79.4923,43.6662],[-79.49159,43.66625],[-79.49114,43.66628],[-79.48284,43.66676],[-79.48264,43.66677],[-79.48244,43.66678],[-79.47393,43.66726],[-79.4731,43.66729],[-79.47219,43.66728],[-79.47143,43.66727],[-79.47059,43.66727],[-79.46994,43.66726],[-79.46936,43.66726],[-79.4689,43.66726]]}},{"type":"Feature","properties":{"usage":"main"},"geometry":{"type":"LineString","coordinates":[[-79.49932,43.66584],[-79.49914,43.66585]]}},{"type":"Feature","properties":{"usage":"main"},"geometry":{"type":"LineString","coordinates":[[-79.49979,43.66585],[-79.49942,43.66587]]}},{"type":"Feature","properties":{"usage":"main"},"geometry":{"type":"LineString","coordinates":[[-79.50112,43.66573],[-79.49932,43.66584]]}},{"type":"Feature","properties":{"usage":"main"},"geometry":{"type":"LineString","coordinates":[[-79.49942,43.66587],[-79.49935,43.66587],[-79.49932,43.66588]]}},{"type":"Feature","properties":{"usage":"main"},"geometry":{"type":"LineString","coordinates":[[-79.55753,43.76086],[-79.55767,43.76092],[-79.56191,43.76266],[-79.56374,43.76344],[-79.56403,43.76356],[-79.56855,43.76546]]}},{"type":"Feature","properties":{"usage":"main"},"geometry":{"type":"LineString","coordinates":[[-79.5573,43.76077],[-79.55753,43.76086]]}},{"type":"Feature","properties":{"usage":"main"},"geometry":{"type":"LineString","coordinates":[[-79.5575,43.7609],[-79.55739,43.76086],[-79.55728,43.76081]]}},{"type":"Feature","properties":{"usage":"main"},"geometry":{"type":"LineString","coordinates":[[-79.23767,43.80389],[-79.23502,43.80483],[-79.23331,43.80542],[-79.23302,43.80553],[-79.23264,43.80568],[-79.23214,43.80589],[-79.23181,43.80604],[-79.22999,43.80685],[-79.22809,43.80788],[-79.22703,43.8086],[-79.22618,43.80922],[-79.22588,43.80945],[-79.22546,43.8098],[-79.22471,43.81047],[-79.22419,43.81096],[-79.22348,43.81173],[-79.22286,43.81256],[-79.22197,43.81383],[-79.22007,43.81649],[-79.21841,43.81878],[-79.21835,43.81886],[-79.21813,43.8191]]}},{"type":"Feature","properties":{"usage":"main"},"geometry":{"type":"LineString","coordinates":[[-79.57406,43.56803],[-79.57394,43.56813]]}},{"type":"Feature","properties":{"usage":"main"},"geometry":{"type":"LineString","coordinates":[[-79.57394,43.56813],[-79.57324,43.56878]]}},{"type":"Feature","properties":{"usage":"main"},"geometry":{"type":"LineString","coordinates":[[-79.61421,43.53114],[-79.61542,43.53002],[-79.61757,43.52805],[-79.61956,43.52623],[-79.62029,43.52556],[-79.62169,43.52426],[-79.62231,43.52371],[-79.62361,43.52249],[-79.62474,43.52145],[-79.62669,43.51965],[-79.62677,43.51959],[-79.62753,43.51888],[-79.62909,43.51744],[-79.63064,43.51601],[-79.6321,43.51467],[-79.63316,43.51369]]}},{"type":"Feature","properties":{"usage":"main"},"geometry":{"type":"LineString","coordinates":[[-79.7431,43.6911],[-79.73978,43.69177],[-79.73938,43.69185],[-79.73281,43.69318]]}},{"type":"Feature","properties":{"usage":"main"},"geometry":{"type":"LineString","coordinates":[[-79.74314,43.69113],[-79.73994,43.69178],[-79.73282,43.69321]]}},{"type":"Feature","properties":{"usage":"main"},"geometry":{"type":"LineString","coordinates":[[-79.7436,43.69104],[-79.74314,43.69113]]}},{"type":"Feature","properties":{"usage":"main"},"geometry":{"type":"LineString","coordinates":[[-79.74318,43.69116],[-79.74364,43.69107]]}},{"type":"Feature","properties":{"usage":"main"},"geometry":{"type":"LineString","coordinates":[[-79.74937,43.68991],[-79.75086,43.68962],[-79.7519,43.6894],[-79.75207,43.68937]]}},{"type":"Feature","properties":{"usage":"main"},"geometry":{"type":"LineString","coordinates":[[-79.74355,43.69101],[-79.7431,43.6911]]}},{"type":"Feature","properties":{"usage":"main"},"geometry":{"type":"LineString","coordinates":[[-79.59347,43.55016],[-79.59337,43.55024]]}},{"type":"Feature","properties":{"usage":"main"},"geometry":{"type":"LineString","coordinates":[[-79.59337,43.55024],[-79.59274,43.55082],[-79.59224,43.55128]]}},{"type":"Feature","properties":{"usage":"main"},"geometry":{"type":"LineString","coordinates":[[-79.41071,43.63826],[-79.41026,43.63838],[-79.40977,43.63852],[-79.40762,43.63911],[-79.40723,43.63921],[-79.40607,43.63953],[-79.40562,43.63965],[-79.40505,43.63979],[-79.40455,43.63989],[-79.40417,43.63996],[-79.40377,43.64003],[-79.40297,43.64014],[-79.40217,43.64024],[-79.40202,43.64026],[-79.40189,43.64028],[-79.40159,43.64031],[-79.40139,43.64034]]}},{"type":"Feature","properties":{"usage":"main"},"geometry":{"type":"LineString","coordinates":[[-79.40903,43.63864],[-79.40874,43.63871],[-79.40864,43.63873],[-79.40809,43.63885],[-79.40757,43.639],[-79.40718,43.63909],[-79.4062,43.6393],[-79.40585,43.63939],[-79.40554,43.63947],[-79.40518,43.63958],[-79.4048,43.63966],[-79.40431,43.63977],[-79.4038,43.63987],[-79.40315,43.63996],[-79.40213,43.64009],[-79.40143,43.64018],[-79.40101,43.64022],[-79.39993,43.64034],[-79.39912,43.64043],[-79.39838,43.64055],[-79.39815,43.6406],[-79.3976,43.64073],[-79.39663,43.64097],[-79.39576,43.64119],[-79.39467,43.6414],[-79.3938,43.64155],[-79.39309,43.64171],[-79.39105,43.64217],[-79.38847,43.64271]]}},{"type":"Feature","properties":{"usage":"main"},"geometry":{"type":"LineString","coordinates":[[-79.4074,43.63909],[-79.40545,43.63962],[-79.40484,43.63976],[-79.40421,43.63988],[-79.40367,43.63997],[-79.40262,43.64011],[-79.40146,43.64026]]}},{"type":"Feature","properties":{"usage":"main"},"geometry":{"type":"LineString","coordinates":[[-79.40897,43.63869],[-79.4076,43.63907],[-79.40721,43.63918],[-79.40604,43.6395],[-79.40516,43.63973],[-79.40474,43.63982],[-79.40445,43.63987],[-79.40411,43.63994],[-79.40374,43.64],[-79.40296,43.6401],[-79.40217,43.6402],[-79.40164,43.64027],[-79.40138,43.64031]]}},{"type":"Feature","properties":{"usage":"main"},"geometry":{"type":"LineString","coordinates":[[-79.57396,43.61002],[-79.57376,43.61015]]}},{"type":"Feature","properties":{"usage":"main"},"geometry":{"type":"LineString","coordinates":[[-79.56758,43.61417],[-79.5674,43.61428],[-79.56654,43.61485]]}},{"type":"Feature","properties":{"usage":"main"},"geometry":{"type":"LineString","coordinates":[[-79.57376,43.61015],[-79.57363,43.61023],[-79.5727,43.61084],[-79.57184,43.61139],[-79.57157,43.61157]]}},{"type":"Feature","properties":{"usage":"main"},"geometry":{"type":"LineString","coordinates":[[-79.56811,43.61382],[-79.56758,43.61417]]}},{"type":"Feature","properties":{"usage":"main"},"geometry":{"type":"LineString","coordinates":[[-79.42538,43.63424],[-79.42628,43.634],[-79.42749,43.63372],[-79.42853,43.63354],[-79.42895,43.63348],[-79.42933,43.63344],[-79.42963,43.63341],[-79.43009,43.63338],[-79.43066,43.63336],[-79.43126,43.63335],[-79.4318,43.63336],[-79.4323,43.63339],[-79.43278,43.63343],[-79.43329,43.63349],[-79.43451,43.63366],[-79.43491,43.63374],[-79.4357,43.63394],[-79.43636,43.63413],[-79.43834,43.6349],[-79.44298,43.63688],[-79.44365,43.63718],[-79.44441,43.63749],[-79.4451,43.63773],[-79.44543,43.63784],[-79.44643,43.63812],[-79.44711,43.63828],[-79.44822,43.63852],[-79.44868,43.63861],[-79.44915,43.6387],[-79.44961,43.63877],[-79.45008,43.63885],[-79.45146,43.63904],[-79.45274,43.63917],[-79.45371,43.63924]]}},{"type":"Feature","properties":{"usage":"main"},"geometry":{"type":"LineString","coordinates":[[-79.4537,43.6392],[-79.45274,43.63913],[-79.45147,43.639],[-79.45009,43.63882],[-79.44962,43.63874],[-79.44916,43.63866],[-79.44869,43.63857],[-79.44824,43.63847],[-79.44748,43.63831],[-79.44672,43.63813],[-79.44596,43.63791],[-79.44521,43.63768],[-79.44444,43.63744],[-79.44367,43.63714],[-79.44301,43.63685],[-79.43835,43.63486],[-79.43637,43.6341],[-79.43571,43.63391],[-79.43491,43.6337],[-79.43452,43.63363],[-79.43329,43.63345],[-79.43296,43.63341],[-79.43263,43.63338],[-79.43226,43.63335],[-79.43177,43.63333],[-79.43123,43.63332],[-79.43065,43.63332],[-79.43009,43.63335],[-79.42963,43.63337],[-79.42932,43.6334],[-79.42895,43.63344],[-79.42854,43.6335],[-79.42807,43.63357],[-79.42747,43.63368],[-79.42628,43.63397],[-79.42536,43.63421]]}},{"type":"Feature","properties":{"usage":"main"},"geometry":{"type":"LineString","coordinates":[[-79.42399,43.63455],[-79.42627,43.63393],[-79.42745,43.63365],[-79.428,43.63354],[-79.42852,43.63346],[-79.42892,43.63341],[-79.4293,43.63336],[-79.42964,43.63333],[-79.43008,43.6333],[-79.43061,43.63329],[-79.43123,43.63328],[-79.43181,43.63329],[-79.43227,43.63331],[-79.43265,43.63335],[-79.4333,43.63341],[-79.43453,43.6336],[-79.43491,43.63366],[-79.43572,43.63386],[-79.4364,43.63406],[-79.43838,43.63483],[-79.44303,43.63682],[-79.44368,43.63711],[-79.44446,43.6374],[-79.44523,43.63765],[-79.44598,43.63788],[-79.44674,43.63809],[-79.4475,43.63827],[-79.44826,43.63844],[-79.44871,43.63854],[-79.44917,43.63862],[-79.44964,43.63871],[-79.4501,43.63878],[-79.45147,43.63897],[-79.45274,43.6391],[-79.45368,43.63916]]}},{"type":"Feature","properties":{"usage":"main"},"geometry":{"type":"LineString","coordinates":[[-79.53123,43.59909],[-79.52964,43.59987],[-79.5296,43.59989],[-79.52714,43.60111],[-79.52709,43.60113],[-79.52591,43.60172],[-79.52458,43.60238],[-79.5224,43.60347],[-79.5205,43.60441],[-79.52025,43.60453],[-79.51983,43.60474],[-79.51957,43.60487],[-79.51932,43.60499],[-79.51487,43.60721],[-79.51321,43.60803],[-79.51268,43.60829],[-79.51056,43.60935],[-79.50868,43.61028],[-79.50799,43.61062],[-79.50534,43.61194],[-79.50276,43.61322],[-79.50221,43.6135],[-79.50131,43.61396],[-79.50073,43.61429],[-79.50002,43.61471],[-79.49913,43.61525],[-79.49858,43.6156],[-79.49832,43.61576]]}},{"type":"Feature","properties":{"usage":"branch"},"geometry":{"type":"LineString","coordinates":[[-79.27789,43.77155],[-79.27753,43.77066],[-79.27667,43.76837],[-79.2766,43.76818],[-79.27648,43.76786],[-79.2763,43.7674],[-79.27605,43.7665],[-79.27588,43.76604],[-79.27425,43.76182],[-79.27116,43.7538],[-79.27029,43.75154],[-79.27018,43.7511],[-79.26999,43.75013],[-79.26989,43.74977],[-79.26976,43.74943],[-79.26873,43.74692],[-79.26333,43.73427],[-79.26309,43.73373],[-79.26235,43.73207],[-79.26204,43.73138],[-79.26187,43.731],[-79.26173,43.73068],[-79.26141,43.7299],[-79.26123,43.72949],[-79.26105,43.72914],[-79.26082,43.72883],[-79.26077,43.72877],[-79.26045,43.72841],[-79.26009,43.72812],[-79.25959,43.72782],[-79.25915,43.7276],[-79.25864,43.72741],[-79.25766,43.72709],[-79.25706,43.72687],[-79.25648,43.72657],[-79.25602,43.72631],[-79.25544,43.72588],[-79.25481,43.72534],[-79.25426,43.72462],[-79.25419,43.72452],[-79.25381,43.72386],[-79.25307,43.72217],[-79.25295,43.72167],[-79.25291,43.72139],[-79.25288,43.7211],[-79.2529,43.72084],[-79.25295,43.72059],[-79.25301,43.72039],[-79.25307,43.72021],[-79.25319,43.71993],[-79.25332,43.7197]]}},{"type":"Feature","properties":{"usage":"branch"},"geometry":{"type":"LineString","coordinates":[[-79.30668,43.86635],[-79.30633,43.86649]]}},{"type":"Feature","properties":{"usage":"branch"},"geometry":{"type":"LineString","coordinates":[[-79.30633,43.86649],[-79.30472,43.86717],[-79.30424,43.86736],[-79.30407,43.86743],[-79.30394,43.86749],[-79.3021,43.86828],[-79.30115,43.86875],[-79.30026,43.86931],[-79.29802,43.87095],[-79.29759,43.87121],[-79.2972,43.87142],[-79.29659,43.87169],[-79.29583,43.87194],[-79.29078,43.87331],[-79.29047,43.8734],[-79.28714,43.8743],[-79.2865,43.87448],[-79.2864,43.87451],[-79.28622,43.87455],[-79.28615,43.87457],[-79.28137,43.87587],[-79.27904,43.87645],[-79.27657,43.87703],[-79.26588,43.87958],[-79.26527,43.87979],[-79.26483,43.87997]]}},{"type":"Feature","properties":{"usage":"main"},"geometry":{"type":"LineString","coordinates":[[-79.25872,43.7114],[-79.25886,43.71118],[-79.25919,43.71069],[-79.26143,43.7073],[-79.2656,43.70102],[-79.26696,43.69898],[-79.26822,43.69742],[-79.26961,43.69605],[-79.27078,43.69511]]}},{"type":"Feature","properties":{"usage":"main"},"geometry":{"type":"LineString","coordinates":[[-79.25211,43.72133],[-79.25249,43.72077]]}},{"type":"Feature","properties":{"usage":"main"},"geometry":{"type":"LineString","coordinates":[[-79.25209,43.72128],[-79.25247,43.72071]]}},{"type":"Feature","properties":{"usage":"main"},"geometry":{"type":"LineString","coordinates":[[-79.38831,43.64289],[-79.38809,43.64294],[-79.38781,43.643]]}},{"type":"Feature","properties":{"usage":"main"},"geometry":{"type":"LineString","coordinates":[[-79.38643,43.64316],[-79.38605,43.64321],[-79.38577,43.64325]]}},{"type":"Feature","properties":{"usage":"main"},"geometry":{"type":"LineString","coordinates":[[-79.38249,43.64413],[-79.38437,43.64372]]}},{"type":"Feature","properties":{"usage":"main"},"geometry":{"type":"LineString","coordinates":[[-79.38713,43.64303],[-79.38682,43.64309],[-79.38661,43.64313],[-79.38643,43.64316]]}},{"type":"Feature","properties":{"usage":"main"},"geometry":{"type":"LineString","coordinates":[[-79.38779,43.64296],[-79.38727,43.64308]]}},{"type":"Feature","properties":{"usage":"main"},"geometry":{"type":"LineString","coordinates":[[-79.38439,43.6438],[-79.38252,43.64421]]}},{"type":"Feature","properties":{"usage":"main"},"geometry":{"type":"LineString","coordinates":[[-79.38476,43.64385],[-79.3852,43.64375],[-79.38567,43.64364],[-79.38649,43.64347],[-79.38732,43.64328]]}},{"type":"Feature","properties":{"usage":"main"},"geometry":{"type":"LineString","coordinates":[[-79.38577,43.64325],[-79.38495,43.6434]]}},{"type":"Feature","properties":{"usage":"main"},"geometry":{"type":"LineString","coordinates":[[-79.3867,43.64316],[-79.3853,43.64347],[-79.38468,43.6436]]}},{"type":"Feature","properties":{"usage":"main"},"geometry":{"type":"LineString","coordinates":[[-79.38678,43.64326],[-79.38695,43.64322],[-79.38721,43.64317],[-79.38801,43.64299],[-79.38842,43.64291]]}},{"type":"Feature","properties":{"usage":"main"},"geometry":{"type":"LineString","coordinates":[[-79.38409,43.64395],[-79.38366,43.64405],[-79.38331,43.64413],[-79.38282,43.64427],[-79.38257,43.64433]]}},{"type":"Feature","properties":{"usage":"main"},"geometry":{"type":"LineString","coordinates":[[-79.3846,43.64337],[-79.38445,43.64338],[-79.38421,43.64339]]}},{"type":"Feature","properties":{"usage":"main"},"geometry":{"type":"LineString","coordinates":[[-79.38457,43.64332],[-79.38522,43.64327],[-79.3863,43.64313],[-79.38654,43.6431],[-79.38677,43.64306],[-79.38808,43.64279],[-79.38825,43.64276]]}},{"type":"Feature","properties":{"usage":"main"},"geometry":{"type":"LineString","coordinates":[[-79.38778,43.64293],[-79.38726,43.64304]]}},{"type":"Feature","properties":{"usage":"main"},"geometry":{"type":"LineString","coordinates":[[-79.38466,43.64352],[-79.38569,43.6433]]}},{"type":"Feature","properties":{"usage":"main"},"geometry":{"type":"LineString","coordinates":[[-79.38462,43.6438],[-79.38442,43.64384]]}},{"type":"Feature","properties":{"usage":"main"},"geometry":{"type":"LineString","coordinates":[[-79.38335,43.64417],[-79.3832,43.64422],[-79.38284,43.64433],[-79.38258,43.64441]]}},{"type":"Feature","properties":{"usage":"main"},"geometry":{"type":"LineString","coordinates":[[-79.38466,43.64352],[-79.38429,43.6436]]}},{"type":"Feature","properties":{"usage":"main"},"geometry":{"type":"LineString","coordinates":[[-79.38954,43.64276],[-79.38835,43.64299],[-79.38816,43.64303],[-79.38628,43.64345],[-79.38568,43.64357]]}},{"type":"Feature","properties":{"usage":"main"},"geometry":{"type":"LineString","coordinates":[[-79.38421,43.64339],[-79.38384,43.64342],[-79.38284,43.6435]]}},{"type":"Feature","properties":{"usage":"main"},"geometry":{"type":"LineString","coordinates":[[-79.38443,43.64388],[-79.38477,43.64381]]}},{"type":"Feature","properties":{"usage":"main"},"geometry":{"type":"LineString","coordinates":[[-79.38413,43.6435],[-79.3838,43.64356],[-79.38237,43.64386],[-79.38024,43.64432],[-79.37802,43.64479],[-79.3764,43.64514],[-79.37623,43.64517],[-79.37605,43.64521]]}},{"type":"Feature","properties":{"usage":"main"},"geometry":{"type":"LineString","coordinates":[[-79.38471,43.64365],[-79.38557,43.64347],[-79.38623,43.64333]]}},{"type":"Feature","properties":{"usage":"main"},"geometry":{"type":"LineString","coordinates":[[-79.38437,43.64372],[-79.38471,43.64365]]}},{"type":"Feature","properties":{"usage":"main"},"geometry":{"type":"LineString","coordinates":[[-79.38417,43.64343],[-79.38362,43.64348],[-79.3832,43.64352],[-79.38287,43.64354],[-79.38255,43.64357],[-79.38227,43.64361]]}},{"type":"Feature","properties":{"usage":"main"},"geometry":{"type":"LineString","coordinates":[[-79.38463,43.64346],[-79.38426,43.64354]]}},{"type":"Feature","properties":{"usage":"main"},"geometry":{"type":"LineString","coordinates":[[-79.38624,43.64341],[-79.38565,43.64354],[-79.38517,43.64364]]}},{"type":"Feature","properties":{"usage":"main"},"geometry":{"type":"LineString","coordinates":[[-79.38429,43.6436],[-79.38408,43.64365],[-79.38243,43.644],[-79.38029,43.64445],[-79.37808,43.64492],[-79.37731,43.64509],[-79.3769,43.64516],[-79.37645,43.64524],[-79.37628,43.64528],[-79.37611,43.64531],[-79.37409,43.64568]]}},{"type":"Feature","properties":{"usage":"main"},"geometry":{"type":"LineString","coordinates":[[-79.38477,43.64377],[-79.38462,43.6438]]}},{"type":"Feature","properties":{"usage":"main"},"geometry":{"type":"LineString","coordinates":[[-79.38442,43.64384],[-79.38358,43.64404],[-79.38305,43.64416],[-79.38254,43.64427]]}},{"type":"Feature","properties":{"usage":"main"},"geometry":{"type":"LineString","coordinates":[[-79.38426,43.64354],[-79.38396,43.6436],[-79.38241,43.64394]]}},{"type":"Feature","properties":{"usage":"main"},"geometry":{"type":"LineString","coordinates":[[-79.38476,43.64373],[-79.38439,43.6438]]}},{"type":"Feature","properties":{"usage":"main"},"geometry":{"type":"LineString","coordinates":[[-79.53121,43.59905],[-79.52836,43.60047],[-79.52791,43.60069],[-79.52789,43.6007],[-79.52771,43.60079],[-79.52707,43.6011]]}},{"type":"Feature","properties":{"usage":"main"},"geometry":{"type":"LineString","coordinates":[[-79.53121,43.59905],[-79.53151,43.5989]]}},{"type":"Feature","properties":{"usage":"main"},"geometry":{"type":"LineString","coordinates":[[-79.452,43.66715],[-79.45159,43.66715]]}},{"type":"Feature","properties":{"usage":"main"},"geometry":{"type":"LineString","coordinates":[[-79.42914,43.67105],[-79.42956,43.67097]]}},{"type":"Feature","properties":{"usage":"main"},"geometry":{"type":"LineString","coordinates":[[-79.44698,43.66756],[-79.44752,43.66747],[-79.44825,43.66738],[-79.44845,43.66736],[-79.44879,43.66732],[-79.44898,43.6673],[-79.44899,43.6673],[-79.44904,43.66729],[-79.44946,43.66725],[-79.4505,43.66717],[-79.45083,43.66715],[-79.4511,43.66715],[-79.45136,43.66714],[-79.45159,43.66715]]}},{"type":"Feature","properties":{"usage":"main"},"geometry":{"type":"LineString","coordinates":[[-79.43944,43.66903],[-79.43982,43.66895],[-79.44024,43.66888],[-79.44164,43.6686],[-79.44244,43.66843],[-79.44292,43.66833],[-79.44425,43.66806],[-79.4456,43.6678],[-79.44658,43.66762]]}},{"type":"Feature","properties":{"usage":"main"},"geometry":{"type":"LineString","coordinates":[[-79.43315,43.67028],[-79.43299,43.67031],[-79.43276,43.67036]]}},{"type":"Feature","properties":{"usage":"main"},"geometry":{"type":"LineString","coordinates":[[-79.4268,43.6715],[-79.42711,43.67144]]}},{"type":"Feature","properties":{"usage":"main"},"geometry":{"type":"LineString","coordinates":[[-79.43944,43.66903],[-79.43934,43.66904],[-79.43908,43.66909]]}},{"type":"Feature","properties":{"usage":"main"},"geometry":{"type":"LineString","coordinates":[[-79.452,43.66715],[-79.45338,43.66716],[-79.45493,43.66717],[-79.45536,43.66717],[-79.4565,43.66718]]}},{"type":"Feature","properties":{"usage":"main"},"geometry":{"type":"LineString","coordinates":[[-79.43908,43.66909],[-79.43844,43.66921],[-79.4371,43.66947],[-79.43666,43.66955],[-79.43663,43.66956],[-79.43576,43.66972],[-79.43519,43.66985],[-79.43433,43.67005],[-79.43315,43.67028]]}},{"type":"Feature","properties":{"usage":"main"},"geometry":{"type":"LineString","coordinates":[[-79.43276,43.67036],[-79.43246,43.67042],[-79.43138,43.67062],[-79.43119,43.67066],[-79.42956,43.67097]]}},{"type":"Feature","properties":{"usage":"main"},"geometry":{"type":"LineString","coordinates":[[-79.44698,43.66756],[-79.44658,43.66762]]}},{"type":"Feature","properties":{"usage":"main"},"geometry":{"type":"LineString","coordinates":[[-79.42711,43.67144],[-79.42857,43.67116],[-79.42914,43.67105]]}},{"type":"Feature","properties":{"usage":"main"},"geometry":{"type":"LineString","coordinates":[[-79.41454,43.67397],[-79.41477,43.67392]]}},{"type":"Feature","properties":{"usage":"main"},"geometry":{"type":"LineString","coordinates":[[-79.41228,43.67444],[-79.41454,43.67397]]}},{"type":"Feature","properties":{"usage":"main"},"geometry":{"type":"LineString","coordinates":[[-79.41477,43.67392],[-79.41871,43.6731],[-79.42089,43.67265],[-79.42165,43.67249]]}},{"type":"Feature","properties":{"usage":"main"},"geometry":{"type":"LineString","coordinates":[[-79.40272,43.67644],[-79.40307,43.67637]]}},{"type":"Feature","properties":{"usage":"main"},"geometry":{"type":"LineString","coordinates":[[-79.41197,43.67451],[-79.41228,43.67444]]}},{"type":"Feature","properties":{"usage":"main"},"geometry":{"type":"LineString","coordinates":[[-79.40748,43.67544],[-79.41176,43.67455],[-79.41197,43.67451]]}},{"type":"Feature","properties":{"usage":"main"},"geometry":{"type":"LineString","coordinates":[[-79.3982,43.67794],[-79.39879,43.67768],[-79.39934,43.67745],[-79.39958,43.67735],[-79.40004,43.67719],[-79.40055,43.67702],[-79.40132,43.67679],[-79.40183,43.67665],[-79.40272,43.67644]]}},{"type":"Feature","properties":{"usage":"main"},"geometry":{"type":"LineString","coordinates":[[-79.42165,43.67249],[-79.42207,43.67241]]}},{"type":"Feature","properties":{"usage":"main"},"geometry":{"type":"LineString","coordinates":[[-79.40719,43.67551],[-79.40748,43.67544]]}},{"type":"Feature","properties":{"usage":"main"},"geometry":{"type":"LineString","coordinates":[[-79.40307,43.67637],[-79.40355,43.67627],[-79.40379,43.67622],[-79.4066,43.67563],[-79.40719,43.67551]]}},{"type":"Feature","properties":{"usage":"main"},"geometry":{"type":"LineString","coordinates":[[-79.4268,43.6715],[-79.42331,43.67216],[-79.42207,43.67241]]}},{"type":"Feature","properties":{"usage":"main"},"geometry":{"type":"LineString","coordinates":[[-79.36704,43.69424],[-79.37007,43.69147],[-79.37043,43.69108]]}},{"type":"Feature","properties":{"usage":"main"},"geometry":{"type":"LineString","coordinates":[[-79.38356,43.68456],[-79.38386,43.68444]]}},{"type":"Feature","properties":{"usage":"main"},"geometry":{"type":"LineString","coordinates":[[-79.38547,43.68371],[-79.38616,43.6834],[-79.38731,43.68289],[-79.38851,43.68234],[-79.38965,43.68181],[-79.39052,43.68142]]}},{"type":"Feature","properties":{"usage":"main"},"geometry":{"type":"LineString","coordinates":[[-79.39052,43.68142],[-79.39136,43.68104]]}},{"type":"Feature","properties":{"usage":"main"},"geometry":{"type":"LineString","coordinates":[[-79.37135,43.69014],[-79.37149,43.69002],[-79.37255,43.68897],[-79.37351,43.68805],[-79.37416,43.68756],[-79.37456,43.68731],[-79.37512,43.68698],[-79.37556,43.68676],[-79.37604,43.68654],[-79.37665,43.6863],[-79.37713,43.68613],[-79.37757,43.68599],[-79.37806,43.68586],[-79.37879,43.68569],[-79.381,43.68523],[-79.38201,43.68502],[-79.38277,43.68483],[-79.38327,43.68467],[-79.38356,43.68456]]}},{"type":"Feature","properties":{"usage":"main"},"geometry":{"type":"LineString","coordinates":[[-79.39773,43.67815],[-79.3982,43.67794]]}},{"type":"Feature","properties":{"usage":"main"},"geometry":{"type":"LineString","coordinates":[[-79.37043,43.69108],[-79.37135,43.69014]]}},{"type":"Feature","properties":{"usage":"main"},"geometry":{"type":"LineString","coordinates":[[-79.39136,43.68104],[-79.39297,43.68032],[-79.39477,43.67949],[-79.39618,43.67886],[-79.39723,43.67839],[-79.39773,43.67815]]}},{"type":"Feature","properties":{"usage":"main"},"geometry":{"type":"LineString","coordinates":[[-79.58548,43.77267],[-79.58568,43.77282],[-79.587,43.77378],[-79.58832,43.77475],[-79.58967,43.77596],[-79.59123,43.77782],[-79.59278,43.77965]]}},{"type":"Feature","properties":{"usage":"main"},"geometry":{"type":"LineString","coordinates":[[-79.36631,43.64717],[-79.36612,43.64721],[-79.36509,43.64743],[-79.36467,43.64752]]}},{"type":"Feature","properties":{"usage":"main"},"geometry":{"type":"LineString","coordinates":[[-79.3781,43.64535],[-79.37837,43.64533],[-79.37849,43.64532],[-79.37859,43.6453]]}},{"type":"Feature","properties":{"usage":"main"},"geometry":{"type":"LineString","coordinates":[[-79.37479,43.64569],[-79.37577,43.64557],[-79.37595,43.64554]]}},{"type":"Feature","properties":{"usage":"main"},"geometry":{"type":"LineString","coordinates":[[-79.37413,43.64576],[-79.37308,43.64595],[-79.37216,43.64612]]}},{"type":"Feature","properties":{"usage":"main"},"geometry":{"type":"LineString","coordinates":[[-79.3615,43.64839],[-79.36185,43.64829],[-79.36237,43.64816],[-79.36512,43.64757],[-79.36638,43.64731]]}},{"type":"Feature","properties":{"usage":"main"},"geometry":{"type":"LineString","coordinates":[[-79.37622,43.64506],[-79.376,43.6451],[-79.37424,43.64548],[-79.37307,43.64572],[-79.37236,43.64588],[-79.37198,43.64596]]}},{"type":"Feature","properties":{"usage":"main"},"geometry":{"type":"LineString","coordinates":[[-79.37006,43.6466],[-79.3694,43.64674],[-79.36737,43.64717],[-79.36675,43.64727]]}},{"type":"Feature","properties":{"usage":"main"},"geometry":{"type":"LineString","coordinates":[[-79.37249,43.64578],[-79.37272,43.64572],[-79.37308,43.64564],[-79.37423,43.64539],[-79.37597,43.64503],[-79.3775,43.6447]]}},{"type":"Feature","properties":{"usage":"main"},"geometry":{"type":"LineString","coordinates":[[-79.36146,43.64828],[-79.36181,43.64819],[-79.36236,43.64805],[-79.3643,43.64764],[-79.36509,43.64747],[-79.36633,43.6472]]}},{"type":"Feature","properties":{"usage":"main"},"geometry":{"type":"LineString","coordinates":[[-79.37654,43.6455],[-79.37739,43.64544],[-79.3781,43.64535]]}},{"type":"Feature","properties":{"usage":"main"},"geometry":{"type":"LineString","coordinates":[[-79.37004,43.64653],[-79.3694,43.64666]]}},{"type":"Feature","properties":{"usage":"main"},"geometry":{"type":"LineString","coordinates":[[-79.37479,43.64569],[-79.37459,43.64572],[-79.37396,43.64584],[-79.37384,43.64586],[-79.37307,43.646],[-79.37163,43.64627],[-79.37052,43.6465],[-79.37038,43.64653]]}},{"type":"Feature","properties":{"usage":"main"},"geometry":{"type":"LineString","coordinates":[[-79.37574,43.6452],[-79.37425,43.64552],[-79.37307,43.64576],[-79.37267,43.64585]]}},{"type":"Feature","properties":{"usage":"main"},"geometry":{"type":"LineString","coordinates":[[-79.37738,43.6454],[-79.37654,43.6455]]}},{"type":"Feature","properties":{"usage":"main"},"geometry":{"type":"LineString","coordinates":[[-79.37035,43.64642],[-79.37003,43.64649]]}},{"type":"Feature","properties":{"usage":"main"},"geometry":{"type":"LineString","coordinates":[[-79.38032,43.64452],[-79.37722,43.64518],[-79.37702,43.64522],[-79.37684,43.64525],[-79.37648,43.64531],[-79.37612,43.64536],[-79.37545,43.64548],[-79.37475,43.64561]]}},{"type":"Feature","properties":{"usage":"main"},"geometry":{"type":"LineString","coordinates":[[-79.36998,43.6465],[-79.36929,43.64665],[-79.36668,43.6472]]}},{"type":"Feature","properties":{"usage":"main"},"geometry":{"type":"LineString","coordinates":[[-79.36149,43.64835],[-79.36184,43.64826],[-79.36236,43.64813],[-79.36279,43.64803],[-79.36511,43.64754]]}},{"type":"Feature","properties":{"usage":"main"},"geometry":{"type":"LineString","coordinates":[[-79.37033,43.64639],[-79.37002,43.64645]]}},{"type":"Feature","properties":{"usage":"main"},"geometry":{"type":"LineString","coordinates":[[-79.37673,43.64544],[-79.37654,43.64546],[-79.3762,43.64551],[-79.37595,43.64554]]}},{"type":"Feature","properties":{"usage":"main"},"geometry":{"type":"LineString","coordinates":[[-79.37605,43.64521],[-79.37521,43.64538],[-79.37486,43.64545],[-79.37458,43.64551]]}},{"type":"Feature","properties":{"usage":"main"},"geometry":{"type":"LineString","coordinates":[[-79.37037,43.64649],[-79.37006,43.64656]]}},{"type":"Feature","properties":{"usage":"main"},"geometry":{"type":"LineString","coordinates":[[-79.38252,43.64421],[-79.38038,43.64467],[-79.37751,43.64527],[-79.37704,43.64535],[-79.37652,43.64542],[-79.37616,43.64547],[-79.37604,43.64548]]}},{"type":"Feature","properties":{"usage":"main"},"geometry":{"type":"LineString","coordinates":[[-79.37031,43.64632],[-79.36999,43.64639]]}},{"type":"Feature","properties":{"usage":"main"},"geometry":{"type":"LineString","coordinates":[[-79.36667,43.64717],[-79.36635,43.64724]]}},{"type":"Feature","properties":{"usage":"main"},"geometry":{"type":"LineString","coordinates":[[-79.36669,43.64724],[-79.36638,43.64731]]}},{"type":"Feature","properties":{"usage":"main"},"geometry":{"type":"LineString","coordinates":[[-79.37217,43.646],[-79.37162,43.64611],[-79.37049,43.64635]]}},{"type":"Feature","properties":{"usage":"main"},"geometry":{"type":"LineString","coordinates":[[-79.36999,43.64639],[-79.36772,43.64687],[-79.36664,43.6471]]}},{"type":"Feature","properties":{"usage":"main"},"geometry":{"type":"LineString","coordinates":[[-79.36664,43.6471],[-79.36631,43.64717]]}},{"type":"Feature","properties":{"usage":"main"},"geometry":{"type":"LineString","coordinates":[[-79.36511,43.64754],[-79.36636,43.64727]]}},{"type":"Feature","properties":{"usage":"main"},"geometry":{"type":"LineString","coordinates":[[-79.36153,43.64842],[-79.36185,43.64833],[-79.36228,43.64822],[-79.36238,43.6482],[-79.36339,43.64798],[-79.36512,43.64761],[-79.36639,43.64734]]}},{"type":"Feature","properties":{"usage":"main"},"geometry":{"type":"LineString","coordinates":[[-79.37038,43.64653],[-79.37006,43.6466]]}},{"type":"Feature","properties":{"usage":"main"},"geometry":{"type":"LineString","coordinates":[[-79.37032,43.64635],[-79.37001,43.64642]]}},{"type":"Feature","properties":{"usage":"main"},"geometry":{"type":"LineString","coordinates":[[-79.3667,43.64728],[-79.36639,43.64734]]}},{"type":"Feature","properties":{"usage":"main"},"geometry":{"type":"LineString","coordinates":[[-79.37036,43.64646],[-79.37004,43.64653]]}},{"type":"Feature","properties":{"usage":"main"},"geometry":{"type":"LineString","coordinates":[[-79.3775,43.6447],[-79.37796,43.6446],[-79.3785,43.64446],[-79.37878,43.64438],[-79.37933,43.64423],[-79.37979,43.64413],[-79.38013,43.64405],[-79.38065,43.64394],[-79.38204,43.64365],[-79.38227,43.64361]]}},{"type":"Feature","properties":{"usage":"main"},"geometry":{"type":"LineString","coordinates":[[-79.37675,43.6449],[-79.37589,43.64508],[-79.37424,43.64544],[-79.37308,43.64568],[-79.37235,43.64584],[-79.37192,43.64594]]}},{"type":"Feature","properties":{"usage":"main"},"geometry":{"type":"LineString","coordinates":[[-79.37006,43.64656],[-79.36941,43.6467],[-79.36881,43.64683]]}},{"type":"Feature","properties":{"usage":"main"},"geometry":{"type":"LineString","coordinates":[[-79.36666,43.64713],[-79.36633,43.6472]]}},{"type":"Feature","properties":{"usage":"main"},"geometry":{"type":"LineString","coordinates":[[-79.36668,43.6472],[-79.36636,43.64727]]}},{"type":"Feature","properties":{"usage":"main"},"geometry":{"type":"LineString","coordinates":[[-79.36148,43.64832],[-79.36182,43.64822],[-79.36237,43.64809],[-79.36293,43.64796],[-79.3651,43.6475],[-79.36635,43.64724]]}},{"type":"Feature","properties":{"usage":"main"},"geometry":{"type":"LineString","coordinates":[[-79.37001,43.64642],[-79.36666,43.64713]]}},{"type":"Feature","properties":{"usage":"main"},"geometry":{"type":"LineString","coordinates":[[-79.37002,43.64645],[-79.36778,43.64693],[-79.36667,43.64717]]}},{"type":"Feature","properties":{"usage":"main"},"geometry":{"type":"LineString","coordinates":[[-79.35889,43.64925],[-79.35796,43.64956],[-79.35702,43.64989],[-79.35688,43.64994]]}},{"type":"Feature","properties":{"usage":"main"},"geometry":{"type":"LineString","coordinates":[[-79.36146,43.64828],[-79.36136,43.64831],[-79.36118,43.64837]]}},{"type":"Feature","properties":{"usage":"main"},"geometry":{"type":"LineString","coordinates":[[-79.35683,43.64983],[-79.35712,43.64973],[-79.35837,43.64931],[-79.35844,43.64928],[-79.35939,43.64896],[-79.35986,43.64881],[-79.36095,43.64844],[-79.36118,43.64837]]}},{"type":"Feature","properties":{"usage":"main"},"geometry":{"type":"LineString","coordinates":[[-79.36149,43.64835],[-79.36139,43.64839],[-79.36121,43.64844]]}},{"type":"Feature","properties":{"usage":"main"},"geometry":{"type":"LineString","coordinates":[[-79.3612,43.6484],[-79.36053,43.64862],[-79.35895,43.64915],[-79.35837,43.64934],[-79.35785,43.64952],[-79.35685,43.64987]]}},{"type":"Feature","properties":{"usage":"main"},"geometry":{"type":"LineString","coordinates":[[-79.35691,43.64998],[-79.35751,43.64976],[-79.35786,43.64964],[-79.35813,43.64955],[-79.3594,43.64912],[-79.3596,43.64906]]}},{"type":"Feature","properties":{"usage":"main"},"geometry":{"type":"LineString","coordinates":[[-79.36153,43.64842],[-79.36142,43.64846],[-79.36125,43.64851]]}},{"type":"Feature","properties":{"usage":"main"},"geometry":{"type":"LineString","coordinates":[[-79.35682,43.6498],[-79.35708,43.6497],[-79.35768,43.6495],[-79.35844,43.64924]]}},{"type":"Feature","properties":{"usage":"main"},"geometry":{"type":"LineString","coordinates":[[-79.36148,43.64832],[-79.36137,43.64835],[-79.3612,43.6484]]}},{"type":"Feature","properties":{"usage":"main"},"geometry":{"type":"LineString","coordinates":[[-79.36121,43.64844],[-79.36099,43.64851],[-79.35979,43.64891],[-79.3585,43.64934],[-79.35824,43.64943]]}},{"type":"Feature","properties":{"usage":"main"},"geometry":{"type":"LineString","coordinates":[[-79.3615,43.64839],[-79.3614,43.64842],[-79.36124,43.64847]]}},{"type":"Feature","properties":{"usage":"main"},"geometry":{"type":"LineString","coordinates":[[-79.35844,43.64924],[-79.35883,43.64911],[-79.35985,43.64877],[-79.36092,43.64841],[-79.36116,43.64833]]}},{"type":"Feature","properties":{"usage":"main"},"geometry":{"type":"LineString","coordinates":[[-79.3566,43.64997],[-79.35621,43.65013],[-79.35574,43.65035],[-79.35529,43.65059],[-79.3533,43.65165]]}},{"type":"Feature","properties":{"usage":"main"},"geometry":{"type":"LineString","coordinates":[[-79.3566,43.64997],[-79.35685,43.64987]]}},{"type":"Feature","properties":{"usage":"main"},"geometry":{"type":"LineString","coordinates":[[-79.35691,43.64998],[-79.35678,43.65003],[-79.35668,43.65007]]}},{"type":"Feature","properties":{"usage":"main"},"geometry":{"type":"LineString","coordinates":[[-79.35657,43.64989],[-79.35682,43.6498]]}},{"type":"Feature","properties":{"usage":"main"},"geometry":{"type":"LineString","coordinates":[[-79.35108,43.6528],[-79.3511,43.65279],[-79.35171,43.65246],[-79.35284,43.65185],[-79.35361,43.65144]]}},{"type":"Feature","properties":{"usage":"main"},"geometry":{"type":"LineString","coordinates":[[-79.35661,43.65001],[-79.35687,43.6499]]}},{"type":"Feature","properties":{"usage":"main"},"geometry":{"type":"LineString","coordinates":[[-79.3503,43.65332],[-79.35103,43.65292],[-79.35173,43.65254],[-79.3529,43.65192],[-79.35453,43.65104]]}},{"type":"Feature","properties":{"usage":"main"},"geometry":{"type":"LineString","coordinates":[[-79.35663,43.65005],[-79.35688,43.64994]]}},{"type":"Feature","properties":{"usage":"main"},"geometry":{"type":"LineString","coordinates":[[-79.35659,43.64993],[-79.35683,43.64983]]}},{"type":"Feature","properties":{"usage":"main"},"geometry":{"type":"LineString","coordinates":[[-79.40286,43.64036],[-79.40338,43.64031],[-79.40379,43.64027],[-79.40444,43.64021],[-79.40488,43.64018],[-79.40546,43.64016],[-79.40597,43.64016]]}},{"type":"Feature","properties":{"usage":"main"},"geometry":{"type":"LineString","coordinates":[[-79.4016,43.64035],[-79.40115,43.64041]]}},{"type":"Feature","properties":{"usage":"main"},"geometry":{"type":"LineString","coordinates":[[-79.4029,43.64026],[-79.40243,43.64031],[-79.40204,43.64035],[-79.4019,43.64037],[-79.40145,43.64041],[-79.40105,43.64046]]}},{"type":"Feature","properties":{"usage":"main"},"geometry":{"type":"LineString","coordinates":[[-79.40176,43.64043],[-79.40153,43.64045],[-79.40113,43.6405]]}},{"type":"Feature","properties":{"usage":"main"},"geometry":{"type":"LineString","coordinates":[[-79.40115,43.64041],[-79.40043,43.6405],[-79.39953,43.64061]]}},{"type":"Feature","properties":{"usage":"main"},"geometry":{"type":"LineString","coordinates":[[-79.40138,43.64031],[-79.40103,43.64034],[-79.40092,43.64035],[-79.39993,43.64045],[-79.39914,43.64055],[-79.39876,43.6406],[-79.39842,43.64067],[-79.39783,43.64079],[-79.39725,43.64094],[-79.39668,43.64108],[-79.39582,43.64129],[-79.39435,43.64161],[-79.39324,43.64183],[-79.39222,43.64204],[-79.39108,43.64228],[-79.38968,43.64256],[-79.38838,43.64284]]}},{"type":"Feature","properties":{"usage":"main"},"geometry":{"type":"LineString","coordinates":[[-79.45397,43.63918],[-79.45368,43.63916]]}},{"type":"Feature","properties":{"usage":"main"},"geometry":{"type":"LineString","coordinates":[[-79.45914,43.639],[-79.4584,43.63909],[-79.4577,43.63916],[-79.45703,43.6392],[-79.45593,43.63923],[-79.45542,43.63922],[-79.45466,43.63921],[-79.45397,43.63918]]}},{"type":"Feature","properties":{"usage":"main"},"geometry":{"type":"LineString","coordinates":[[-79.46617,43.63724],[-79.46592,43.63734]]}},{"type":"Feature","properties":{"usage":"main"},"geometry":{"type":"LineString","coordinates":[[-79.454,43.63925],[-79.45371,43.63924]]}},{"type":"Feature","properties":{"usage":"main"},"geometry":{"type":"LineString","coordinates":[[-79.45944,43.63904],[-79.45916,43.63908]]}},{"type":"Feature","properties":{"usage":"main"},"geometry":{"type":"LineString","coordinates":[[-79.4688,43.6361],[-79.4668,43.63698],[-79.46617,43.63724]]}},{"type":"Feature","properties":{"usage":"main"},"geometry":{"type":"LineString","coordinates":[[-79.46595,43.63737],[-79.46494,43.63774],[-79.46442,43.63791],[-79.46292,43.63837],[-79.46182,43.63864],[-79.46071,43.63886],[-79.45945,43.63907]]}},{"type":"Feature","properties":{"usage":"main"},"geometry":{"type":"LineString","coordinates":[[-79.45398,43.63922],[-79.4537,43.6392]]}},{"type":"Feature","properties":{"usage":"main"},"geometry":{"type":"LineString","coordinates":[[-79.46875,43.63604],[-79.46674,43.63692],[-79.46612,43.63718]]}},{"type":"Feature","properties":{"usage":"main"},"geometry":{"type":"LineString","coordinates":[[-79.46619,43.63728],[-79.46595,43.63737]]}},{"type":"Feature","properties":{"usage":"main"},"geometry":{"type":"LineString","coordinates":[[-79.46587,43.63728],[-79.46488,43.63764],[-79.46436,43.63782],[-79.46286,43.63827],[-79.46179,43.63853],[-79.4607,43.63876],[-79.45942,43.63897]]}},{"type":"Feature","properties":{"usage":"main"},"geometry":{"type":"LineString","coordinates":[[-79.45942,43.63897],[-79.45914,43.639]]}},{"type":"Feature","properties":{"usage":"main"},"geometry":{"type":"LineString","coordinates":[[-79.4659,43.63731],[-79.4649,43.63767],[-79.46438,43.63785],[-79.46288,43.6383],[-79.4618,43.63856],[-79.4607,43.63879],[-79.45943,43.639]]}},{"type":"Feature","properties":{"usage":"main"},"geometry":{"type":"LineString","coordinates":[[-79.46592,43.63734],[-79.46492,43.6377],[-79.4644,43.63788],[-79.4629,43.63833],[-79.46181,43.6386],[-79.4607,43.63883],[-79.45944,43.63904]]}},{"type":"Feature","properties":{"usage":"main"},"geometry":{"type":"LineString","coordinates":[[-79.46877,43.63607],[-79.46677,43.63695],[-79.46614,43.63721]]}},{"type":"Feature","properties":{"usage":"main"},"geometry":{"type":"LineString","coordinates":[[-79.46614,43.63721],[-79.4659,43.63731]]}},{"type":"Feature","properties":{"usage":"main"},"geometry":{"type":"LineString","coordinates":[[-79.46612,43.63718],[-79.46587,43.63728]]}},{"type":"Feature","properties":{"usage":"main"},"geometry":{"type":"LineString","coordinates":[[-79.45915,43.63904],[-79.45841,43.63913],[-79.45771,43.63919],[-79.45704,43.63923],[-79.45593,43.63926],[-79.45542,43.63926],[-79.45466,43.63924],[-79.45398,43.63922]]}},{"type":"Feature","properties":{"usage":"main"},"geometry":{"type":"LineString","coordinates":[[-79.45916,43.63908],[-79.45841,43.63916],[-79.45834,43.63917],[-79.45772,43.63923],[-79.45705,43.63927],[-79.45592,43.6393],[-79.45543,43.6393],[-79.45466,43.63928],[-79.454,43.63925]]}},{"type":"Feature","properties":{"usage":"main"},"geometry":{"type":"LineString","coordinates":[[-79.45943,43.639],[-79.45915,43.63904]]}},{"type":"Feature","properties":{"usage":"main"},"geometry":{"type":"LineString","coordinates":[[-79.46899,43.63598],[-79.46893,43.636],[-79.46877,43.63607]]}},{"type":"Feature","properties":{"usage":"main"},"geometry":{"type":"LineString","coordinates":[[-79.46901,43.63601],[-79.4688,43.6361]]}},{"type":"Feature","properties":{"usage":"main"},"geometry":{"type":"LineString","coordinates":[[-79.46897,43.63595],[-79.46875,43.63604]]}},{"type":"Feature","properties":{"usage":"main"},"geometry":{"type":"LineString","coordinates":[[-79.47239,43.63452],[-79.47218,43.63461]]}},{"type":"Feature","properties":{"usage":"main"},"geometry":{"type":"LineString","coordinates":[[-79.47236,43.63448],[-79.47215,43.63459]]}},{"type":"Feature","properties":{"usage":"main"},"geometry":{"type":"LineString","coordinates":[[-79.47234,43.63445],[-79.47212,43.63456]]}},{"type":"Feature","properties":{"usage":"main"},"geometry":{"type":"LineString","coordinates":[[-79.47212,43.63456],[-79.46897,43.63595]]}},{"type":"Feature","properties":{"usage":"main"},"geometry":{"type":"LineString","coordinates":[[-79.47215,43.63459],[-79.46899,43.63598]]}},{"type":"Feature","properties":{"usage":"main"},"geometry":{"type":"LineString","coordinates":[[-79.47218,43.63461],[-79.46901,43.63601]]}},{"type":"Feature","properties":{"usage":"main"},"geometry":{"type":"LineString","coordinates":[[-79.47397,43.63366],[-79.4731,43.63415],[-79.47239,43.63452]]}},{"type":"Feature","properties":{"usage":"main"},"geometry":{"type":"LineString","coordinates":[[-79.47388,43.63362],[-79.47304,43.63409],[-79.47234,43.63445]]}},{"type":"Feature","properties":{"usage":"main"},"geometry":{"type":"LineString","coordinates":[[-79.47393,43.63364],[-79.47307,43.63412],[-79.47236,43.63448]]}},{"type":"Feature","properties":{"usage":"main"},"geometry":{"type":"LineString","coordinates":[[-79.47595,43.63226],[-79.47529,43.63275],[-79.47461,43.63322]]}},{"type":"Feature","properties":{"usage":"main"},"geometry":{"type":"LineString","coordinates":[[-79.47598,43.63229],[-79.47533,43.63277],[-79.47465,43.63324]]}},{"type":"Feature","properties":{"usage":"main"},"geometry":{"type":"LineString","coordinates":[[-79.47456,43.6332],[-79.47388,43.63362]]}},{"type":"Feature","properties":{"usage":"main"},"geometry":{"type":"LineString","coordinates":[[-79.47465,43.63324],[-79.47397,43.63366]]}},{"type":"Feature","properties":{"usage":"main"},"geometry":{"type":"LineString","coordinates":[[-79.47591,43.63224],[-79.47526,43.63272],[-79.47456,43.6332]]}},{"type":"Feature","properties":{"usage":"main"},"geometry":{"type":"LineString","coordinates":[[-79.47461,43.63322],[-79.47393,43.63364]]}},{"type":"Feature","properties":{"usage":"main"},"geometry":{"type":"LineString","coordinates":[[-79.47636,43.63201],[-79.47598,43.63229]]}},{"type":"Feature","properties":{"usage":"main"},"geometry":{"type":"LineString","coordinates":[[-79.47639,43.63203],[-79.47602,43.63231]]}},{"type":"Feature","properties":{"usage":"main"},"geometry":{"type":"LineString","coordinates":[[-79.47602,43.63231],[-79.47537,43.6328],[-79.47469,43.63326]]}},{"type":"Feature","properties":{"usage":"main"},"geometry":{"type":"LineString","coordinates":[[-79.47632,43.63198],[-79.47595,43.63226]]}},{"type":"Feature","properties":{"usage":"main"},"geometry":{"type":"LineString","coordinates":[[-79.47628,43.63196],[-79.47591,43.63224]]}},{"type":"Feature","properties":{"usage":"main"},"geometry":{"type":"LineString","coordinates":[[-79.47829,43.63044],[-79.47811,43.63058],[-79.47741,43.63111],[-79.47628,43.63196]]}},{"type":"Feature","properties":{"usage":"main"},"geometry":{"type":"LineString","coordinates":[[-79.47836,43.63049],[-79.47818,43.63063],[-79.47748,43.63116],[-79.47636,43.63201]]}},{"type":"Feature","properties":{"usage":"main"},"geometry":{"type":"LineString","coordinates":[[-79.47842,43.63039],[-79.47832,43.63047]]}},{"type":"Feature","properties":{"usage":"main"},"geometry":{"type":"LineString","coordinates":[[-79.47832,43.63047],[-79.47814,43.6306],[-79.47745,43.63113],[-79.47632,43.63198]]}},{"type":"Feature","properties":{"usage":"main"},"geometry":{"type":"LineString","coordinates":[[-79.47845,43.63042],[-79.47836,43.63049]]}},{"type":"Feature","properties":{"usage":"main"},"geometry":{"type":"LineString","coordinates":[[-79.47839,43.63037],[-79.47829,43.63044]]}},{"type":"Feature","properties":{"usage":"main"},"geometry":{"type":"LineString","coordinates":[[-79.48159,43.62799],[-79.48092,43.6285],[-79.48071,43.62866],[-79.47981,43.62934],[-79.47956,43.62952],[-79.47842,43.63039]]}},{"type":"Feature","properties":{"usage":"main"},"geometry":{"type":"LineString","coordinates":[[-79.48154,43.62796],[-79.47978,43.62931],[-79.47848,43.6303],[-79.47839,43.63037]]}},{"type":"Feature","properties":{"usage":"main"},"geometry":{"type":"LineString","coordinates":[[-79.48162,43.62801],[-79.47985,43.62936],[-79.47973,43.62945],[-79.47949,43.62963],[-79.47845,43.63042]]}},{"type":"Feature","properties":{"usage":"main"},"geometry":{"type":"LineString","coordinates":[[-79.48699,43.62388],[-79.48673,43.62407]]}},{"type":"Feature","properties":{"usage":"main"},"geometry":{"type":"LineString","coordinates":[[-79.4867,43.62404],[-79.48542,43.62503]]}},{"type":"Feature","properties":{"usage":"main"},"geometry":{"type":"LineString","coordinates":[[-79.48677,43.6241],[-79.48549,43.62507]]}},{"type":"Feature","properties":{"usage":"main"},"geometry":{"type":"LineString","coordinates":[[-79.48501,43.62534],[-79.48331,43.62663],[-79.48267,43.62712],[-79.48154,43.62796]]}},{"type":"Feature","properties":{"usage":"main"},"geometry":{"type":"LineString","coordinates":[[-79.48546,43.62505],[-79.48504,43.62537]]}},{"type":"Feature","properties":{"usage":"main"},"geometry":{"type":"LineString","coordinates":[[-79.48508,43.62539],[-79.48344,43.62665],[-79.48218,43.62759],[-79.48194,43.62777],[-79.48162,43.62801]]}},{"type":"Feature","properties":{"usage":"main"},"geometry":{"type":"LineString","coordinates":[[-79.48696,43.62385],[-79.4867,43.62404]]}},{"type":"Feature","properties":{"usage":"main"},"geometry":{"type":"LineString","coordinates":[[-79.48703,43.6239],[-79.48677,43.6241]]}},{"type":"Feature","properties":{"usage":"main"},"geometry":{"type":"LineString","coordinates":[[-79.48673,43.62407],[-79.48546,43.62505]]}},{"type":"Feature","properties":{"usage":"main"},"geometry":{"type":"LineString","coordinates":[[-79.48542,43.62503],[-79.48501,43.62534]]}},{"type":"Feature","properties":{"usage":"main"},"geometry":{"type":"LineString","coordinates":[[-79.48504,43.62537],[-79.48338,43.62664],[-79.4817,43.6279],[-79.48159,43.62799]]}},{"type":"Feature","properties":{"usage":"main"},"geometry":{"type":"LineString","coordinates":[[-79.48549,43.62507],[-79.48508,43.62539]]}},{"type":"Feature","properties":{"usage":"main"},"geometry":{"type":"LineString","coordinates":[[-79.49828,43.61559],[-79.49825,43.6156]]}},{"type":"Feature","properties":{"usage":"main"},"geometry":{"type":"LineString","coordinates":[[-79.49158,43.62044],[-79.49082,43.62103],[-79.49064,43.62116],[-79.49055,43.62123],[-79.48996,43.62168],[-79.48805,43.62313],[-79.48703,43.6239]]}},{"type":"Feature","properties":{"usage":"main"},"geometry":{"type":"LineString","coordinates":[[-79.49155,43.62042],[-79.4906,43.62114],[-79.48991,43.62166],[-79.48801,43.62311],[-79.48699,43.62388]]}},{"type":"Feature","properties":{"usage":"main"},"geometry":{"type":"LineString","coordinates":[[-79.59078,43.55268],[-79.59163,43.5519]]}},{"type":"Feature","properties":{"usage":"main"},"geometry":{"type":"LineString","coordinates":[[-79.57613,43.56619],[-79.57637,43.56596],[-79.57649,43.56585],[-79.57717,43.56523],[-79.57777,43.56469],[-79.57873,43.56379],[-79.57944,43.56315],[-79.5804,43.56227],[-79.58117,43.56155],[-79.58245,43.56039],[-79.58293,43.55995],[-79.58508,43.55797]]}},{"type":"Feature","properties":{"usage":"main"},"geometry":{"type":"LineString","coordinates":[[-79.57603,43.56616],[-79.5763,43.56591],[-79.57638,43.56584],[-79.57708,43.56519],[-79.57767,43.56466],[-79.57863,43.56377],[-79.57934,43.56312],[-79.5803,43.56224],[-79.58068,43.56189],[-79.58107,43.56152],[-79.5815,43.56114],[-79.58236,43.56035],[-79.58285,43.5599],[-79.58502,43.55791]]}},{"type":"Feature","properties":{"usage":"main"},"geometry":{"type":"LineString","coordinates":[[-79.57603,43.56616],[-79.57569,43.56647],[-79.575,43.56711],[-79.57402,43.56801]]}},{"type":"Feature","properties":{"usage":"main"},"geometry":{"type":"LineString","coordinates":[[-79.57402,43.56801],[-79.57391,43.56811]]}},{"type":"Feature","properties":{"usage":"main"},"geometry":{"type":"LineString","coordinates":[[-79.49829,43.61568],[-79.49871,43.6154],[-79.49898,43.61523],[-79.49974,43.61477],[-79.50066,43.61422],[-79.50124,43.6139],[-79.50214,43.61344],[-79.50303,43.613],[-79.50382,43.6126],[-79.50386,43.61258],[-79.5047,43.61216],[-79.50564,43.6117],[-79.50673,43.61116],[-79.50746,43.6108],[-79.50795,43.61056],[-79.5096,43.60973],[-79.5105,43.60929],[-79.51633,43.60639],[-79.51741,43.60586],[-79.51954,43.6048],[-79.51981,43.60467],[-79.52303,43.60306],[-79.5242,43.60248],[-79.52513,43.60202],[-79.52551,43.60183]]}},{"type":"Feature","properties":{"usage":"main"},"geometry":{"type":"LineString","coordinates":[[-79.57398,43.56815],[-79.57329,43.56879],[-79.57293,43.56912],[-79.57223,43.56975],[-79.57111,43.57072],[-79.5706,43.57121],[-79.56974,43.572]]}},{"type":"Feature","properties":{"usage":"main"},"geometry":{"type":"LineString","coordinates":[[-79.57409,43.56805],[-79.57398,43.56815]]}},{"type":"Feature","properties":{"usage":"main"},"geometry":{"type":"LineString","coordinates":[[-79.57613,43.56619],[-79.57577,43.56652],[-79.57508,43.56715],[-79.57409,43.56805]]}},{"type":"Feature","properties":{"usage":"main"},"geometry":{"type":"LineString","coordinates":[[-79.57608,43.56617],[-79.57571,43.56651],[-79.57537,43.56683],[-79.57505,43.56712],[-79.57406,43.56803]]}},{"type":"Feature","properties":{"usage":"main"},"geometry":{"type":"LineString","coordinates":[[-79.58534,43.55761],[-79.58502,43.55791]]}},{"type":"Feature","properties":{"usage":"main"},"geometry":{"type":"LineString","coordinates":[[-79.58542,43.55766],[-79.58508,43.55797]]}},{"type":"Feature","properties":{"usage":"main"},"geometry":{"type":"LineString","coordinates":[[-79.5428,43.75472],[-79.54324,43.75492]]}},{"type":"Feature","properties":{"usage":"main"},"geometry":{"type":"LineString","coordinates":[[-79.53977,43.75235],[-79.54006,43.75264]]}},{"type":"Feature","properties":{"usage":"main"},"geometry":{"type":"LineString","coordinates":[[-79.54006,43.75264],[-79.5404,43.75301],[-79.54074,43.75336]]}},{"type":"Feature","properties":{"usage":"main"},"geometry":{"type":"LineString","coordinates":[[-79.54074,43.75336],[-79.54091,43.75352],[-79.54126,43.75386],[-79.54192,43.75429],[-79.54259,43.75463],[-79.5428,43.75472]]}},{"type":"Feature","properties":{"usage":"branch"},"geometry":{"type":"LineString","coordinates":[[-79.17313,43.93927],[-79.17324,43.93911]]}},{"type":"Feature","properties":{"usage":"branch"},"geometry":{"type":"LineString","coordinates":[[-79.16469,43.95109],[-79.16479,43.95094]]}},{"type":"Feature","properties":{"usage":"branch"},"geometry":{"type":"LineString","coordinates":[[-79.17324,43.93911],[-79.17392,43.93815],[-79.17509,43.93655],[-79.17623,43.93492],[-79.17818,43.93219],[-79.17917,43.93081],[-79.18129,43.9278],[-79.18373,43.92433],[-79.18636,43.92072],[-79.18733,43.91937]]}},{"type":"Feature","properties":{"usage":"branch"},"geometry":{"type":"LineString","coordinates":[[-79.16479,43.95094],[-79.16609,43.94914],[-79.16743,43.94726],[-79.16877,43.94537],[-79.1691,43.94489],[-79.17092,43.94236],[-79.17122,43.94192],[-79.17313,43.93927]]}},{"type":"Feature","properties":{"usage":"main"},"geometry":{"type":"LineString","coordinates":[[-79.40424,43.64011],[-79.40407,43.64013]]}},{"type":"Feature","properties":{"usage":"main"},"geometry":{"type":"LineString","coordinates":[[-79.40351,43.64025],[-79.40361,43.64024]]}},{"type":"Feature","properties":{"usage":"main"},"geometry":{"type":"LineString","coordinates":[[-79.40308,43.64025],[-79.4029,43.64026]]}},{"type":"Feature","properties":{"usage":"main"},"geometry":{"type":"LineString","coordinates":[[-79.40351,43.64025],[-79.40245,43.64035],[-79.40187,43.64042]]}},{"type":"Feature","properties":{"usage":"main"},"geometry":{"type":"LineString","coordinates":[[-79.40308,43.64025],[-79.40388,43.64018],[-79.4041,43.64015],[-79.40435,43.64013]]}},{"type":"Feature","properties":{"usage":"main"},"geometry":{"type":"LineString","coordinates":[[-79.40177,43.64047],[-79.40158,43.64049],[-79.40113,43.64054]]}},{"type":"Feature","properties":{"usage":"main"},"geometry":{"type":"LineString","coordinates":[[-79.40435,43.64013],[-79.40487,43.6401],[-79.40543,43.64008],[-79.4064,43.64008],[-79.40762,43.64011]]}},{"type":"Feature","properties":{"usage":"main"},"geometry":{"type":"LineString","coordinates":[[-79.40579,43.64012],[-79.40669,43.64013],[-79.40773,43.64016],[-79.40848,43.64019],[-79.40966,43.64022],[-79.40969,43.64022]]}},{"type":"Feature","properties":{"usage":"main"},"geometry":{"type":"LineString","coordinates":[[-79.38495,43.6434],[-79.38463,43.64346]]}},{"type":"Feature","properties":{"usage":"main"},"geometry":{"type":"LineString","coordinates":[[-79.38781,43.643],[-79.38752,43.64306],[-79.38729,43.64311]]}},{"type":"Feature","properties":{"usage":"main"},"geometry":{"type":"LineString","coordinates":[[-79.40139,43.64034],[-79.40086,43.64041],[-79.39976,43.64054]]}},{"type":"Feature","properties":{"usage":"main"},"geometry":{"type":"LineString","coordinates":[[-79.39953,43.64061],[-79.3993,43.64065],[-79.3988,43.64071],[-79.39842,43.64078],[-79.39818,43.64083],[-79.3978,43.64091],[-79.39742,43.64101],[-79.39678,43.64118]]}},{"type":"Feature","properties":{"usage":"main"},"geometry":{"type":"LineString","coordinates":[[-79.37654,43.6455],[-79.3762,43.64552],[-79.37595,43.64554]]}},{"type":"Feature","properties":{"usage":"main"},"geometry":{"type":"LineString","coordinates":[[-79.3728,43.64596],[-79.37243,43.64602],[-79.37163,43.64619],[-79.37036,43.64646]]}},{"type":"Feature","properties":{"usage":"main"},"geometry":{"type":"LineString","coordinates":[[-79.37267,43.64585],[-79.37161,43.64608],[-79.37149,43.6461]]}},{"type":"Feature","properties":{"usage":"main"},"geometry":{"type":"LineString","coordinates":[[-79.37034,43.64631],[-79.37031,43.64632]]}},{"type":"Feature","properties":{"usage":"main"},"geometry":{"type":"LineString","coordinates":[[-79.37198,43.64596],[-79.37151,43.64606]]}},{"type":"Feature","properties":{"usage":"main"},"geometry":{"type":"LineString","coordinates":[[-79.37151,43.64606],[-79.37099,43.64618],[-79.37034,43.64631]]}},{"type":"Feature","properties":{"usage":"main"},"geometry":{"type":"LineString","coordinates":[[-79.37409,43.64568],[-79.37343,43.6458],[-79.37308,43.64586],[-79.37279,43.64592]]}},{"type":"Feature","properties":{"usage":"main"},"geometry":{"type":"LineString","coordinates":[[-79.37279,43.64592],[-79.37221,43.64602],[-79.37162,43.64615],[-79.37035,43.64642]]}},{"type":"Feature","properties":{"usage":"main"},"geometry":{"type":"LineString","coordinates":[[-79.40407,43.64013],[-79.40367,43.64016],[-79.40312,43.64021],[-79.40277,43.64024],[-79.40253,43.64026],[-79.40227,43.64029],[-79.4016,43.64035]]}},{"type":"Feature","properties":{"usage":"main"},"geometry":{"type":"LineString","coordinates":[[-79.38518,43.64372],[-79.38566,43.64362],[-79.38661,43.64341],[-79.38783,43.64314]]}},{"type":"Feature","properties":{"usage":"main"},"geometry":{"type":"LineString","coordinates":[[-79.39816,43.64104],[-79.39749,43.64119],[-79.3971,43.64126],[-79.39673,43.64132],[-79.39638,43.64137],[-79.39561,43.64146],[-79.39534,43.64149],[-79.39506,43.64154],[-79.39437,43.64168],[-79.39108,43.64235],[-79.38952,43.64267]]}},{"type":"Feature","properties":{"usage":"main"},"geometry":{"type":"LineString","coordinates":[[-79.32789,43.7322],[-79.32519,43.73374]]}},{"type":"Feature","properties":{"usage":"main"},"geometry":{"type":"LineString","coordinates":[[-79.33121,43.73033],[-79.33023,43.73088]]}},{"type":"Feature","properties":{"usage":"main"},"geometry":{"type":"LineString","coordinates":[[-79.32786,43.73217],[-79.32515,43.7337]]}},{"type":"Feature","properties":{"usage":"main"},"geometry":{"type":"LineString","coordinates":[[-79.33775,43.72661],[-79.33734,43.72684],[-79.33729,43.72686],[-79.33656,43.72728],[-79.33312,43.72923],[-79.33121,43.73033]]}},{"type":"Feature","properties":{"usage":"main"},"geometry":{"type":"LineString","coordinates":[[-79.33023,43.73088],[-79.32933,43.73138],[-79.32789,43.7322]]}},{"type":"Feature","properties":{"usage":"main"},"geometry":{"type":"LineString","coordinates":[[-79.31639,43.74121],[-79.31775,43.73994],[-79.32046,43.7374],[-79.32237,43.73564],[-79.32278,43.7353],[-79.32304,43.7351],[-79.3238,43.73456],[-79.32399,43.73444],[-79.3247,43.73402],[-79.32519,43.73374]]}},{"type":"Feature","properties":{"usage":"main"},"geometry":{"type":"LineString","coordinates":[[-79.34808,43.71682],[-79.34818,43.71646],[-79.34876,43.71465]]}},{"type":"Feature","properties":{"usage":"main"},"geometry":{"type":"LineString","coordinates":[[-79.36681,43.69448],[-79.36704,43.69424]]}},{"type":"Feature","properties":{"usage":"main"},"geometry":{"type":"LineString","coordinates":[[-79.34044,43.72506],[-79.34091,43.72481],[-79.34134,43.72455],[-79.34338,43.72341],[-79.34414,43.72295],[-79.34477,43.7225],[-79.34534,43.72203],[-79.34567,43.72172],[-79.34616,43.7212],[-79.34632,43.72096],[-79.3466,43.72058],[-79.34688,43.72012],[-79.34718,43.71951],[-79.34747,43.71873],[-79.34771,43.71799]]}},{"type":"Feature","properties":{"usage":"main"},"geometry":{"type":"LineString","coordinates":[[-79.34771,43.71799],[-79.34785,43.71754]]}},{"type":"Feature","properties":{"usage":"main"},"geometry":{"type":"LineString","coordinates":[[-79.3587,43.70227],[-79.35908,43.7019]]}},{"type":"Feature","properties":{"usage":"main"},"geometry":{"type":"LineString","coordinates":[[-79.34778,43.71756],[-79.34803,43.71681]]}},{"type":"Feature","properties":{"usage":"main"},"geometry":{"type":"LineString","coordinates":[[-79.34785,43.71754],[-79.34808,43.71682]]}},{"type":"Feature","properties":{"usage":"main"},"geometry":{"type":"LineString","coordinates":[[-79.34876,43.71465],[-79.34917,43.71333],[-79.34928,43.713],[-79.34942,43.71256],[-79.34959,43.71207],[-79.34968,43.71183],[-79.34977,43.71157],[-79.34985,43.71141],[-79.35005,43.711],[-79.35024,43.71071],[-79.35048,43.71035],[-79.35066,43.7101],[-79.35089,43.70981],[-79.35108,43.70961],[-79.35122,43.70946],[-79.35196,43.70872],[-79.3532,43.70753],[-79.35437,43.70642],[-79.35573,43.70511],[-79.35638,43.70448],[-79.35773,43.70321],[-79.35841,43.70254],[-79.35854,43.70242],[-79.3587,43.70227]]}},{"type":"Feature","properties":{"usage":"main"},"geometry":{"type":"LineString","coordinates":[[-79.34803,43.71681],[-79.3481,43.71655],[-79.34871,43.71464]]}},{"type":"Feature","properties":{"usage":"main"},"geometry":{"type":"LineString","coordinates":[[-79.35908,43.7019],[-79.35969,43.7013]]}},{"type":"Feature","properties":{"usage":"main"},"geometry":{"type":"LineString","coordinates":[[-79.33986,43.7254],[-79.34044,43.72506]]}},{"type":"Feature","properties":{"usage":"main"},"geometry":{"type":"LineString","coordinates":[[-79.33775,43.72661],[-79.33986,43.7254]]}},{"type":"Feature","properties":{"usage":"main"},"geometry":{"type":"LineString","coordinates":[[-79.31596,43.74162],[-79.31639,43.74121]]}},{"type":"Feature","properties":{"usage":"main"},"geometry":{"type":"LineString","coordinates":[[-79.28625,43.77838],[-79.28799,43.7773],[-79.28839,43.77698],[-79.28932,43.77626],[-79.28994,43.77568],[-79.2905,43.7751],[-79.29137,43.77406],[-79.29164,43.77369],[-79.29237,43.77269],[-79.29266,43.77227],[-79.293,43.77176],[-79.2937,43.77075],[-79.29749,43.7652],[-79.29989,43.76162]]}},{"type":"Feature","properties":{"usage":"main"},"geometry":{"type":"LineString","coordinates":[[-79.3008,43.76027],[-79.30127,43.75957],[-79.3022,43.75819],[-79.30285,43.75724],[-79.30339,43.75645],[-79.30436,43.75502],[-79.30533,43.75359],[-79.30617,43.75236],[-79.30724,43.75077],[-79.30802,43.74964],[-79.30867,43.74876],[-79.30929,43.74802],[-79.31012,43.74711],[-79.31131,43.74595],[-79.31258,43.74477],[-79.31429,43.74318],[-79.31596,43.74162]]}},{"type":"Feature","properties":{"usage":"main"},"geometry":{"type":"LineString","coordinates":[[-79.29989,43.76162],[-79.3008,43.76027]]}},{"type":"Feature","properties":{"usage":"main"},"geometry":{"type":"LineString","coordinates":[[-79.28586,43.77864],[-79.28625,43.77838]]}},{"type":"Feature","properties":{"usage":"main"},"geometry":{"type":"LineString","coordinates":[[-79.28194,43.78114],[-79.2821,43.78104],[-79.28359,43.78009],[-79.28435,43.7796],[-79.28586,43.77864]]}},{"type":"Feature","properties":{"usage":"main"},"geometry":{"type":"LineString","coordinates":[[-79.2815,43.78142],[-79.28194,43.78114]]}},{"type":"Feature","properties":{"usage":"main"},"geometry":{"type":"LineString","coordinates":[[-79.27791,43.78364],[-79.27918,43.78289],[-79.27966,43.78261],[-79.28123,43.78161],[-79.2815,43.78142]]}},{"type":"Feature","properties":{"usage":"main"},"geometry":{"type":"LineString","coordinates":[[-79.52449,43.64657],[-79.52416,43.64683]]}},{"type":"Feature","properties":{"usage":"main"},"geometry":{"type":"LineString","coordinates":[[-79.5226,43.64811],[-79.52221,43.64844]]}},{"type":"Feature","properties":{"usage":"main"},"geometry":{"type":"LineString","coordinates":[[-79.52448,43.64652],[-79.52413,43.6468]]}},{"type":"Feature","properties":{"usage":"main"},"geometry":{"type":"LineString","coordinates":[[-79.52078,43.64986],[-79.52066,43.65004]]}},{"type":"Feature","properties":{"usage":"main"},"geometry":{"type":"LineString","coordinates":[[-79.52074,43.64984],[-79.52062,43.65001]]}},{"type":"Feature","properties":{"usage":"main"},"geometry":{"type":"LineString","coordinates":[[-79.52812,43.64351],[-79.52772,43.64385]]}},{"type":"Feature","properties":{"usage":"main"},"geometry":{"type":"LineString","coordinates":[[-79.52803,43.64353],[-79.52762,43.64387]]}},{"type":"Feature","properties":{"usage":"main"},"geometry":{"type":"LineString","coordinates":[[-79.52264,43.64812],[-79.52224,43.64846]]}},{"type":"Feature","properties":{"usage":"main"},"geometry":{"type":"LineString","coordinates":[[-79.52413,43.6468],[-79.52363,43.64723],[-79.5226,43.64811]]}},{"type":"Feature","properties":{"usage":"main"},"geometry":{"type":"LineString","coordinates":[[-79.52416,43.64683],[-79.52371,43.64723],[-79.52264,43.64812]]}},{"type":"Feature","properties":{"usage":"main"},"geometry":{"type":"LineString","coordinates":[[-79.52772,43.64385],[-79.52682,43.64459],[-79.52557,43.64566],[-79.52449,43.64657]]}},{"type":"Feature","properties":{"usage":"main"},"geometry":{"type":"LineString","coordinates":[[-79.52762,43.64387],[-79.52678,43.64458],[-79.52553,43.64564],[-79.52448,43.64652]]}},{"type":"Feature","properties":{"usage":"main"},"geometry":{"type":"LineString","coordinates":[[-79.52224,43.64846],[-79.52144,43.64915],[-79.52119,43.64938],[-79.52099,43.6496],[-79.52078,43.64986]]}},{"type":"Feature","properties":{"usage":"main"},"geometry":{"type":"LineString","coordinates":[[-79.52066,43.65004],[-79.52048,43.65032],[-79.52033,43.6506],[-79.5202,43.65089],[-79.51992,43.65162],[-79.51797,43.65677],[-79.51752,43.65772],[-79.51718,43.65822],[-79.51695,43.65853],[-79.5167,43.65879]]}},{"type":"Feature","properties":{"usage":"main"},"geometry":{"type":"LineString","coordinates":[[-79.52221,43.64844],[-79.52173,43.64883],[-79.52139,43.64914],[-79.52116,43.64936],[-79.52094,43.64961],[-79.52074,43.64984]]}},{"type":"Feature","properties":{"usage":"main"},"geometry":{"type":"LineString","coordinates":[[-79.52062,43.65001],[-79.52041,43.65033],[-79.52028,43.65059],[-79.52016,43.65086],[-79.52002,43.65123],[-79.51987,43.65163],[-79.51793,43.65676],[-79.51758,43.65751],[-79.51745,43.65775],[-79.51701,43.65836],[-79.51679,43.65862],[-79.51669,43.65874]]}},{"type":"Feature","properties":{"usage":"main"},"geometry":{"type":"LineString","coordinates":[[-79.5167,43.65879],[-79.51658,43.65893],[-79.51639,43.6591]]}},{"type":"Feature","properties":{"usage":"main"},"geometry":{"type":"LineString","coordinates":[[-79.51669,43.65874],[-79.51656,43.65887],[-79.51638,43.65905]]}},{"type":"Feature","properties":{"usage":"main"},"geometry":{"type":"LineString","coordinates":[[-79.51415,43.66097],[-79.51299,43.66196]]}},{"type":"Feature","properties":{"usage":"main"},"geometry":{"type":"LineString","coordinates":[[-79.51513,43.66007],[-79.5138,43.66121],[-79.51316,43.66176]]}},{"type":"Feature","properties":{"usage":"main"},"geometry":{"type":"LineString","coordinates":[[-79.44641,43.79644],[-79.44364,43.79706],[-79.44224,43.79743],[-79.44095,43.79785],[-79.44037,43.79807],[-79.4354,43.79987],[-79.43377,43.80048],[-79.4322,43.80104],[-79.4311,43.80145],[-79.42903,43.80223],[-79.42803,43.80257],[-79.42679,43.80295],[-79.42562,43.80324],[-79.42312,43.80378],[-79.42053,43.80434],[-79.41737,43.80502],[-79.41605,43.80531],[-79.41469,43.80568],[-79.41367,43.80601],[-79.41254,43.80642],[-79.40951,43.80765]]}},{"type":"Feature","properties":{"usage":"main"},"geometry":{"type":"LineString","coordinates":[[-79.40955,43.80767],[-79.40923,43.80781]]}},{"type":"Feature","properties":{"usage":"main"},"geometry":{"type":"LineString","coordinates":[[-79.44641,43.79649],[-79.44363,43.79711],[-79.443,43.79728],[-79.44207,43.79754],[-79.44099,43.7979],[-79.43644,43.79954],[-79.43223,43.80108],[-79.43073,43.80165],[-79.42874,43.80237],[-79.42779,43.80269],[-79.42653,43.80306],[-79.42545,43.80332],[-79.4229,43.80387],[-79.42191,43.80408],[-79.41963,43.80457],[-79.41716,43.8051],[-79.41602,43.80536],[-79.41522,43.80557],[-79.41454,43.80577],[-79.41378,43.80603],[-79.41291,43.80633],[-79.41222,43.80659],[-79.41093,43.80713],[-79.40955,43.80767]]}},{"type":"Feature","properties":{"usage":"branch"},"geometry":{"type":"LineString","coordinates":[[-79.31462,43.85263],[-79.31453,43.85319]]}},{"type":"Feature","properties":{"usage":"branch"},"geometry":{"type":"LineString","coordinates":[[-79.31453,43.85319],[-79.31427,43.85519],[-79.31402,43.85697],[-79.31379,43.85875]]}},{"type":"Feature","properties":{"usage":"main"},"geometry":{"type":"LineString","coordinates":[[-79.05115,43.8459],[-79.05182,43.84575]]}},{"type":"Feature","properties":{"usage":"main"},"geometry":{"type":"LineString","coordinates":[[-79.06028,43.84259],[-79.06112,43.84225],[-79.06242,43.84166],[-79.06321,43.84129],[-79.06489,43.84051],[-79.0673,43.8394],[-79.06905,43.83859],[-79.07014,43.8381],[-79.07467,43.836],[-79.0782,43.83437],[-79.08114,43.83301],[-79.08357,43.83187],[-79.08651,43.8305],[-79.08793,43.82984],[-79.0893,43.82921],[-79.09049,43.82866],[-79.09174,43.82812],[-79.09259,43.82773],[-79.0943,43.82702],[-79.09522,43.82667],[-79.09603,43.82645]]}},{"type":"Feature","properties":{"usage":"main"},"geometry":{"type":"LineString","coordinates":[[-79.14495,43.76748],[-79.14271,43.76889],[-79.14058,43.77023],[-79.13843,43.77179],[-79.13732,43.77276],[-79.13642,43.77365],[-79.13432,43.77589],[-79.13379,43.77644],[-79.13322,43.77703],[-79.13147,43.7789],[-79.1277,43.78292],[-79.12671,43.784],[-79.124,43.78692],[-79.12283,43.78821],[-79.12199,43.78931],[-79.12114,43.79054],[-79.12026,43.79168],[-79.11911,43.79327],[-79.11847,43.79416]]}},{"type":"Feature","properties":{"usage":"main"},"geometry":{"type":"LineString","coordinates":[[-79.11802,43.79476],[-79.11847,43.79416]]}},{"type":"Feature","properties":{"usage":"main"},"geometry":{"type":"LineString","coordinates":[[-79.11802,43.79476],[-79.11752,43.79549],[-79.11712,43.79614],[-79.11691,43.79647],[-79.11665,43.79694],[-79.11652,43.79724],[-79.11627,43.79783],[-79.11603,43.79848],[-79.11581,43.79916],[-79.11565,43.79986],[-79.11551,43.80058],[-79.11542,43.80136],[-79.11535,43.80218],[-79.11524,43.80387],[-79.11514,43.80534],[-79.11504,43.80681],[-79.11492,43.80837],[-79.11489,43.80879],[-79.11477,43.80994],[-79.11463,43.81081],[-79.11446,43.8115],[-79.11425,43.81228],[-79.11398,43.81307],[-79.11369,43.81375],[-79.11336,43.8144],[-79.11304,43.81497],[-79.11272,43.81546],[-79.1124,43.81592],[-79.11176,43.81682],[-79.11113,43.81749],[-79.11084,43.81781],[-79.11003,43.8186],[-79.10928,43.81925],[-79.10827,43.82004],[-79.1076,43.82051],[-79.10699,43.82088],[-79.10616,43.82134],[-79.10536,43.82176],[-79.10448,43.82218],[-79.10276,43.82298],[-79.10219,43.82325]]}},{"type":"Feature","properties":{"usage":"main"},"geometry":{"type":"LineString","coordinates":[[-79.14545,43.76716],[-79.14502,43.76743],[-79.14495,43.76748]]}},{"type":"Feature","properties":{"usage":"main"},"geometry":{"type":"LineString","coordinates":[[-79.19022,43.75652],[-79.18722,43.7571],[-79.18538,43.75745],[-79.18193,43.75812],[-79.1743,43.7596],[-79.17184,43.76007],[-79.16902,43.76061],[-79.16758,43.76089],[-79.16487,43.76142],[-79.16448,43.7615],[-79.16334,43.76175],[-79.16221,43.76203],[-79.15835,43.76301],[-79.15485,43.7639],[-79.15192,43.76465],[-79.15116,43.76484],[-79.15006,43.76513],[-79.14919,43.76537],[-79.14811,43.76577],[-79.14729,43.76613],[-79.14662,43.76647],[-79.14545,43.76716]]}},{"type":"Feature","properties":{"usage":"main"},"geometry":{"type":"LineString","coordinates":[[-79.19193,43.75615],[-79.19215,43.75611],[-79.19589,43.75538],[-79.19635,43.7553],[-79.19653,43.75526],[-79.1981,43.75496],[-79.19993,43.75461],[-79.19997,43.7546],[-79.20041,43.75451]]}},{"type":"Feature","properties":{"usage":"main"},"geometry":{"type":"LineString","coordinates":[[-79.10219,43.82325],[-79.10092,43.82384]]}},{"type":"Feature","properties":{"usage":"main"},"geometry":{"type":"LineString","coordinates":[[-79.09251,43.82767],[-79.09584,43.82617],[-79.09751,43.8254],[-79.0983,43.82503],[-79.09956,43.82446],[-79.1007,43.82394]]}},{"type":"Feature","properties":{"usage":"main"},"geometry":{"type":"LineString","coordinates":[[-79.04001,43.84843],[-79.0404,43.84834]]}},{"type":"Feature","properties":{"usage":"main"},"geometry":{"type":"LineString","coordinates":[[-79.06028,43.84259],[-79.06176,43.84191],[-79.06267,43.8415],[-79.06355,43.84109],[-79.06729,43.83936],[-79.07125,43.83754],[-79.07638,43.83516],[-79.08105,43.83301],[-79.08224,43.83246],[-79.08354,43.83184],[-79.08759,43.82995],[-79.0879,43.82981],[-79.08804,43.82974],[-79.08955,43.82905]]}},{"type":"Feature","properties":{"usage":"main"},"geometry":{"type":"LineString","coordinates":[[-79.0404,43.84834],[-79.04335,43.84766],[-79.04692,43.84686],[-79.05115,43.8459]]}},{"type":"Feature","properties":{"usage":"main"},"geometry":{"type":"LineString","coordinates":[[-79.01174,43.85475],[-79.01594,43.85383],[-79.0186,43.85321],[-79.02119,43.85264],[-79.0244,43.85191],[-79.04001,43.84843]]}},{"type":"Feature","properties":{"usage":"main"},"geometry":{"type":"LineString","coordinates":[[-79.20127,43.75427],[-79.19954,43.75459],[-79.19648,43.75517]]}},{"type":"Feature","properties":{"usage":"main"},"geometry":{"type":"LineString","coordinates":[[-79.54098,43.63259],[-79.54077,43.63277],[-79.54005,43.63338],[-79.53878,43.63445],[-79.53857,43.63463],[-79.53666,43.63624],[-79.5363,43.63655],[-79.53533,43.63737],[-79.5342,43.63832],[-79.53388,43.63858],[-79.53259,43.63967],[-79.53231,43.63991],[-79.52803,43.64353]]}},{"type":"Feature","properties":{"usage":"main"},"geometry":{"type":"LineString","coordinates":[[-79.54005,43.63345],[-79.53942,43.63397],[-79.53884,43.6345],[-79.53849,43.63483],[-79.53808,43.63519],[-79.53795,43.63531],[-79.53777,43.63546],[-79.53639,43.63662],[-79.53608,43.63689],[-79.53529,43.63752],[-79.53472,43.63797],[-79.5343,43.6383],[-79.53385,43.63867],[-79.53362,43.63886],[-79.5333,43.63913],[-79.5328,43.63956],[-79.53232,43.63997],[-79.53173,43.64045],[-79.52934,43.64247],[-79.52843,43.64324],[-79.52812,43.64351]]}},{"type":"Feature","properties":{"usage":"main"},"geometry":{"type":"LineString","coordinates":[[-79.5437,43.63038],[-79.54341,43.63061]]}},{"type":"Feature","properties":{"usage":"main"},"geometry":{"type":"LineString","coordinates":[[-79.54369,43.63033],[-79.54341,43.63056]]}},{"type":"Feature","properties":{"usage":"main"},"geometry":{"type":"LineString","coordinates":[[-79.55023,43.62583],[-79.55002,43.62597]]}},{"type":"Feature","properties":{"usage":"main"},"geometry":{"type":"LineString","coordinates":[[-79.55021,43.62579],[-79.55,43.62593]]}},{"type":"Feature","properties":{"usage":"main"},"geometry":{"type":"LineString","coordinates":[[-79.55,43.62593],[-79.54868,43.62682],[-79.54696,43.628],[-79.54538,43.62908],[-79.54437,43.6298],[-79.54369,43.63033]]}},{"type":"Feature","properties":{"usage":"main"},"geometry":{"type":"LineString","coordinates":[[-79.55002,43.62597],[-79.54873,43.62685],[-79.54701,43.62801],[-79.54543,43.6291],[-79.54441,43.62982],[-79.5437,43.63038]]}},{"type":"Feature","properties":{"usage":"main"},"geometry":{"type":"LineString","coordinates":[[-79.56608,43.61515],[-79.56495,43.61586],[-79.56459,43.6161],[-79.56282,43.61727],[-79.56099,43.61844],[-79.55852,43.62005],[-79.55521,43.62231],[-79.55517,43.62234],[-79.5538,43.62328],[-79.55286,43.62392],[-79.55215,43.62441],[-79.55019,43.62575]]}},{"type":"Feature","properties":{"usage":"main"},"geometry":{"type":"LineString","coordinates":[[-79.56614,43.61521],[-79.56503,43.61592],[-79.56334,43.61702],[-79.56134,43.61832],[-79.56088,43.61862],[-79.55935,43.61961],[-79.55903,43.61982],[-79.55758,43.6208],[-79.55592,43.62193],[-79.55406,43.6232],[-79.55293,43.62398],[-79.55108,43.62523],[-79.55023,43.62583]]}},{"type":"Feature","properties":{"usage":"main"},"geometry":{"type":"LineString","coordinates":[[-79.56611,43.61518],[-79.56499,43.61589],[-79.56326,43.617],[-79.56131,43.61828],[-79.55929,43.61961],[-79.55858,43.62007],[-79.55754,43.62078],[-79.55588,43.62191],[-79.55403,43.62316],[-79.55289,43.62395],[-79.55021,43.62579]]}},{"type":"Feature","properties":{"usage":"main"},"geometry":{"type":"LineString","coordinates":[[-79.56657,43.61488],[-79.56611,43.61518]]}},{"type":"Feature","properties":{"usage":"main"},"geometry":{"type":"LineString","coordinates":[[-79.5666,43.61491],[-79.56614,43.61521]]}},{"type":"Feature","properties":{"usage":"main"},"geometry":{"type":"LineString","coordinates":[[-79.56654,43.61485],[-79.56608,43.61515]]}},{"type":"Feature","properties":{"usage":"main"},"geometry":{"type":"LineString","coordinates":[[-79.56814,43.61385],[-79.56761,43.61419]]}},{"type":"Feature","properties":{"usage":"main"},"geometry":{"type":"LineString","coordinates":[[-79.56764,43.61422],[-79.5666,43.61491]]}},{"type":"Feature","properties":{"usage":"main"},"geometry":{"type":"LineString","coordinates":[[-79.56818,43.61388],[-79.56764,43.61422]]}},{"type":"Feature","properties":{"usage":"main"},"geometry":{"type":"LineString","coordinates":[[-79.56761,43.61419],[-79.56657,43.61488]]}},{"type":"Feature","properties":{"usage":"main"},"geometry":{"type":"LineString","coordinates":[[-79.574,43.61004],[-79.5738,43.61018]]}},{"type":"Feature","properties":{"usage":"main"},"geometry":{"type":"LineString","coordinates":[[-79.57173,43.61152],[-79.57159,43.61161],[-79.57123,43.61187],[-79.57088,43.61211],[-79.57059,43.61231],[-79.5703,43.6125],[-79.56867,43.61356]]}},{"type":"Feature","properties":{"usage":"main"},"geometry":{"type":"LineString","coordinates":[[-79.57173,43.61152],[-79.57129,43.6118],[-79.57051,43.61231]]}},{"type":"Feature","properties":{"usage":"main"},"geometry":{"type":"LineString","coordinates":[[-79.57952,43.60646],[-79.57875,43.60696],[-79.57772,43.60763],[-79.57595,43.60877],[-79.574,43.61004]]}},{"type":"Feature","properties":{"usage":"main"},"geometry":{"type":"LineString","coordinates":[[-79.57984,43.60625],[-79.57952,43.60646]]}},{"type":"Feature","properties":{"usage":"main"},"geometry":{"type":"LineString","coordinates":[[-79.36562,43.6827],[-79.3655,43.68276]]}},{"type":"Feature","properties":{"usage":"main"},"geometry":{"type":"LineString","coordinates":[[-79.36565,43.68273],[-79.36554,43.68279]]}},{"type":"Feature","properties":{"usage":"main"},"geometry":{"type":"LineString","coordinates":[[-79.36374,43.68369],[-79.36353,43.6838],[-79.36336,43.6839],[-79.36321,43.68399],[-79.36307,43.68408],[-79.36293,43.68418],[-79.3628,43.6843],[-79.36267,43.68442],[-79.36255,43.68455],[-79.36243,43.68472],[-79.36233,43.68489],[-79.36227,43.68502],[-79.36222,43.68514],[-79.36218,43.68527],[-79.36214,43.68545],[-79.36213,43.68565],[-79.36213,43.68581],[-79.36215,43.68598],[-79.36219,43.68615],[-79.36223,43.68627],[-79.36227,43.68637],[-79.36248,43.68688],[-79.36268,43.68733],[-79.36276,43.68756],[-79.36279,43.68768],[-79.36281,43.68779],[-79.36283,43.68796],[-79.36283,43.68812],[-79.36281,43.68824],[-79.36279,43.68835],[-79.36276,43.68844],[-79.36274,43.68852],[-79.3627,43.68861],[-79.36266,43.68871],[-79.36263,43.68875],[-79.36258,43.68884],[-79.36255,43.68889],[-79.36242,43.68905],[-79.36224,43.68927],[-79.36165,43.68989],[-79.36127,43.6903],[-79.36109,43.69052],[-79.36096,43.69072],[-79.36073,43.69111],[-79.36046,43.69182]]}},{"type":"Feature","properties":{"usage":"main"},"geometry":{"type":"LineString","coordinates":[[-79.36554,43.68279],[-79.36482,43.68318],[-79.36435,43.68343],[-79.36374,43.68369]]}},{"type":"Feature","properties":{"usage":"main"},"geometry":{"type":"LineString","coordinates":[[-79.51271,43.6622],[-79.51157,43.66318]]}},{"type":"Feature","properties":{"usage":"main"},"geometry":{"type":"LineString","coordinates":[[-79.51267,43.66218],[-79.51153,43.66316]]}},{"type":"Feature","properties":{"usage":"main"},"geometry":{"type":"LineString","coordinates":[[-79.51146,43.66327],[-79.51091,43.66378],[-79.51065,43.66398],[-79.51031,43.66421],[-79.50996,43.66441],[-79.50961,43.66459],[-79.50895,43.66488],[-79.50844,43.66505],[-79.50815,43.66514],[-79.50788,43.66522],[-79.50753,43.66529],[-79.50712,43.66537],[-79.5066,43.66544],[-79.50568,43.66551],[-79.50462,43.66557]]}},{"type":"Feature","properties":{"usage":"main"},"geometry":{"type":"LineString","coordinates":[[-79.51146,43.66327],[-79.51085,43.66377],[-79.51051,43.66402],[-79.51027,43.66418],[-79.50993,43.66438],[-79.50958,43.66456],[-79.50893,43.66484],[-79.50841,43.66502],[-79.50812,43.66511],[-79.50786,43.66518],[-79.50752,43.66525],[-79.5071,43.66533],[-79.5066,43.6654],[-79.50568,43.66547],[-79.50447,43.66554],[-79.50319,43.66562]]}},{"type":"Feature","properties":{"usage":"main"},"geometry":{"type":"LineString","coordinates":[[-79.51153,43.66316],[-79.5108,43.66375],[-79.51063,43.66388],[-79.51047,43.664],[-79.51024,43.66416],[-79.5099,43.66435],[-79.50955,43.66452],[-79.50891,43.66481],[-79.50838,43.66499],[-79.5081,43.66508],[-79.50785,43.66514],[-79.5075,43.66522],[-79.50709,43.66529],[-79.50659,43.66536],[-79.50568,43.66543],[-79.50538,43.66545],[-79.50444,43.6655],[-79.50325,43.66558],[-79.50072,43.66572]]}},{"type":"Feature","properties":{"usage":"main"},"geometry":{"type":"LineString","coordinates":[[-79.49914,43.66585],[-79.4964,43.666],[-79.4932,43.66619],[-79.49267,43.66622],[-79.49159,43.66628],[-79.49115,43.66631],[-79.49028,43.66636],[-79.48659,43.66658],[-79.48286,43.66679],[-79.48245,43.66681],[-79.47755,43.6671],[-79.47593,43.6672],[-79.4743,43.66728],[-79.47381,43.66731],[-79.47311,43.66732],[-79.46984,43.6673],[-79.46763,43.66728],[-79.46657,43.66727]]}},{"type":"Feature","properties":{"usage":"main"},"geometry":{"type":"LineString","coordinates":[[-79.46583,43.66726],[-79.46545,43.66726]]}},{"type":"Feature","properties":{"usage":"main"},"geometry":{"type":"LineString","coordinates":[[-79.49914,43.66581],[-79.49807,43.66588],[-79.49703,43.66593],[-79.49589,43.666],[-79.4923,43.6662]]}},{"type":"Feature","properties":{"usage":"branch"},"geometry":{"type":"LineString","coordinates":[[-79.23016,43.84474],[-79.23059,43.84437]]}},{"type":"Feature","properties":{"usage":"main"},"geometry":{"type":"LineString","coordinates":[[-79.40013,43.8136],[-79.39978,43.81387]]}},{"type":"Feature","properties":{"usage":"main"},"geometry":{"type":"LineString","coordinates":[[-79.75946,43.59934],[-79.75881,43.59915]]}},{"type":"Feature","properties":{"usage":"main"},"geometry":{"type":"LineString","coordinates":[[-79.75881,43.59915],[-79.75799,43.59893],[-79.75719,43.5987],[-79.7564,43.59848],[-79.75555,43.59824],[-79.75229,43.59732],[-79.75202,43.59724],[-79.75121,43.59701],[-79.74908,43.59641],[-79.74748,43.59596],[-79.74607,43.59556],[-79.74336,43.5948],[-79.7419,43.59439],[-79.73811,43.59332],[-79.73492,43.59242]]}},{"type":"Feature","properties":{"usage":"main"},"geometry":{"type":"LineString","coordinates":[[-79.49804,43.61574],[-79.4974,43.61613],[-79.49636,43.61678],[-79.49576,43.61719],[-79.49511,43.61767],[-79.4949,43.61782],[-79.49374,43.61871],[-79.49322,43.61909],[-79.49194,43.62007],[-79.49151,43.62039],[-79.49056,43.62111],[-79.48987,43.62164],[-79.48797,43.62308],[-79.48696,43.62385]]}},{"type":"Feature","properties":{"usage":"main"},"geometry":{"type":"LineString","coordinates":[[-79.49809,43.61586],[-79.4983,43.61572]]}},{"type":"Feature","properties":{"usage":"main"},"geometry":{"type":"LineString","coordinates":[[-79.49825,43.6156],[-79.49804,43.61574]]}},{"type":"Feature","properties":{"usage":"main"},"geometry":{"type":"LineString","coordinates":[[-79.49301,43.61937],[-79.49327,43.61918],[-79.49468,43.61811],[-79.495,43.61788],[-79.49547,43.61755],[-79.49809,43.61586]]}},{"type":"Feature","properties":{"usage":"main"},"geometry":{"type":"LineString","coordinates":[[-79.49807,43.61582],[-79.49593,43.6172],[-79.49544,43.61752],[-79.49516,43.61771],[-79.49497,43.61784],[-79.49464,43.61809],[-79.49371,43.61878],[-79.49274,43.61952],[-79.49268,43.61957],[-79.49197,43.6201]]}},{"type":"Feature","properties":{"usage":"branch"},"geometry":{"type":"LineString","coordinates":[[-79.2835,43.78456],[-79.2832,43.78416]]}},{"type":"Feature","properties":{"usage":"branch"},"geometry":{"type":"LineString","coordinates":[[-79.2832,43.78416],[-79.283,43.78389],[-79.28278,43.78354],[-79.28263,43.78324],[-79.28193,43.78162]]}},{"type":"Feature","properties":{"usage":"main"},"geometry":{"type":"LineString","coordinates":[[-79.63979,43.57113],[-79.63951,43.57125],[-79.63877,43.57159],[-79.63847,43.57174],[-79.63815,43.5719],[-79.63785,43.57206],[-79.63754,43.57223],[-79.63672,43.57271],[-79.63599,43.57317],[-79.63525,43.5737],[-79.63466,43.57415],[-79.63381,43.57487],[-79.63263,43.57585],[-79.63171,43.57663],[-79.63129,43.57698],[-79.63062,43.57754]]}},{"type":"Feature","properties":{"usage":"main"},"geometry":{"type":"LineString","coordinates":[[-79.64033,43.57091],[-79.63979,43.57113]]}},{"type":"Feature","properties":{"usage":"main"},"geometry":{"type":"LineString","coordinates":[[-79.51638,43.65905],[-79.51563,43.6597],[-79.51489,43.66035]]}},{"type":"Feature","properties":{"usage":"main"},"geometry":{"type":"LineString","coordinates":[[-79.62211,43.58465],[-79.62167,43.58503],[-79.62114,43.58547],[-79.62067,43.58586],[-79.61942,43.5869],[-79.61904,43.58718],[-79.61876,43.58738],[-79.61835,43.58764],[-79.61794,43.58789],[-79.61757,43.58809],[-79.61728,43.58823],[-79.61699,43.58837],[-79.61663,43.58853],[-79.61651,43.58858]]}},{"type":"Feature","properties":{"usage":"main"},"geometry":{"type":"LineString","coordinates":[[-79.61133,43.59001],[-79.60995,43.59032],[-79.60916,43.5905],[-79.60737,43.59091],[-79.60551,43.59133],[-79.60462,43.59154]]}},{"type":"Feature","properties":{"usage":"main"},"geometry":{"type":"LineString","coordinates":[[-79.62216,43.58467],[-79.62172,43.58504],[-79.62121,43.58547],[-79.62072,43.58588],[-79.61998,43.5865],[-79.61947,43.58692],[-79.61915,43.58716],[-79.61898,43.58728],[-79.61871,43.58746],[-79.6185,43.5876],[-79.61822,43.58777],[-79.61795,43.58793],[-79.61756,43.58813],[-79.61719,43.58832],[-79.61682,43.58849],[-79.61654,43.58861]]}},{"type":"Feature","properties":{"usage":"main"},"geometry":{"type":"LineString","coordinates":[[-79.61654,43.58861],[-79.61616,43.58876]]}},{"type":"Feature","properties":{"usage":"main"},"geometry":{"type":"LineString","coordinates":[[-79.62252,43.58438],[-79.62216,43.58467]]}},{"type":"Feature","properties":{"usage":"main"},"geometry":{"type":"LineString","coordinates":[[-79.59905,43.59375],[-79.5987,43.59398]]}},{"type":"Feature","properties":{"usage":"main"},"geometry":{"type":"LineString","coordinates":[[-79.59901,43.59372],[-79.59866,43.59395]]}},{"type":"Feature","properties":{"usage":"main"},"geometry":{"type":"LineString","coordinates":[[-79.61651,43.58858],[-79.61614,43.58872]]}},{"type":"Feature","properties":{"usage":"main"},"geometry":{"type":"LineString","coordinates":[[-79.62248,43.58435],[-79.62211,43.58465]]}},{"type":"Feature","properties":{"usage":"main"},"geometry":{"type":"LineString","coordinates":[[-79.627,43.58056],[-79.62679,43.58075]]}},{"type":"Feature","properties":{"usage":"main"},"geometry":{"type":"LineString","coordinates":[[-79.62706,43.58058],[-79.62683,43.58077]]}},{"type":"Feature","properties":{"usage":"main"},"geometry":{"type":"LineString","coordinates":[[-79.60993,43.59029],[-79.6093,43.59044],[-79.60664,43.59104],[-79.60562,43.59127],[-79.60503,43.59141],[-79.60427,43.59158],[-79.60381,43.59168],[-79.6034,43.59178],[-79.60293,43.59189],[-79.60256,43.59198],[-79.60227,43.59206],[-79.602,43.59214],[-79.60165,43.59226],[-79.60119,43.59244],[-79.60082,43.59262],[-79.60059,43.59274],[-79.60029,43.5929],[-79.60001,43.59308],[-79.59958,43.59335],[-79.5991,43.59366],[-79.59901,43.59372]]}},{"type":"Feature","properties":{"usage":"main"},"geometry":{"type":"LineString","coordinates":[[-79.62683,43.58077],[-79.62597,43.58149],[-79.62487,43.58241],[-79.62459,43.58264],[-79.62421,43.58296],[-79.6226,43.58431],[-79.62252,43.58438]]}},{"type":"Feature","properties":{"usage":"main"},"geometry":{"type":"LineString","coordinates":[[-79.62679,43.58075],[-79.6266,43.58091],[-79.62589,43.5815],[-79.62517,43.5821],[-79.6238,43.58325],[-79.62248,43.58435]]}},{"type":"Feature","properties":{"usage":"main"},"geometry":{"type":"LineString","coordinates":[[-79.5987,43.59398],[-79.59748,43.59476],[-79.59667,43.59528],[-79.59617,43.59562],[-79.59495,43.59641],[-79.59488,43.59646],[-79.5945,43.5967],[-79.59204,43.59831],[-79.58878,43.60043],[-79.58827,43.60076],[-79.58733,43.60137],[-79.58407,43.60349],[-79.58246,43.60455],[-79.58125,43.60533],[-79.57984,43.60625]]}},{"type":"Feature","properties":{"usage":"main"},"geometry":{"type":"LineString","coordinates":[[-79.59177,43.59843],[-79.59019,43.59946],[-79.58729,43.60135],[-79.58711,43.60147],[-79.58502,43.60282],[-79.58306,43.6041],[-79.58059,43.60571],[-79.5798,43.60623]]}},{"type":"Feature","properties":{"usage":"main"},"geometry":{"type":"LineString","coordinates":[[-79.67617,43.5688],[-79.67595,43.56869],[-79.67564,43.56855],[-79.67536,43.56844],[-79.67511,43.56836],[-79.6746,43.56821],[-79.67417,43.5681],[-79.67273,43.56781],[-79.671,43.56746],[-79.66714,43.56667],[-79.66678,43.5666]]}},{"type":"Feature","properties":{"usage":"main"},"geometry":{"type":"LineString","coordinates":[[-79.67612,43.56883],[-79.67581,43.5687],[-79.67541,43.56855],[-79.67502,43.56843],[-79.67475,43.56835],[-79.6743,43.56824],[-79.67289,43.56796],[-79.67077,43.56753],[-79.66717,43.56679],[-79.66666,43.56669]]}},{"type":"Feature","properties":{"usage":"main"},"geometry":{"type":"LineString","coordinates":[[-79.63984,43.57116],[-79.63934,43.57137],[-79.6387,43.57167],[-79.63817,43.57193],[-79.6375,43.57229],[-79.63692,43.57263],[-79.6363,43.57302],[-79.63592,43.57328],[-79.63552,43.57356],[-79.6354,43.57365],[-79.63512,43.57385],[-79.63428,43.57453],[-79.63168,43.5767],[-79.63135,43.57698],[-79.6297,43.57837]]}},{"type":"Feature","properties":{"usage":"main"},"geometry":{"type":"LineString","coordinates":[[-79.63988,43.57118],[-79.63933,43.57142],[-79.63876,43.57169],[-79.63795,43.57209],[-79.6376,43.57229],[-79.63732,43.57245],[-79.63683,43.57274],[-79.63644,43.57298],[-79.63606,43.57323],[-79.63534,43.57375],[-79.63485,43.57412],[-79.6335,43.57524],[-79.63281,43.57582],[-79.63164,43.5768],[-79.6303,43.57793],[-79.62958,43.57853],[-79.62942,43.57865],[-79.62925,43.57878],[-79.62907,43.57892],[-79.62891,43.57904],[-79.6288,43.57913],[-79.6286,43.57928]]}},{"type":"Feature","properties":{"usage":"main"},"geometry":{"type":"LineString","coordinates":[[-79.6404,43.57097],[-79.63988,43.57118]]}},{"type":"Feature","properties":{"usage":"main"},"geometry":{"type":"LineString","coordinates":[[-79.66666,43.56669],[-79.66614,43.56659]]}},{"type":"Feature","properties":{"usage":"main"},"geometry":{"type":"LineString","coordinates":[[-79.64037,43.57094],[-79.63984,43.57116]]}},{"type":"Feature","properties":{"usage":"main"},"geometry":{"type":"LineString","coordinates":[[-79.66678,43.5666],[-79.66626,43.56649]]}},{"type":"Feature","properties":{"usage":"main"},"geometry":{"type":"LineString","coordinates":[[-79.66626,43.56649],[-79.66599,43.56643],[-79.66505,43.56625],[-79.6628,43.56579],[-79.66161,43.56555],[-79.66071,43.56537],[-79.66014,43.56528],[-79.65958,43.56521],[-79.65898,43.56516],[-79.65849,43.56514],[-79.65805,43.56514],[-79.6575,43.56515],[-79.65688,43.56518],[-79.6566,43.56521],[-79.65619,43.56525],[-79.65567,43.56533],[-79.65511,43.56543],[-79.65468,43.56553],[-79.65436,43.5656],[-79.65383,43.56576],[-79.65321,43.56596],[-79.6518,43.56651],[-79.65028,43.5671],[-79.64799,43.56798],[-79.64487,43.56919],[-79.64378,43.56961],[-79.64258,43.57008],[-79.64037,43.57094]]}},{"type":"Feature","properties":{"usage":"main"},"geometry":{"type":"LineString","coordinates":[[-79.66614,43.56659],[-79.6653,43.56641],[-79.66329,43.56595],[-79.66177,43.56564],[-79.66068,43.56543],[-79.66011,43.56533],[-79.65957,43.56527],[-79.65899,43.56522],[-79.65861,43.5652],[-79.65806,43.5652],[-79.6572,43.56522],[-79.65675,43.56525],[-79.65615,43.56531],[-79.65547,43.56541],[-79.65488,43.56552],[-79.6544,43.56563],[-79.65383,43.5658],[-79.65327,43.56599],[-79.65169,43.5666],[-79.65037,43.56711],[-79.65011,43.56721],[-79.64871,43.56775],[-79.64718,43.56834],[-79.646,43.5688],[-79.64492,43.56922],[-79.6438,43.56965],[-79.64246,43.57017],[-79.6404,43.57097]]}},{"type":"Feature","properties":{"usage":"main"},"geometry":{"type":"LineString","coordinates":[[-79.6762,43.56876],[-79.67613,43.56873],[-79.67573,43.56855],[-79.67553,43.56847],[-79.67518,43.56834],[-79.67476,43.56821],[-79.67445,43.56813],[-79.67411,43.56805],[-79.67253,43.56773],[-79.67064,43.56735],[-79.66833,43.56688],[-79.66682,43.56657]]}},{"type":"Feature","properties":{"usage":"main"},"geometry":{"type":"LineString","coordinates":[[-79.66682,43.56657],[-79.66629,43.56646]]}},{"type":"Feature","properties":{"usage":"main"},"geometry":{"type":"LineString","coordinates":[[-79.64033,43.57091],[-79.64035,43.5709],[-79.64424,43.56939],[-79.64483,43.56916],[-79.64566,43.56884],[-79.64839,43.56779],[-79.6515,43.56658],[-79.65297,43.56601],[-79.65327,43.5659],[-79.65364,43.56578],[-79.654,43.56567],[-79.65432,43.56558],[-79.65462,43.5655],[-79.65507,43.5654],[-79.65578,43.56527],[-79.65633,43.56519],[-79.65688,43.56514],[-79.6575,43.5651],[-79.65811,43.5651],[-79.65847,43.5651],[-79.65899,43.56512],[-79.65926,43.56515],[-79.65976,43.56519],[-79.66021,43.56525],[-79.6606,43.56531],[-79.66106,43.5654],[-79.66277,43.56575],[-79.66433,43.56606],[-79.66534,43.56627],[-79.66629,43.56646]]}},{"type":"Feature","properties":{"usage":"main"},"geometry":{"type":"LineString","coordinates":[[-79.36797,43.77609],[-79.36828,43.77538]]}},{"type":"Feature","properties":{"usage":"main"},"geometry":{"type":"LineString","coordinates":[[-79.36828,43.77538],[-79.36847,43.77495],[-79.36863,43.77453],[-79.36873,43.77412],[-79.36877,43.77373],[-79.36874,43.77331],[-79.36856,43.77246],[-79.36839,43.77146],[-79.36834,43.77116]]}},{"type":"Feature","properties":{"usage":"branch"},"geometry":{"type":"LineString","coordinates":[[-79.2646,43.88012],[-79.26434,43.88028],[-79.26408,43.88047],[-79.26363,43.8809],[-79.26358,43.88094],[-79.26354,43.88101],[-79.26333,43.88126],[-79.26301,43.88177],[-79.26285,43.8821],[-79.26232,43.88339],[-79.26225,43.88352],[-79.26215,43.88369],[-79.26207,43.8838],[-79.26202,43.88385],[-79.26172,43.88417],[-79.26139,43.88454],[-79.26079,43.88522],[-79.26048,43.88566],[-79.26028,43.88612],[-79.26018,43.88664],[-79.26024,43.88725],[-79.26061,43.88837],[-79.26157,43.89132],[-79.26196,43.89241],[-79.26198,43.89248],[-79.262,43.89254],[-79.2622,43.89323],[-79.2626,43.89436],[-79.26309,43.8958],[-79.26322,43.89633],[-79.26329,43.89685],[-79.26331,43.89732],[-79.2633,43.89763],[-79.26325,43.89819],[-79.26297,43.90034],[-79.26294,43.9005],[-79.2629,43.90083],[-79.26289,43.90096],[-79.26287,43.90106],[-79.26254,43.9036],[-79.2624,43.90479],[-79.26235,43.90521],[-79.26235,43.90591],[-79.26245,43.90648],[-79.2626,43.90715],[-79.2628,43.90784],[-79.26312,43.90888],[-79.26315,43.90943],[-79.26306,43.91006],[-79.26279,43.91064],[-79.26254,43.91111],[-79.26241,43.91128],[-79.26231,43.9114],[-79.26187,43.91195],[-79.26067,43.91313],[-79.2604,43.91348],[-79.25992,43.91405],[-79.25913,43.915]]}},{"type":"Feature","properties":{"usage":"branch"},"geometry":{"type":"LineString","coordinates":[[-79.26483,43.87997],[-79.2646,43.88012]]}},{"type":"Feature","properties":{"usage":"main"},"geometry":{"type":"LineString","coordinates":[[-79.59648,43.54745],[-79.59669,43.54725],[-79.59779,43.54624],[-79.59801,43.54604],[-79.59872,43.54539],[-79.59929,43.54486],[-79.59991,43.54429],[-79.60124,43.54307],[-79.60679,43.53797],[-79.60695,43.53782],[-79.60971,43.53529],[-79.6107,43.53436],[-79.61373,43.53157],[-79.61386,43.53146],[-79.61394,43.53139],[-79.61404,43.5313],[-79.61416,43.53119],[-79.61421,43.53114]]}},{"type":"Feature","properties":{"usage":"main"},"geometry":{"type":"LineString","coordinates":[[-79.63348,43.5134],[-79.63358,43.5133],[-79.63548,43.51156],[-79.63604,43.51105],[-79.63647,43.51065],[-79.6374,43.5098],[-79.63863,43.50866],[-79.63925,43.50808],[-79.63963,43.50772],[-79.64025,43.5071],[-79.64085,43.50646],[-79.6413,43.50596],[-79.64177,43.50543],[-79.64219,43.5049],[-79.64299,43.50391],[-79.64381,43.50286],[-79.64394,43.50269],[-79.6448,43.50161],[-79.6449,43.50149],[-79.64547,43.50077],[-79.64647,43.49949],[-79.64752,43.49816]]}},{"type":"Feature","properties":{"usage":"main"},"geometry":{"type":"LineString","coordinates":[[-79.63316,43.51369],[-79.63348,43.5134]]}},{"type":"Feature","properties":{"usage":"main"},"geometry":{"type":"LineString","coordinates":[[-79.59341,43.55026],[-79.5935,43.55018]]}},{"type":"Feature","properties":{"usage":"main"},"geometry":{"type":"LineString","coordinates":[[-79.59163,43.5519],[-79.59229,43.55129]]}},{"type":"Feature","properties":{"usage":"main"},"geometry":{"type":"LineString","coordinates":[[-79.59229,43.55129],[-79.59309,43.55055],[-79.59341,43.55026]]}},{"type":"Feature","properties":{"usage":"main"},"geometry":{"type":"LineString","coordinates":[[-79.55394,43.58635],[-79.55496,43.58544],[-79.55539,43.58504],[-79.55656,43.58398],[-79.55843,43.58226],[-79.55867,43.58204],[-79.55893,43.5818],[-79.5594,43.58137],[-79.5618,43.57916],[-79.56222,43.57878],[-79.56385,43.57728],[-79.56407,43.57708],[-79.56577,43.57552],[-79.5683,43.5732],[-79.56945,43.57215]]}},{"type":"Feature","properties":{"usage":"main"},"geometry":{"type":"LineString","coordinates":[[-79.53149,43.59886],[-79.53542,43.59691],[-79.53646,43.59639],[-79.53667,43.59629],[-79.53699,43.59613],[-79.54025,43.59451],[-79.54259,43.59334],[-79.54388,43.59269],[-79.54497,43.59212],[-79.54552,43.59184],[-79.54607,43.59156],[-79.54656,43.59131],[-79.54703,43.59108],[-79.54735,43.59091],[-79.54768,43.59073],[-79.54801,43.59054]]}},{"type":"Feature","properties":{"usage":"main"},"geometry":{"type":"LineString","coordinates":[[-79.54808,43.5906],[-79.54775,43.5908],[-79.54738,43.591],[-79.54695,43.59124],[-79.54684,43.5913],[-79.54643,43.59151],[-79.54561,43.59193],[-79.54541,43.59203],[-79.54403,43.59272],[-79.54235,43.59356],[-79.54132,43.59407],[-79.54027,43.59458],[-79.53839,43.59551],[-79.53654,43.59644],[-79.53488,43.59727],[-79.5324,43.5985],[-79.53153,43.59893]]}},{"type":"Feature","properties":{"usage":"main"},"geometry":{"type":"LineString","coordinates":[[-79.56952,43.5722],[-79.569,43.57267],[-79.56837,43.57325],[-79.567,43.57451],[-79.56585,43.57556],[-79.56545,43.57593],[-79.56413,43.57714],[-79.56372,43.57752],[-79.56293,43.57824],[-79.56188,43.57921],[-79.55874,43.5821],[-79.55851,43.58231],[-79.55661,43.58404],[-79.55505,43.58547],[-79.55401,43.5864]]}},{"type":"Feature","properties":{"usage":"main"},"geometry":{"type":"LineString","coordinates":[[-79.55369,43.58656],[-79.55394,43.58635]]}},{"type":"Feature","properties":{"usage":"main"},"geometry":{"type":"LineString","coordinates":[[-79.53153,43.59893],[-79.53123,43.59909]]}},{"type":"Feature","properties":{"usage":"main"},"geometry":{"type":"LineString","coordinates":[[-79.54883,43.59014],[-79.54808,43.5906]]}},{"type":"Feature","properties":{"usage":"main"},"geometry":{"type":"LineString","coordinates":[[-79.53119,43.59902],[-79.53149,43.59886]]}},{"type":"Feature","properties":{"usage":"main"},"geometry":{"type":"LineString","coordinates":[[-79.54801,43.59054],[-79.54876,43.59009]]}},{"type":"Feature","properties":{"usage":"main"},"geometry":{"type":"LineString","coordinates":[[-79.56945,43.57215],[-79.56966,43.57195]]}},{"type":"Feature","properties":{"usage":"main"},"geometry":{"type":"LineString","coordinates":[[-79.55401,43.5864],[-79.55377,43.58661]]}},{"type":"Feature","properties":{"usage":"main"},"geometry":{"type":"LineString","coordinates":[[-79.56974,43.572],[-79.56952,43.5722]]}},{"type":"Feature","properties":{"usage":"main"},"geometry":{"type":"LineString","coordinates":[[-79.54876,43.59009],[-79.54956,43.58959],[-79.55017,43.58919],[-79.55056,43.58893],[-79.55086,43.58872],[-79.55171,43.58812],[-79.55203,43.58788],[-79.55235,43.58764],[-79.5531,43.58704],[-79.55349,43.58673],[-79.55369,43.58656]]}},{"type":"Feature","properties":{"usage":"main"},"geometry":{"type":"LineString","coordinates":[[-79.55377,43.58661],[-79.55306,43.58719],[-79.55244,43.58767],[-79.55199,43.58801],[-79.55142,43.58843],[-79.55057,43.58903],[-79.54979,43.58955],[-79.54883,43.59014]]}},{"type":"Feature","properties":{"usage":"main"},"geometry":{"type":"LineString","coordinates":[[-79.56966,43.57195],[-79.57034,43.57133],[-79.57105,43.57069],[-79.57213,43.56972],[-79.57286,43.56907],[-79.5732,43.56876],[-79.57391,43.56811]]}},{"type":"Feature","properties":{"usage":"main"},"geometry":{"type":"LineString","coordinates":[[-79.40286,43.64036],[-79.4026,43.64038],[-79.40177,43.64047]]}},{"type":"Feature","properties":{"usage":"main"},"geometry":{"type":"LineString","coordinates":[[-79.40185,43.81233],[-79.40113,43.81287]]}},{"type":"Feature","properties":{"usage":"main"},"geometry":{"type":"LineString","coordinates":[[-79.39706,43.81548],[-79.39657,43.81565]]}},{"type":"Feature","properties":{"usage":"main"},"geometry":{"type":"LineString","coordinates":[[-79.39978,43.81387],[-79.39939,43.81416],[-79.39885,43.81453],[-79.39844,43.81478],[-79.39787,43.8151],[-79.3972,43.81542],[-79.39706,43.81548],[-79.39517,43.8163],[-79.39491,43.81642],[-79.39472,43.8165],[-79.39431,43.81667],[-79.39219,43.81759],[-79.39185,43.81774],[-79.38941,43.81879],[-79.38679,43.81992],[-79.38486,43.82057],[-79.3838,43.8209],[-79.38257,43.82123],[-79.37855,43.82215],[-79.37084,43.82391],[-79.36323,43.82565]]}},{"type":"Feature","properties":{"usage":"main"},"geometry":{"type":"LineString","coordinates":[[-79.40113,43.81287],[-79.40098,43.81298],[-79.40013,43.8136]]}},{"type":"Feature","properties":{"usage":"main"},"geometry":{"type":"LineString","coordinates":[[-79.52409,43.64677],[-79.52254,43.64809]]}},{"type":"Feature","properties":{"usage":"main"},"geometry":{"type":"LineString","coordinates":[[-79.64329,43.70477],[-79.64404,43.70476]]}},{"type":"Feature","properties":{"usage":"main"},"geometry":{"type":"LineString","coordinates":[[-79.64112,43.70481],[-79.64191,43.70479]]}},{"type":"Feature","properties":{"usage":"main"},"geometry":{"type":"LineString","coordinates":[[-79.64191,43.70479],[-79.64329,43.70477]]}},{"type":"Feature","properties":{"usage":"main"},"geometry":{"type":"LineString","coordinates":[[-79.60412,43.70558],[-79.60491,43.70556],[-79.60655,43.70553],[-79.6068,43.70553],[-79.60692,43.70552],[-79.60915,43.70548],[-79.61062,43.70544],[-79.61124,43.70542],[-79.6121,43.70539],[-79.61234,43.70538],[-79.61317,43.70537],[-79.61388,43.70535],[-79.61427,43.70534],[-79.61464,43.70534]]}},{"type":"Feature","properties":{"usage":"main"},"geometry":{"type":"LineString","coordinates":[[-79.59056,43.70584],[-79.59356,43.70578],[-79.59453,43.70576],[-79.59806,43.70569],[-79.59912,43.70567],[-79.60028,43.70565],[-79.60117,43.70563],[-79.60185,43.70562],[-79.60224,43.70561],[-79.60367,43.70559],[-79.6037,43.70559]]}},{"type":"Feature","properties":{"usage":"main"},"geometry":{"type":"LineString","coordinates":[[-79.64404,43.70476],[-79.64804,43.70467],[-79.64844,43.70466],[-79.65294,43.70457],[-79.65548,43.70452],[-79.65582,43.70452],[-79.65938,43.70445],[-79.6597,43.70444],[-79.66144,43.7044],[-79.66353,43.70436],[-79.66592,43.70433]]}},{"type":"Feature","properties":{"usage":"main"},"geometry":{"type":"LineString","coordinates":[[-79.66651,43.70431],[-79.66876,43.70427],[-79.6694,43.70425],[-79.67028,43.70423],[-79.67119,43.70421],[-79.6727,43.70418],[-79.67411,43.70415],[-79.67586,43.70407],[-79.67702,43.70399],[-79.67882,43.70384]]}},{"type":"Feature","properties":{"usage":"main"},"geometry":{"type":"LineString","coordinates":[[-79.43332,43.89244],[-79.43365,43.89143],[-79.43369,43.89131],[-79.43373,43.8912],[-79.43432,43.88938],[-79.43442,43.88893],[-79.4345,43.88855],[-79.43453,43.88831],[-79.43456,43.88774],[-79.43456,43.88736],[-79.43448,43.88686],[-79.43436,43.88633],[-79.4342,43.88583],[-79.43415,43.88569]]}},{"type":"Feature","properties":{"usage":"main"},"geometry":{"type":"LineString","coordinates":[[-79.72893,43.59072],[-79.72879,43.59068],[-79.72843,43.59058],[-79.72795,43.59043],[-79.72758,43.5903],[-79.72727,43.59018],[-79.72691,43.59003],[-79.72658,43.58988],[-79.72637,43.58979],[-79.7262,43.5897],[-79.72588,43.58953],[-79.72557,43.58935],[-79.7253,43.58918],[-79.72491,43.58892],[-79.72459,43.58868],[-79.72427,43.58842],[-79.72399,43.58817],[-79.72378,43.58797],[-79.72347,43.58765]]}},{"type":"Feature","properties":{"usage":"main"},"geometry":{"type":"LineString","coordinates":[[-79.72917,43.59079],[-79.72893,43.59072]]}},{"type":"Feature","properties":{"usage":"main"},"geometry":{"type":"LineString","coordinates":[[-79.73492,43.59242],[-79.73475,43.59237]]}},{"type":"Feature","properties":{"usage":"main"},"geometry":{"type":"LineString","coordinates":[[-79.69892,43.57593],[-79.69791,43.57623]]}},{"type":"Feature","properties":{"usage":"main"},"geometry":{"type":"LineString","coordinates":[[-79.73475,43.59237],[-79.73286,43.59183],[-79.73235,43.59168],[-79.73124,43.59138],[-79.72968,43.59093],[-79.72965,43.59092],[-79.72917,43.59079]]}},{"type":"Feature","properties":{"usage":"main"},"geometry":{"type":"LineString","coordinates":[[-79.10738,43.82508],[-79.10415,43.82579],[-79.10348,43.82593],[-79.103,43.82601],[-79.10259,43.82607],[-79.10199,43.82613],[-79.10145,43.82616],[-79.10102,43.82618],[-79.10081,43.82618]]}},{"type":"Feature","properties":{"usage":"main"},"geometry":{"type":"LineString","coordinates":[[-79.49302,43.69057],[-79.49282,43.69046]]}},{"type":"Feature","properties":{"usage":"main"},"geometry":{"type":"LineString","coordinates":[[-79.49282,43.69046],[-79.49251,43.6903],[-79.48987,43.68897],[-79.48713,43.68764]]}},{"type":"Feature","properties":{"usage":"main"},"geometry":{"type":"LineString","coordinates":[[-79.49332,43.69032],[-79.49307,43.69019]]}},{"type":"Feature","properties":{"usage":"main"},"geometry":{"type":"LineString","coordinates":[[-79.50617,43.69673],[-79.50225,43.69474],[-79.49919,43.69323],[-79.49362,43.69047],[-79.49332,43.69032]]}},{"type":"Feature","properties":{"usage":"main"},"geometry":{"type":"LineString","coordinates":[[-79.4341,43.8857],[-79.43407,43.88564]]}},{"type":"Feature","properties":{"usage":"main"},"geometry":{"type":"LineString","coordinates":[[-79.43415,43.88569],[-79.43412,43.88563]]}},{"type":"Feature","properties":{"usage":"main"},"geometry":{"type":"LineString","coordinates":[[-79.43412,43.88563],[-79.43408,43.88551],[-79.43379,43.88485],[-79.43351,43.88439],[-79.43336,43.8841]]}},{"type":"Feature","properties":{"usage":"branch"},"geometry":{"type":"LineString","coordinates":[[-79.31376,43.85894],[-79.31366,43.85973],[-79.31358,43.86037],[-79.31356,43.8605],[-79.31354,43.86062],[-79.31347,43.86114],[-79.31334,43.86182],[-79.31323,43.86225],[-79.31306,43.86262],[-79.31284,43.86301],[-79.31282,43.86305],[-79.31279,43.8631],[-79.31247,43.86345],[-79.31221,43.86372],[-79.31178,43.86404],[-79.31122,43.86438],[-79.31053,43.8647],[-79.31045,43.86474],[-79.31036,43.86478],[-79.3101,43.8649],[-79.3084,43.86561],[-79.30758,43.86597],[-79.30668,43.86635]]}},{"type":"Feature","properties":{"usage":"branch"},"geometry":{"type":"LineString","coordinates":[[-79.31379,43.85875],[-79.31376,43.85894]]}},{"type":"Feature","properties":{"usage":"main"},"geometry":{"type":"LineString","coordinates":[[-79.40037,43.9468],[-79.40037,43.9466]]}},{"type":"Feature","properties":{"usage":"main"},"geometry":{"type":"LineString","coordinates":[[-79.40037,43.9466],[-79.40035,43.94575],[-79.40031,43.9453],[-79.40025,43.94493],[-79.40005,43.94409],[-79.39967,43.9431],[-79.39959,43.94291],[-79.39949,43.94265],[-79.39816,43.93937]]}},{"type":"Feature","properties":{"usage":"main"},"geometry":{"type":"LineString","coordinates":[[-79.36253,43.82577],[-79.36323,43.82561]]}},{"type":"Feature","properties":{"usage":"branch"},"geometry":{"type":"LineString","coordinates":[[-79.25913,43.915],[-79.25896,43.91521]]}},{"type":"Feature","properties":{"usage":"branch"},"geometry":{"type":"LineString","coordinates":[[-79.25896,43.91521],[-79.25856,43.91578],[-79.25822,43.91651],[-79.25805,43.91724],[-79.25779,43.91963],[-79.25754,43.92066],[-79.25694,43.9219],[-79.25539,43.92437],[-79.25505,43.92539],[-79.25514,43.9262],[-79.25569,43.92722],[-79.25621,43.92811],[-79.25657,43.92919],[-79.25665,43.92948],[-79.25672,43.92981],[-79.25676,43.93011],[-79.25679,43.93041],[-79.25678,43.93065],[-79.25676,43.93093],[-79.25667,43.93128],[-79.25652,43.93163],[-79.25638,43.93192],[-79.25613,43.93232],[-79.25577,43.93274],[-79.25536,43.93315],[-79.25448,43.93398],[-79.25374,43.93469],[-79.25304,43.9354],[-79.25272,43.93581],[-79.25241,43.93635],[-79.25219,43.93687],[-79.25207,43.93727],[-79.25201,43.93758],[-79.25199,43.93809],[-79.25197,43.93837],[-79.252,43.94107],[-79.252,43.94379],[-79.25188,43.94557],[-79.25178,43.94685],[-79.25175,43.9472],[-79.25146,43.94834],[-79.25132,43.94871],[-79.25104,43.94926],[-79.2505,43.95045],[-79.25024,43.95142],[-79.25022,43.95228],[-79.25033,43.95326],[-79.2507,43.95588],[-79.25097,43.9575],[-79.251,43.95839],[-79.25098,43.95887],[-79.25091,43.95972],[-79.2508,43.96116],[-79.25062,43.96374],[-79.25062,43.9638],[-79.25062,43.9639],[-79.25061,43.96397],[-79.25048,43.96572],[-79.25039,43.96722],[-79.25029,43.96876],[-79.25026,43.96923],[-79.25023,43.9697],[-79.25018,43.97055],[-79.25017,43.97062],[-79.25017,43.97071],[-79.25015,43.97092],[-79.25005,43.97259],[-79.24997,43.97352],[-79.24995,43.97379],[-79.24986,43.97447],[-79.24977,43.97503],[-79.24975,43.97531],[-79.24957,43.9761],[-79.24937,43.97664],[-79.24907,43.97704],[-79.24891,43.97726],[-79.24428,43.98257],[-79.24373,43.98322],[-79.24324,43.98367],[-79.24263,43.98404],[-79.24187,43.98443],[-79.24075,43.98489],[-79.24007,43.98529],[-79.23964,43.98593],[-79.2393,43.98654],[-79.23862,43.98814],[-79.23821,43.98891],[-79.23715,43.99076],[-79.23577,43.99313],[-79.23552,43.99351],[-79.23546,43.99363],[-79.23541,43.99373]]}},{"type":"Feature","properties":{"usage":"branch"},"geometry":{"type":"LineString","coordinates":[[-79.20173,43.87942],[-79.20012,43.88129],[-79.19917,43.88309],[-79.19853,43.88523],[-79.19803,43.88716],[-79.19745,43.88896],[-79.19643,43.89239],[-79.19551,43.89572],[-79.19456,43.89904],[-79.19371,43.90195],[-79.19292,43.90465],[-79.19277,43.9056],[-79.19247,43.90665],[-79.19245,43.90675],[-79.19242,43.90684],[-79.19239,43.90693],[-79.19237,43.90701],[-79.19234,43.9071],[-79.19232,43.90717],[-79.1923,43.90724]]}},{"type":"Feature","properties":{"usage":"branch"},"geometry":{"type":"LineString","coordinates":[[-79.1923,43.90724],[-79.19229,43.90729],[-79.19227,43.90735]]}},{"type":"Feature","properties":{"usage":"branch"},"geometry":{"type":"LineString","coordinates":[[-79.18733,43.91937],[-79.18758,43.91908]]}},{"type":"Feature","properties":{"usage":"branch"},"geometry":{"type":"LineString","coordinates":[[-79.19227,43.90735],[-79.19224,43.90745],[-79.19222,43.90754],[-79.19219,43.90766],[-79.19215,43.90779],[-79.19211,43.90791],[-79.19145,43.91028],[-79.19074,43.91265],[-79.19036,43.91402],[-79.18991,43.9153],[-79.18966,43.91586],[-79.18935,43.91642],[-79.18897,43.91707],[-79.1885,43.91775],[-79.18758,43.91908]]}},{"type":"Feature","properties":{"usage":"main"},"geometry":{"type":"LineString","coordinates":[[-79.49829,43.61568],[-79.49807,43.61582]]}},{"type":"Feature","properties":{"usage":"main"},"geometry":{"type":"LineString","coordinates":[[-79.06184,43.89338],[-79.06108,43.89357]]}},{"type":"Feature","properties":{"usage":"main"},"geometry":{"type":"LineString","coordinates":[[-79.06108,43.89357],[-79.05532,43.89497],[-79.04841,43.89673],[-79.04753,43.89693],[-79.04688,43.89702],[-79.04636,43.89707],[-79.04571,43.8971],[-79.04504,43.89707],[-79.0444,43.89699],[-79.04396,43.89691],[-79.04321,43.89672],[-79.04247,43.89649],[-79.04171,43.89618],[-79.04101,43.8958]]}},{"type":"Feature","properties":{"usage":"main"},"geometry":{"type":"LineString","coordinates":[[-79.58988,43.70585],[-79.59056,43.70584]]}},{"type":"Feature","properties":{"usage":"main"},"geometry":{"type":"LineString","coordinates":[[-79.6876,43.70236],[-79.6884,43.70222],[-79.68994,43.70193]]}},{"type":"Feature","properties":{"usage":"branch"},"geometry":{"type":"LineString","coordinates":[[-79.53317,43.62404],[-79.53292,43.62345],[-79.5321,43.62151],[-79.53131,43.61963],[-79.53117,43.61928],[-79.53113,43.61919],[-79.53079,43.61837],[-79.52938,43.61509],[-79.52908,43.61437],[-79.52804,43.61192],[-79.52603,43.60712],[-79.52584,43.60669],[-79.5256,43.60612],[-79.52548,43.60584],[-79.52522,43.60511],[-79.52511,43.60469],[-79.52503,43.6042],[-79.5251,43.60363],[-79.52525,43.60313],[-79.52544,43.60275],[-79.52555,43.6025],[-79.52568,43.60229]]}},{"type":"Feature","properties":{"usage":"branch"},"geometry":{"type":"LineString","coordinates":[[-79.23059,43.84437],[-79.23167,43.84347],[-79.23272,43.84252],[-79.23386,43.84132],[-79.23452,43.84049],[-79.23478,43.84018],[-79.23535,43.8393],[-79.23582,43.8385],[-79.23619,43.83771],[-79.23648,43.83703]]}},{"type":"Feature","properties":{"usage":"main"},"geometry":{"type":"LineString","coordinates":[[-79.49807,43.78483],[-79.49789,43.78487],[-79.49538,43.78543],[-79.49377,43.78579],[-79.49207,43.78618]]}},{"type":"Feature","properties":{"usage":"main"},"geometry":{"type":"LineString","coordinates":[[-79.3646,43.67578],[-79.3648,43.67616],[-79.365,43.67649],[-79.36545,43.67707],[-79.36601,43.67776],[-79.36645,43.67831],[-79.36695,43.67896],[-79.36712,43.67916],[-79.36734,43.67946],[-79.36753,43.67982],[-79.36758,43.67996],[-79.36762,43.6801],[-79.36764,43.68024],[-79.36766,43.68038],[-79.36766,43.68052],[-79.36765,43.68066],[-79.36763,43.6808],[-79.36759,43.68095],[-79.36752,43.68114],[-79.36748,43.68125],[-79.36742,43.68136],[-79.36735,43.68147],[-79.36728,43.68158],[-79.3672,43.68168],[-79.36712,43.68177],[-79.367,43.68189],[-79.36687,43.68201],[-79.36675,43.68211],[-79.36661,43.68221],[-79.36643,43.68232],[-79.36623,43.68243],[-79.36595,43.68258],[-79.36565,43.68273]]}},{"type":"Feature","properties":{"usage":"main"},"geometry":{"type":"LineString","coordinates":[[-79.36453,43.67576],[-79.36463,43.67597],[-79.36477,43.67621],[-79.36495,43.6765],[-79.36538,43.67706],[-79.36548,43.67718],[-79.3657,43.67746],[-79.36595,43.67778],[-79.36691,43.67897],[-79.36721,43.67938],[-79.36743,43.67973],[-79.36747,43.67983],[-79.36752,43.67997],[-79.36756,43.6801],[-79.36758,43.68024],[-79.3676,43.68038],[-79.3676,43.68052],[-79.36759,43.68066],[-79.36757,43.6808],[-79.36753,43.68094],[-79.36747,43.68113],[-79.36742,43.68124],[-79.36736,43.68135],[-79.3673,43.68146],[-79.36722,43.68157],[-79.36715,43.68166],[-79.36707,43.68175],[-79.36695,43.68187],[-79.36682,43.68199],[-79.3667,43.68209],[-79.36656,43.68218],[-79.36638,43.68229],[-79.3662,43.6824],[-79.36592,43.68255],[-79.36562,43.6827]]}},{"type":"Feature","properties":{"usage":"main"},"geometry":{"type":"LineString","coordinates":[[-79.36453,43.67563],[-79.3646,43.67578]]}},{"type":"Feature","properties":{"usage":"main"},"geometry":{"type":"LineString","coordinates":[[-79.36446,43.67562],[-79.36453,43.67576]]}},{"type":"Feature","properties":{"usage":"main"},"geometry":{"type":"LineString","coordinates":[[-79.71996,43.58387],[-79.71978,43.58368],[-79.71965,43.58355],[-79.71948,43.58337],[-79.71934,43.58323],[-79.71915,43.58306],[-79.71881,43.58277],[-79.71848,43.58252],[-79.71759,43.58188],[-79.71613,43.58083],[-79.71591,43.58068],[-79.71579,43.58059],[-79.71438,43.57957],[-79.71356,43.57898],[-79.71338,43.57885],[-79.71322,43.57873],[-79.71132,43.57736],[-79.71075,43.577],[-79.71039,43.57681],[-79.71027,43.57676],[-79.70852,43.57592],[-79.7076,43.57547],[-79.70752,43.57543],[-79.70705,43.57522],[-79.70687,43.57515],[-79.70667,43.57509],[-79.70647,43.57502],[-79.70621,43.57495],[-79.7059,43.57487],[-79.70537,43.57477],[-79.70469,43.5747],[-79.70439,43.57469],[-79.70432,43.57469],[-79.70424,43.57469],[-79.70408,43.57469],[-79.70374,43.5747]]}},{"type":"Feature","properties":{"usage":"main"},"geometry":{"type":"LineString","coordinates":[[-79.7235,43.58764],[-79.72312,43.58723]]}},{"type":"Feature","properties":{"usage":"main"},"geometry":{"type":"LineString","coordinates":[[-79.75949,43.59931],[-79.75883,43.59913]]}},{"type":"Feature","properties":{"usage":"main"},"geometry":{"type":"LineString","coordinates":[[-79.75883,43.59913],[-79.75821,43.59894],[-79.75643,43.59844],[-79.75363,43.59766],[-79.7512,43.59697],[-79.74718,43.59584],[-79.74525,43.5953],[-79.74413,43.59498],[-79.74389,43.59491],[-79.74255,43.59453],[-79.74065,43.59399],[-79.73926,43.59361],[-79.73494,43.59239]]}},{"type":"Feature","properties":{"usage":"main"},"geometry":{"type":"LineString","coordinates":[[-79.78178,43.59618],[-79.78132,43.59643],[-79.7811,43.59654],[-79.7805,43.5968],[-79.78018,43.59693],[-79.77985,43.59706],[-79.77962,43.59714],[-79.7792,43.59727],[-79.77873,43.5974],[-79.77826,43.59752],[-79.77736,43.59769],[-79.77456,43.59816],[-79.77003,43.59892],[-79.76753,43.59934],[-79.7664,43.59953],[-79.76574,43.59964],[-79.76522,43.59972],[-79.76473,43.59977],[-79.76388,43.59983],[-79.7629,43.59983],[-79.76224,43.59979],[-79.76178,43.59975],[-79.76145,43.59971],[-79.76105,43.59965],[-79.76058,43.59956],[-79.76025,43.5995],[-79.75949,43.59931]]}},{"type":"Feature","properties":{"usage":"main"},"geometry":{"type":"LineString","coordinates":[[-79.69794,43.57626],[-79.69717,43.57649],[-79.69627,43.57676],[-79.69574,43.57692],[-79.69532,43.57702],[-79.69495,43.5771],[-79.69479,43.57713],[-79.69454,43.57717],[-79.69418,43.57721],[-79.69393,43.57722],[-79.69359,43.57723],[-79.69338,43.57723],[-79.69306,43.57721],[-79.69278,43.57718],[-79.69246,43.57714],[-79.69227,43.57711],[-79.69206,43.57707],[-79.69178,43.577],[-79.69158,43.57695],[-79.69137,43.57688],[-79.69103,43.57676],[-79.6909,43.5767],[-79.6907,43.57661],[-79.69039,43.57646],[-79.6901,43.57631]]}},{"type":"Feature","properties":{"usage":"main"},"geometry":{"type":"LineString","coordinates":[[-79.69895,43.57596],[-79.69794,43.57626]]}},{"type":"Feature","properties":{"usage":"main"},"geometry":{"type":"LineString","coordinates":[[-79.69791,43.57623],[-79.69617,43.57675],[-79.69544,43.57695],[-79.69531,43.57699],[-79.69505,43.57704],[-79.69476,43.5771],[-79.69443,43.57714],[-79.69409,43.57718],[-79.69368,43.57719],[-79.69339,43.57719],[-79.69303,43.57717],[-79.69277,43.57715],[-79.69252,43.57711],[-79.69243,43.5771],[-79.69216,43.57704],[-79.69195,43.577],[-79.69171,43.57694],[-79.69138,43.57684],[-79.69111,43.57674],[-79.69091,43.57666],[-79.69074,43.57659],[-79.69041,43.57642],[-79.68999,43.5762],[-79.68842,43.57535]]}},{"type":"Feature","properties":{"usage":"main"},"geometry":{"type":"LineString","coordinates":[[-79.70374,43.5747],[-79.70354,43.57472],[-79.70333,43.57474],[-79.70295,43.57479],[-79.70261,43.57486],[-79.70224,43.57495],[-79.70197,43.57502],[-79.70127,43.57523],[-79.701,43.5753],[-79.70025,43.57553],[-79.69892,43.57593]]}},{"type":"Feature","properties":{"usage":"main"},"geometry":{"type":"LineString","coordinates":[[-79.61688,43.70529],[-79.61936,43.70524],[-79.6246,43.70514],[-79.63247,43.70498],[-79.63501,43.70493],[-79.63649,43.7049],[-79.63921,43.70485],[-79.64013,43.70483],[-79.64112,43.70481]]}},{"type":"Feature","properties":{"usage":"main"},"geometry":{"type":"LineString","coordinates":[[-79.61499,43.70533],[-79.61639,43.7053],[-79.61662,43.7053]]}},{"type":"Feature","properties":{"usage":"main"},"geometry":{"type":"LineString","coordinates":[[-79.57769,43.7061],[-79.57935,43.70606],[-79.5825,43.70599],[-79.58337,43.70598],[-79.58762,43.70589],[-79.58786,43.70589],[-79.58894,43.70587],[-79.58919,43.70587],[-79.58988,43.70585]]}},{"type":"Feature","properties":{"usage":"main"},"geometry":{"type":"LineString","coordinates":[[-79.58986,43.70581],[-79.58925,43.70583],[-79.58762,43.70586],[-79.58363,43.70594],[-79.57874,43.70604],[-79.57767,43.70606]]}},{"type":"Feature","properties":{"usage":"main"},"geometry":{"type":"LineString","coordinates":[[-79.61662,43.7053],[-79.61688,43.70529]]}},{"type":"Feature","properties":{"usage":"main"},"geometry":{"type":"LineString","coordinates":[[-79.55728,43.70649],[-79.55745,43.70648],[-79.55819,43.70647],[-79.55925,43.70645],[-79.56005,43.70643],[-79.56065,43.70642],[-79.56159,43.70639],[-79.56233,43.70638],[-79.56325,43.70636],[-79.5639,43.70635],[-79.56447,43.70634],[-79.56536,43.70632],[-79.56568,43.70632],[-79.56627,43.70631],[-79.56765,43.70629],[-79.56981,43.70625],[-79.57141,43.70622],[-79.57199,43.70621],[-79.57455,43.70616],[-79.5767,43.70612],[-79.57726,43.70611]]}},{"type":"Feature","properties":{"usage":"main"},"geometry":{"type":"LineString","coordinates":[[-79.59054,43.7058],[-79.58986,43.70581]]}},{"type":"Feature","properties":{"usage":"main"},"geometry":{"type":"LineString","coordinates":[[-79.57767,43.70606],[-79.57727,43.70606]]}},{"type":"Feature","properties":{"usage":"main"},"geometry":{"type":"LineString","coordinates":[[-79.61464,43.70534],[-79.61499,43.70533]]}},{"type":"Feature","properties":{"usage":"main"},"geometry":{"type":"LineString","coordinates":[[-79.57727,43.70606],[-79.5766,43.70608],[-79.57454,43.70612],[-79.57149,43.70617],[-79.56641,43.70628],[-79.56524,43.70628],[-79.56447,43.7063],[-79.56389,43.70631],[-79.561,43.70637],[-79.56004,43.70639],[-79.55738,43.70646],[-79.55731,43.70646]]}},{"type":"Feature","properties":{"usage":"main"},"geometry":{"type":"LineString","coordinates":[[-79.57726,43.70611],[-79.57769,43.7061]]}},{"type":"Feature","properties":{"usage":"branch"},"geometry":{"type":"LineString","coordinates":[[-79.60873,43.70545],[-79.60917,43.70543],[-79.6095,43.70541],[-79.61051,43.70536],[-79.61163,43.7053],[-79.61207,43.70528],[-79.61276,43.70525],[-79.61305,43.70523],[-79.61319,43.70522],[-79.61358,43.70514],[-79.6138,43.70506],[-79.61394,43.70498],[-79.6141,43.70488],[-79.61425,43.70476]]}},{"type":"Feature","properties":{"usage":"main"},"geometry":{"type":"LineString","coordinates":[[-79.67878,43.7038],[-79.67651,43.70399],[-79.67585,43.70403],[-79.67468,43.70409],[-79.67412,43.70411],[-79.67292,43.70414],[-79.67209,43.70415],[-79.67117,43.70417]]}},{"type":"Feature","properties":{"usage":"main"},"geometry":{"type":"LineString","coordinates":[[-79.10216,43.82323],[-79.10089,43.82381],[-79.10067,43.82391],[-79.10009,43.82417],[-79.09953,43.82443],[-79.09824,43.82501],[-79.09581,43.82614],[-79.09446,43.82676],[-79.09265,43.82756],[-79.09079,43.82844]]}},{"type":"Feature","properties":{"usage":"main"},"geometry":{"type":"LineString","coordinates":[[-79.10219,43.82325],[-79.10102,43.82384],[-79.10002,43.82435],[-79.09908,43.82483],[-79.09846,43.82518],[-79.09773,43.82563],[-79.09738,43.82587],[-79.0972,43.82599],[-79.09696,43.82615],[-79.09651,43.82641],[-79.0962,43.82656],[-79.09555,43.82686],[-79.09411,43.82743],[-79.0923,43.82816],[-79.09131,43.82856],[-79.09036,43.829],[-79.08862,43.8298],[-79.0875,43.83031],[-79.08716,43.83046]]}},{"type":"Feature","properties":{"usage":"branch"},"geometry":{"type":"LineString","coordinates":[[-79.50876,43.86288],[-79.50935,43.86375],[-79.50988,43.86461],[-79.51161,43.86734],[-79.51321,43.86992],[-79.51396,43.87115],[-79.51454,43.87207],[-79.51525,43.87321],[-79.51551,43.87362],[-79.51699,43.87593]]}},{"type":"Feature","properties":{"usage":"branch"},"geometry":{"type":"LineString","coordinates":[[-79.51761,43.8767],[-79.51922,43.87872],[-79.51949,43.87907],[-79.52126,43.88134],[-79.52196,43.88227],[-79.52301,43.88367],[-79.52332,43.88416],[-79.52354,43.8845],[-79.52384,43.88505],[-79.52395,43.88536],[-79.52409,43.88578],[-79.52419,43.88609],[-79.52427,43.8866],[-79.52436,43.88766],[-79.52447,43.88875],[-79.52454,43.88967],[-79.52457,43.89064]]}},{"type":"Feature","properties":{"usage":"branch"},"geometry":{"type":"LineString","coordinates":[[-79.51699,43.87593],[-79.51761,43.8767]]}},{"type":"Feature","properties":{"usage":"main"},"geometry":{"type":"LineString","coordinates":[[-79.59559,43.54833],[-79.59673,43.54727],[-79.59792,43.54619],[-79.59818,43.54594],[-79.5989,43.54528],[-79.5997,43.54454],[-79.59995,43.54432],[-79.60129,43.54309],[-79.60287,43.54163],[-79.60412,43.54048],[-79.607,43.53783],[-79.60783,43.53707],[-79.61075,43.53438],[-79.61294,43.53238],[-79.61358,43.53178],[-79.61392,43.53146],[-79.61401,43.53139],[-79.61412,43.5313],[-79.6142,43.53122],[-79.61427,43.53115],[-79.61761,43.52807],[-79.61961,43.52626],[-79.62173,43.52428],[-79.62364,43.52251],[-79.62481,43.52145],[-79.62673,43.51968],[-79.6268,43.51961],[-79.62854,43.51801],[-79.62933,43.51729],[-79.62966,43.51698],[-79.63069,43.51603],[-79.63206,43.51477],[-79.63283,43.51408],[-79.63322,43.51375]]}},{"type":"Feature","properties":{"usage":"main"},"geometry":{"type":"LineString","coordinates":[[-79.59346,43.5503],[-79.59358,43.5502]]}},{"type":"Feature","properties":{"usage":"main"},"geometry":{"type":"LineString","coordinates":[[-79.59235,43.55132],[-79.59346,43.5503]]}},{"type":"Feature","properties":{"usage":"main"},"geometry":{"type":"LineString","coordinates":[[-79.59078,43.55268],[-79.59055,43.55289],[-79.59025,43.55317],[-79.58989,43.55349],[-79.58984,43.55354],[-79.58923,43.5541],[-79.58879,43.55451],[-79.58857,43.55471],[-79.58813,43.55512],[-79.58753,43.55566],[-79.58696,43.55619],[-79.58651,43.5566],[-79.58608,43.55699],[-79.58538,43.55763]]}},{"type":"Feature","properties":{"usage":"main"},"geometry":{"type":"LineString","coordinates":[[-79.59168,43.55194],[-79.59235,43.55132]]}},{"type":"Feature","properties":{"usage":"main"},"geometry":{"type":"LineString","coordinates":[[-79.59089,43.55267],[-79.59168,43.55194]]}},{"type":"Feature","properties":{"usage":"main"},"geometry":{"type":"LineString","coordinates":[[-79.63356,43.51344],[-79.63322,43.51375]]}},{"type":"Feature","properties":{"usage":"main"},"geometry":{"type":"LineString","coordinates":[[-79.64756,43.49819],[-79.64628,43.4998],[-79.64569,43.50055],[-79.64386,43.50288],[-79.6432,43.50372],[-79.64315,43.50378],[-79.64255,43.50454],[-79.64224,43.50492],[-79.64182,43.50545],[-79.64133,43.506],[-79.64096,43.50642],[-79.64031,43.5071],[-79.63931,43.5081],[-79.63869,43.50869],[-79.63747,43.50985],[-79.63658,43.51071],[-79.63614,43.5111],[-79.63579,43.51143],[-79.6352,43.51197],[-79.63423,43.51286],[-79.63399,43.51307],[-79.63356,43.51344]]}},{"type":"Feature","properties":{"usage":"branch"},"geometry":{"type":"LineString","coordinates":[[-79.48442,43.78367],[-79.48452,43.78415]]}},{"type":"Feature","properties":{"usage":"branch"},"geometry":{"type":"LineString","coordinates":[[-79.48219,43.77261],[-79.48231,43.77316],[-79.4826,43.77457],[-79.48392,43.78118]]}},{"type":"Feature","properties":{"usage":"main"},"geometry":{"type":"LineString","coordinates":[[-79.32162,43.84338],[-79.32033,43.84368],[-79.31886,43.84403],[-79.3176,43.84431],[-79.31603,43.84467]]}},{"type":"Feature","properties":{"usage":"main"},"geometry":{"type":"LineString","coordinates":[[-79.30671,43.68395],[-79.30536,43.68448],[-79.30396,43.68502],[-79.3027,43.68552],[-79.30218,43.68571],[-79.3017,43.68589],[-79.30117,43.68606],[-79.30109,43.68609],[-79.30063,43.68623],[-79.29983,43.68646],[-79.29936,43.68658],[-79.29882,43.68672],[-79.29751,43.68702],[-79.29737,43.68705],[-79.29252,43.68815],[-79.28768,43.68924],[-79.28737,43.68932],[-79.28608,43.6896],[-79.28169,43.6906],[-79.27931,43.69115],[-79.27789,43.69156],[-79.27653,43.69202],[-79.27445,43.69291],[-79.27341,43.69344]]}},{"type":"Feature","properties":{"usage":"main"},"geometry":{"type":"LineString","coordinates":[[-79.30913,43.683],[-79.30878,43.68314],[-79.30797,43.68346],[-79.30748,43.68365],[-79.30671,43.68395]]}},{"type":"Feature","properties":{"usage":"branch"},"geometry":{"type":"LineString","coordinates":[[-79.53312,43.62405],[-79.53324,43.6243]]}},{"type":"Feature","properties":{"usage":"branch"},"geometry":{"type":"LineString","coordinates":[[-79.52568,43.60229],[-79.52555,43.60245],[-79.52546,43.6026],[-79.52537,43.60276],[-79.52526,43.60298],[-79.52521,43.60308],[-79.52516,43.60324],[-79.5251,43.60342],[-79.52505,43.60362],[-79.52502,43.6038],[-79.525,43.60397],[-79.52499,43.60413],[-79.52498,43.60425],[-79.525,43.60444],[-79.52501,43.60456],[-79.52502,43.6047],[-79.52506,43.60487],[-79.52513,43.6051],[-79.52519,43.60529],[-79.52548,43.60599],[-79.5255,43.60602],[-79.52555,43.60613],[-79.5259,43.60697],[-79.52604,43.6073],[-79.52606,43.60736],[-79.52633,43.60796],[-79.5269,43.60934],[-79.52764,43.61111],[-79.52815,43.6123],[-79.52848,43.61309],[-79.52922,43.61481],[-79.52934,43.6151],[-79.52998,43.61659],[-79.53092,43.61878],[-79.53111,43.61928],[-79.53127,43.61966],[-79.53205,43.62153],[-79.53221,43.62191],[-79.53276,43.62319],[-79.53312,43.62405]]}},{"type":"Feature","properties":{"usage":"branch"},"geometry":{"type":"LineString","coordinates":[[-79.52812,43.64334],[-79.52787,43.64357]]}},{"type":"Feature","properties":{"usage":"branch"},"geometry":{"type":"LineString","coordinates":[[-79.53324,43.6243],[-79.53334,43.62454],[-79.53371,43.62544],[-79.53418,43.62655],[-79.53426,43.62675],[-79.53499,43.6285],[-79.53527,43.62917],[-79.53532,43.62929],[-79.5359,43.63064],[-79.53622,43.63138],[-79.53649,43.632],[-79.53692,43.63303],[-79.53702,43.63327],[-79.5371,43.63347],[-79.53716,43.63367],[-79.53719,43.63379],[-79.53721,43.63398],[-79.53724,43.63416],[-79.53724,43.63434],[-79.53724,43.6345],[-79.53722,43.63464],[-79.5372,43.63478],[-79.53718,43.63491],[-79.53714,43.63504],[-79.53707,43.63529],[-79.53702,43.63539],[-79.53697,43.63551],[-79.5369,43.63564],[-79.53686,43.6357],[-79.53679,43.63581],[-79.53669,43.63596],[-79.53659,43.63609],[-79.53648,43.63621],[-79.53636,43.63634],[-79.53623,43.63646],[-79.53612,43.63657],[-79.53576,43.63689]]}},{"type":"Feature","properties":{"usage":"main"},"geometry":{"type":"LineString","coordinates":[[-79.72894,43.59069],[-79.72864,43.59061],[-79.72761,43.59028],[-79.72682,43.58995],[-79.72642,43.58976],[-79.72593,43.58951],[-79.72577,43.58941],[-79.72538,43.58919],[-79.72512,43.58901],[-79.72475,43.58875],[-79.72455,43.5886],[-79.72436,43.58844],[-79.7241,43.58822],[-79.7239,43.58804],[-79.72377,43.5879],[-79.7235,43.58764]]}},{"type":"Feature","properties":{"usage":"main"},"geometry":{"type":"LineString","coordinates":[[-79.73494,43.59239],[-79.73478,43.59234]]}},{"type":"Feature","properties":{"usage":"main"},"geometry":{"type":"LineString","coordinates":[[-79.72918,43.59076],[-79.72894,43.59069]]}},{"type":"Feature","properties":{"usage":"main"},"geometry":{"type":"LineString","coordinates":[[-79.73478,43.59234],[-79.73287,43.5918],[-79.73236,43.59166],[-79.73189,43.59152],[-79.73183,43.59151],[-79.73061,43.59117],[-79.72918,43.59076]]}},{"type":"Feature","properties":{"usage":"main"},"geometry":{"type":"LineString","coordinates":[[-79.41793,43.64046],[-79.41555,43.64036]]}},{"type":"Feature","properties":{"usage":"main"},"geometry":{"type":"LineString","coordinates":[[-79.40969,43.64026],[-79.41183,43.64035],[-79.41556,43.64047]]}},{"type":"Feature","properties":{"usage":"main"},"geometry":{"type":"LineString","coordinates":[[-79.41555,43.64036],[-79.41185,43.64023],[-79.40971,43.64016]]}},{"type":"Feature","properties":{"usage":"main"},"geometry":{"type":"LineString","coordinates":[[-79.40969,43.64022],[-79.41182,43.64031],[-79.41556,43.64044]]}},{"type":"Feature","properties":{"usage":"main"},"geometry":{"type":"LineString","coordinates":[[-79.40597,43.64016],[-79.40648,43.64017],[-79.40695,43.64017],[-79.40772,43.64019],[-79.40848,43.64022],[-79.40969,43.64026]]}},{"type":"Feature","properties":{"usage":"main"},"geometry":{"type":"LineString","coordinates":[[-79.40923,43.80781],[-79.40737,43.80858],[-79.40658,43.80898],[-79.40563,43.80956],[-79.40185,43.81233]]}},{"type":"Feature","properties":{"usage":"main"},"geometry":{"type":"LineString","coordinates":[[-79.36253,43.82577],[-79.36004,43.82634],[-79.35505,43.82748],[-79.35004,43.82864],[-79.34246,43.83036],[-79.34133,43.83062],[-79.34056,43.83087],[-79.33976,43.83118],[-79.33891,43.83161],[-79.33822,43.83199],[-79.33708,43.83281],[-79.33595,43.83397],[-79.33505,43.83508],[-79.33419,43.83613],[-79.33287,43.83774],[-79.33112,43.83975],[-79.33042,43.84037],[-79.32904,43.84121],[-79.32801,43.84169],[-79.32721,43.84201],[-79.32642,43.84225],[-79.3256,43.84246],[-79.32528,43.84254],[-79.32464,43.84268],[-79.32398,43.84283],[-79.32256,43.84316],[-79.32224,43.84323]]}},{"type":"Feature","properties":{"usage":"main"},"geometry":{"type":"LineString","coordinates":[[-79.42497,43.91297],[-79.42626,43.91184],[-79.42652,43.91149],[-79.42659,43.9114],[-79.42666,43.91132],[-79.42698,43.91092],[-79.42723,43.91054],[-79.4275,43.91008],[-79.42793,43.90907],[-79.43059,43.90069],[-79.43137,43.89826],[-79.43248,43.89485],[-79.43326,43.89244],[-79.43359,43.89144],[-79.43363,43.89133],[-79.43367,43.89121],[-79.43427,43.88938],[-79.43445,43.88832],[-79.4345,43.88738],[-79.43437,43.88648],[-79.4341,43.8857]]}},{"type":"Feature","properties":{"usage":"main"},"geometry":{"type":"LineString","coordinates":[[-79.42436,43.91345],[-79.42497,43.91297]]}},{"type":"Feature","properties":{"usage":"main"},"geometry":{"type":"LineString","coordinates":[[-79.40436,43.93304],[-79.40472,43.93285],[-79.40506,43.93262],[-79.40532,43.9324],[-79.4056,43.93211],[-79.40579,43.93186],[-79.40594,43.9316],[-79.40673,43.92995],[-79.40698,43.92948],[-79.40717,43.92922],[-79.40736,43.92898],[-79.40778,43.92858],[-79.40826,43.92822],[-79.40921,43.92758],[-79.41045,43.92678],[-79.41172,43.92599],[-79.41283,43.92503],[-79.41322,43.92465],[-79.41359,43.92422],[-79.41534,43.92185],[-79.41679,43.91994],[-79.41737,43.9192],[-79.41803,43.91857],[-79.41884,43.91789],[-79.4216,43.91573],[-79.42276,43.91476],[-79.42436,43.91345]]}},{"type":"Feature","properties":{"usage":"main"},"geometry":{"type":"LineString","coordinates":[[-79.3968,43.64122],[-79.39556,43.64158]]}},{"type":"Feature","properties":{"usage":"main"},"geometry":{"type":"LineString","coordinates":[[-79.39556,43.64158],[-79.3952,43.64168],[-79.39455,43.64187],[-79.39376,43.64205],[-79.39296,43.64221],[-79.3911,43.64251],[-79.39005,43.6427]]}},{"type":"Feature","properties":{"usage":"main"},"geometry":{"type":"LineString","coordinates":[[-79.40105,43.64046],[-79.39988,43.64061],[-79.39928,43.64068],[-79.39868,43.64078],[-79.39833,43.64084],[-79.39773,43.64097],[-79.39732,43.64108],[-79.3968,43.64122]]}},{"type":"Feature","properties":{"usage":"branch"},"geometry":{"type":"LineString","coordinates":[[-79.61425,43.70476],[-79.61433,43.70468],[-79.61447,43.70449],[-79.61454,43.70431],[-79.61457,43.70419],[-79.61457,43.70402],[-79.61456,43.70389],[-79.6145,43.7037],[-79.61434,43.70343],[-79.61423,43.70333],[-79.6139,43.70304],[-79.61181,43.70128],[-79.61154,43.70105],[-79.61121,43.70073],[-79.61103,43.7005],[-79.61092,43.70033],[-79.61072,43.69998],[-79.61053,43.69949],[-79.61002,43.6981],[-79.60992,43.69768],[-79.60991,43.69737],[-79.60995,43.69708],[-79.61003,43.69687],[-79.61014,43.69663],[-79.61032,43.69637],[-79.61177,43.69475],[-79.61188,43.6946],[-79.61205,43.69434],[-79.61221,43.69404],[-79.61232,43.69376],[-79.61239,43.69353],[-79.61261,43.69281],[-79.61281,43.69207],[-79.6131,43.69107],[-79.61334,43.69022],[-79.6138,43.68861],[-79.61391,43.68823],[-79.61405,43.68793],[-79.61417,43.68774],[-79.61435,43.6875],[-79.61486,43.6869],[-79.61567,43.6859],[-79.61573,43.6858],[-79.61581,43.68564],[-79.61585,43.68551],[-79.61587,43.68542],[-79.61588,43.68533],[-79.61588,43.68525],[-79.61587,43.68515],[-79.61584,43.68505],[-79.61579,43.68491],[-79.61572,43.68476],[-79.61559,43.6846],[-79.61545,43.68448],[-79.61536,43.6844],[-79.61511,43.68421]]}},{"type":"Feature","properties":{"usage":"branch"},"geometry":{"type":"LineString","coordinates":[[-79.61423,43.70469],[-79.61418,43.70475],[-79.61409,43.70482],[-79.61398,43.7049],[-79.61385,43.70498],[-79.61372,43.70503],[-79.61358,43.70509],[-79.61333,43.70515],[-79.6131,43.70518],[-79.61297,43.7052],[-79.61271,43.7052],[-79.61226,43.70523],[-79.61176,43.70526],[-79.61139,43.70527],[-79.6109,43.7053],[-79.6101,43.70535],[-79.60917,43.7054],[-79.6089,43.70541],[-79.60827,43.70543]]}},{"type":"Feature","properties":{"usage":"branch"},"geometry":{"type":"LineString","coordinates":[[-79.61506,43.68424],[-79.61522,43.68437],[-79.61534,43.68445],[-79.61544,43.68454],[-79.61551,43.6846],[-79.61557,43.68467],[-79.61562,43.68473],[-79.61569,43.68484],[-79.61573,43.68492],[-79.61576,43.68501],[-79.61579,43.68513],[-79.61581,43.68526],[-79.61581,43.68535],[-79.61579,43.68545],[-79.61576,43.68556],[-79.61574,43.68562],[-79.61566,43.68579],[-79.6156,43.6859],[-79.6148,43.68688],[-79.61429,43.68748],[-79.61419,43.68761],[-79.6141,43.68773],[-79.61397,43.68794],[-79.61385,43.68823],[-79.61372,43.68864],[-79.61327,43.69022],[-79.61303,43.69106],[-79.61275,43.69206],[-79.61254,43.6928],[-79.61233,43.69352],[-79.61226,43.69374],[-79.61215,43.69403],[-79.61199,43.69432],[-79.61182,43.69458],[-79.61171,43.69472],[-79.61105,43.69545],[-79.61059,43.69596],[-79.6103,43.69629],[-79.61018,43.69646],[-79.61005,43.69668],[-79.60999,43.69679],[-79.60992,43.69701],[-79.60987,43.69719],[-79.60984,43.69737],[-79.60986,43.69768],[-79.60989,43.69788],[-79.60996,43.69811],[-79.61047,43.6995],[-79.61066,43.7],[-79.61085,43.70034],[-79.61097,43.70052],[-79.61115,43.70075],[-79.61149,43.70107],[-79.61176,43.7013],[-79.61384,43.70306],[-79.61414,43.70333],[-79.61426,43.70346],[-79.61436,43.70359],[-79.61442,43.7037],[-79.61449,43.70389],[-79.6145,43.70402],[-79.61449,43.70418],[-79.61447,43.70429],[-79.6144,43.70445],[-79.61429,43.70463],[-79.61423,43.70469]]}},{"type":"Feature","properties":{"usage":"main"},"geometry":{"type":"LineString","coordinates":[[-79.67697,43.56917],[-79.6762,43.56876]]}},{"type":"Feature","properties":{"usage":"main"},"geometry":{"type":"LineString","coordinates":[[-79.68179,43.57183],[-79.68145,43.57164],[-79.68112,43.57146],[-79.6805,43.57112]]}},{"type":"Feature","properties":{"usage":"main"},"geometry":{"type":"LineString","coordinates":[[-79.68168,43.57172],[-79.68041,43.57103],[-79.67931,43.57043],[-79.67848,43.56999],[-79.67804,43.56975],[-79.67782,43.56963],[-79.67717,43.56927],[-79.67697,43.56917]]}},{"type":"Feature","properties":{"usage":"main"},"geometry":{"type":"LineString","coordinates":[[-79.68036,43.70365],[-79.68014,43.70367],[-79.67993,43.7037],[-79.67971,43.70372],[-79.67878,43.7038]]}},{"type":"Feature","properties":{"usage":"branch"},"geometry":{"type":"LineString","coordinates":[[-79.30876,43.8322],[-79.31104,43.83457],[-79.31112,43.83465],[-79.31211,43.83563],[-79.31225,43.83577],[-79.31307,43.83658],[-79.31342,43.83697],[-79.31364,43.83727],[-79.31391,43.83773]]}},{"type":"Feature","properties":{"usage":"branch"},"geometry":{"type":"LineString","coordinates":[[-79.30855,43.83199],[-79.3077,43.83105]]}},{"type":"Feature","properties":{"usage":"main"},"geometry":{"type":"LineString","coordinates":[[-79.50597,43.69673],[-79.50631,43.69691]]}},{"type":"Feature","properties":{"usage":"main"},"geometry":{"type":"LineString","coordinates":[[-79.50651,43.6969],[-79.50617,43.69673]]}},{"type":"Feature","properties":{"usage":"main"},"geometry":{"type":"LineString","coordinates":[[-79.50641,43.6969],[-79.50607,43.69673]]}},{"type":"Feature","properties":{"usage":"main"},"geometry":{"type":"LineString","coordinates":[[-79.49326,43.69038],[-79.4951,43.69129],[-79.49627,43.69187],[-79.49642,43.69194]]}},{"type":"Feature","properties":{"usage":"main"},"geometry":{"type":"LineString","coordinates":[[-79.5139,43.70053],[-79.51307,43.70011],[-79.51108,43.69912],[-79.50985,43.69852],[-79.50651,43.6969]]}},{"type":"Feature","properties":{"usage":"main"},"geometry":{"type":"LineString","coordinates":[[-79.50607,43.69673],[-79.50223,43.69477],[-79.49795,43.69266],[-79.49765,43.69251]]}},{"type":"Feature","properties":{"usage":"main"},"geometry":{"type":"LineString","coordinates":[[-79.51375,43.7006],[-79.51423,43.70084]]}},{"type":"Feature","properties":{"usage":"main"},"geometry":{"type":"LineString","coordinates":[[-79.50631,43.69691],[-79.51293,43.7002],[-79.5137,43.70058],[-79.51375,43.7006]]}},{"type":"Feature","properties":{"usage":"main"},"geometry":{"type":"LineString","coordinates":[[-79.51428,43.70075],[-79.51386,43.70055]]}},{"type":"Feature","properties":{"usage":"main"},"geometry":{"type":"LineString","coordinates":[[-79.51386,43.70055],[-79.51376,43.7005],[-79.51304,43.70014],[-79.51106,43.69915],[-79.50983,43.69856],[-79.50641,43.6969]]}},{"type":"Feature","properties":{"usage":"main"},"geometry":{"type":"LineString","coordinates":[[-79.52978,43.70665],[-79.52927,43.70659],[-79.52824,43.70642],[-79.52703,43.70618],[-79.52633,43.70601],[-79.52565,43.70582],[-79.52484,43.70559],[-79.52398,43.70531],[-79.5229,43.7049],[-79.52236,43.70469]]}},{"type":"Feature","properties":{"usage":"main"},"geometry":{"type":"LineString","coordinates":[[-79.52232,43.70471],[-79.52287,43.70493],[-79.52396,43.70534],[-79.5248,43.70561],[-79.52561,43.70586],[-79.52632,43.70604],[-79.52706,43.70622],[-79.52827,43.70646],[-79.52927,43.70662],[-79.52977,43.70669]]}},{"type":"Feature","properties":{"usage":"main"},"geometry":{"type":"LineString","coordinates":[[-79.45911,43.66619],[-79.45892,43.666],[-79.45743,43.66449]]}},{"type":"Feature","properties":{"usage":"main"},"geometry":{"type":"LineString","coordinates":[[-79.53291,43.70686],[-79.53234,43.70684],[-79.53188,43.70681],[-79.53112,43.70676],[-79.53067,43.70672],[-79.53032,43.70669],[-79.52981,43.70662],[-79.52927,43.70655],[-79.52827,43.70639],[-79.52709,43.70615],[-79.52634,43.70597],[-79.52565,43.70579],[-79.52487,43.70556],[-79.52399,43.70527],[-79.52326,43.705],[-79.5224,43.70467]]}},{"type":"Feature","properties":{"usage":"main"},"geometry":{"type":"LineString","coordinates":[[-79.51423,43.70084],[-79.51519,43.70132],[-79.51714,43.70224],[-79.51871,43.70299]]}},{"type":"Feature","properties":{"usage":"main"},"geometry":{"type":"LineString","coordinates":[[-79.51873,43.70296],[-79.51717,43.70219],[-79.51428,43.70075]]}},{"type":"Feature","properties":{"usage":"main"},"geometry":{"type":"LineString","coordinates":[[-79.5224,43.70467],[-79.52168,43.70434],[-79.52021,43.70365],[-79.51877,43.70292]]}},{"type":"Feature","properties":{"usage":"main"},"geometry":{"type":"LineString","coordinates":[[-79.51871,43.70299],[-79.52015,43.70371],[-79.52162,43.7044],[-79.52232,43.70471]]}},{"type":"Feature","properties":{"usage":"main"},"geometry":{"type":"LineString","coordinates":[[-79.52236,43.70469],[-79.52165,43.70437],[-79.52018,43.70368],[-79.51873,43.70296]]}},{"type":"Feature","properties":{"usage":"main"},"geometry":{"type":"LineString","coordinates":[[-79.48687,43.68734],[-79.4874,43.6876]]}},{"type":"Feature","properties":{"usage":"main"},"geometry":{"type":"LineString","coordinates":[[-79.49305,43.69023],[-79.48755,43.68755]]}},{"type":"Feature","properties":{"usage":"main"},"geometry":{"type":"LineString","coordinates":[[-79.48746,43.68758],[-79.49302,43.69026]]}},{"type":"Feature","properties":{"usage":"main"},"geometry":{"type":"LineString","coordinates":[[-79.48755,43.68755],[-79.48705,43.68731]]}},{"type":"Feature","properties":{"usage":"main"},"geometry":{"type":"LineString","coordinates":[[-79.49302,43.69026],[-79.49326,43.69038]]}},{"type":"Feature","properties":{"usage":"main"},"geometry":{"type":"LineString","coordinates":[[-79.48695,43.68733],[-79.48746,43.68758]]}},{"type":"Feature","properties":{"usage":"main"},"geometry":{"type":"LineString","coordinates":[[-79.49299,43.69029],[-79.49325,43.69041]]}},{"type":"Feature","properties":{"usage":"main"},"geometry":{"type":"LineString","coordinates":[[-79.4874,43.6876],[-79.48955,43.68864],[-79.49299,43.69029]]}},{"type":"Feature","properties":{"usage":"main"},"geometry":{"type":"LineString","coordinates":[[-79.49328,43.69035],[-79.49305,43.69023]]}},{"type":"Feature","properties":{"usage":"main"},"geometry":{"type":"LineString","coordinates":[[-79.48458,43.68639],[-79.48532,43.68668],[-79.48587,43.68689],[-79.48614,43.68699],[-79.48652,43.68717],[-79.48687,43.68734]]}},{"type":"Feature","properties":{"usage":"main"},"geometry":{"type":"LineString","coordinates":[[-79.48115,43.68442],[-79.48191,43.68481],[-79.4826,43.68516],[-79.48401,43.68591],[-79.48437,43.6861],[-79.48474,43.68627],[-79.48548,43.68662],[-79.48623,43.68697],[-79.48695,43.68733]]}},{"type":"Feature","properties":{"usage":"main"},"geometry":{"type":"LineString","coordinates":[[-79.48705,43.68731],[-79.48113,43.68437]]}},{"type":"Feature","properties":{"usage":"main"},"geometry":{"type":"LineString","coordinates":[[-79.46254,43.6703],[-79.46226,43.66988],[-79.46209,43.66966],[-79.46184,43.66934],[-79.4617,43.66916],[-79.46163,43.66905],[-79.46154,43.66887],[-79.46149,43.6687],[-79.46148,43.66854],[-79.46149,43.66837],[-79.46153,43.6682],[-79.46161,43.66804],[-79.46166,43.66794],[-79.46171,43.66787],[-79.46175,43.66782],[-79.4618,43.66777],[-79.46186,43.66771],[-79.46196,43.66764],[-79.46206,43.66757],[-79.46216,43.66751],[-79.46226,43.66747],[-79.46238,43.66742],[-79.4625,43.66738],[-79.46262,43.66735],[-79.46272,43.66733],[-79.46283,43.66731],[-79.46297,43.6673],[-79.46311,43.66729],[-79.46349,43.66728]]}},{"type":"Feature","properties":{"usage":"main"},"geometry":{"type":"LineString","coordinates":[[-79.48113,43.68437],[-79.47939,43.68351]]}},{"type":"Feature","properties":{"usage":"main"},"geometry":{"type":"LineString","coordinates":[[-79.47938,43.68354],[-79.48115,43.68442]]}},{"type":"Feature","properties":{"usage":"main"},"geometry":{"type":"LineString","coordinates":[[-79.47935,43.68357],[-79.48118,43.68448]]}},{"type":"Feature","properties":{"usage":"main"},"geometry":{"type":"LineString","coordinates":[[-79.46365,43.67081],[-79.46438,43.67158]]}},{"type":"Feature","properties":{"usage":"main"},"geometry":{"type":"LineString","coordinates":[[-79.46354,43.67088],[-79.46428,43.67163],[-79.46593,43.67326],[-79.46909,43.67655],[-79.47123,43.67845],[-79.4721,43.67915],[-79.47456,43.68087],[-79.47627,43.68191],[-79.47762,43.68267],[-79.47892,43.68332]]}},{"type":"Feature","properties":{"usage":"main"},"geometry":{"type":"LineString","coordinates":[[-79.47939,43.68351],[-79.47767,43.68262],[-79.47631,43.68187],[-79.47465,43.68086],[-79.47214,43.67911],[-79.4713,43.67842],[-79.46918,43.67654],[-79.46665,43.67387],[-79.46435,43.67161],[-79.46361,43.67084]]}},{"type":"Feature","properties":{"usage":"main"},"geometry":{"type":"LineString","coordinates":[[-79.4635,43.6709],[-79.46665,43.67408],[-79.469,43.67654],[-79.47049,43.67796],[-79.47189,43.67919],[-79.47426,43.68086],[-79.47526,43.68146],[-79.47619,43.68198],[-79.47757,43.68269],[-79.47846,43.68313],[-79.47873,43.68324],[-79.47892,43.68332]]}},{"type":"Feature","properties":{"usage":"main"},"geometry":{"type":"LineString","coordinates":[[-79.45979,43.66705],[-79.46007,43.66732]]}},{"type":"Feature","properties":{"usage":"main"},"geometry":{"type":"LineString","coordinates":[[-79.45727,43.66452],[-79.45851,43.66581],[-79.45897,43.66628]]}},{"type":"Feature","properties":{"usage":"main"},"geometry":{"type":"LineString","coordinates":[[-79.45994,43.66709],[-79.46019,43.66735]]}},{"type":"Feature","properties":{"usage":"main"},"geometry":{"type":"LineString","coordinates":[[-79.45974,43.66707],[-79.46001,43.66734]]}},{"type":"Feature","properties":{"usage":"main"},"geometry":{"type":"LineString","coordinates":[[-79.08899,43.8833],[-79.08647,43.88454],[-79.08342,43.88598],[-79.07753,43.88879],[-79.07577,43.88949],[-79.07351,43.89029],[-79.07187,43.8908],[-79.07154,43.8909],[-79.07121,43.89099],[-79.06184,43.89338]]}},{"type":"Feature","properties":{"usage":"main"},"geometry":{"type":"LineString","coordinates":[[-79.08972,43.88295],[-79.08899,43.8833]]}},{"type":"Feature","properties":{"usage":"main"},"geometry":{"type":"LineString","coordinates":[[-79.27798,43.78377],[-79.27756,43.78403]]}},{"type":"Feature","properties":{"usage":"main"},"geometry":{"type":"LineString","coordinates":[[-79.26901,43.78925],[-79.26872,43.7894],[-79.26816,43.7897],[-79.26771,43.78993],[-79.26662,43.79046],[-79.26496,43.79128],[-79.26062,43.79339]]}},{"type":"Feature","properties":{"usage":"main"},"geometry":{"type":"LineString","coordinates":[[-79.27789,43.78361],[-79.27744,43.7839]]}},{"type":"Feature","properties":{"usage":"main"},"geometry":{"type":"LineString","coordinates":[[-79.26954,43.78893],[-79.26901,43.78925]]}},{"type":"Feature","properties":{"usage":"main"},"geometry":{"type":"LineString","coordinates":[[-79.27285,43.78683],[-79.26954,43.78893]]}},{"type":"Feature","properties":{"usage":"main"},"geometry":{"type":"LineString","coordinates":[[-79.27388,43.78617],[-79.27285,43.78683]]}},{"type":"Feature","properties":{"usage":"main"},"geometry":{"type":"LineString","coordinates":[[-79.27744,43.7839],[-79.27719,43.78406],[-79.27388,43.78617]]}},{"type":"Feature","properties":{"usage":"main"},"geometry":{"type":"LineString","coordinates":[[-79.23765,43.80386],[-79.23511,43.80474],[-79.23427,43.80503],[-79.23329,43.80538],[-79.23294,43.80551],[-79.23251,43.80567],[-79.23209,43.80586],[-79.23178,43.80599],[-79.22993,43.80682],[-79.22884,43.80742],[-79.22804,43.80787],[-79.22698,43.80858],[-79.22647,43.80895],[-79.22621,43.80913],[-79.22586,43.8094],[-79.22554,43.80967],[-79.2252,43.80995],[-79.22464,43.81046],[-79.22417,43.81092],[-79.22342,43.81173],[-79.22282,43.81254],[-79.22193,43.81381],[-79.22003,43.81648],[-79.21836,43.81876],[-79.21813,43.8191],[-79.21788,43.81947],[-79.2177,43.81974]]}},{"type":"Feature","properties":{"usage":"main"},"geometry":{"type":"LineString","coordinates":[[-79.26832,43.78985],[-79.26223,43.79282]]}},{"type":"Feature","properties":{"usage":"main"},"geometry":{"type":"LineString","coordinates":[[-79.26062,43.79339],[-79.26013,43.79362]]}},{"type":"Feature","properties":{"usage":"main"},"geometry":{"type":"LineString","coordinates":[[-79.23803,43.80377],[-79.23767,43.80389]]}},{"type":"Feature","properties":{"usage":"main"},"geometry":{"type":"LineString","coordinates":[[-79.238,43.80374],[-79.23765,43.80386]]}},{"type":"Feature","properties":{"usage":"main"},"geometry":{"type":"LineString","coordinates":[[-79.30572,43.84711],[-79.30035,43.84836],[-79.29409,43.84982],[-79.28938,43.85089],[-79.2883,43.85115],[-79.28742,43.85135],[-79.28673,43.85151],[-79.28584,43.85167],[-79.28509,43.85178],[-79.28416,43.8519],[-79.28313,43.85205],[-79.28236,43.85221],[-79.28167,43.85236],[-79.28143,43.85241],[-79.28092,43.85251]]}},{"type":"Feature","properties":{"usage":"main"},"geometry":{"type":"LineString","coordinates":[[-79.32226,43.84326],[-79.32164,43.84341]]}},{"type":"Feature","properties":{"usage":"main"},"geometry":{"type":"LineString","coordinates":[[-79.44692,43.79638],[-79.44641,43.79649]]}},{"type":"Feature","properties":{"usage":"main"},"geometry":{"type":"LineString","coordinates":[[-79.47136,43.79088],[-79.46979,43.79124]]}},{"type":"Feature","properties":{"usage":"main"},"geometry":{"type":"LineString","coordinates":[[-79.45901,43.79365],[-79.45842,43.79379]]}},{"type":"Feature","properties":{"usage":"main"},"geometry":{"type":"LineString","coordinates":[[-79.31605,43.8447],[-79.31553,43.84483]]}},{"type":"Feature","properties":{"usage":"main"},"geometry":{"type":"LineString","coordinates":[[-79.32224,43.84323],[-79.32162,43.84338]]}},{"type":"Feature","properties":{"usage":"main"},"geometry":{"type":"LineString","coordinates":[[-79.30613,43.84702],[-79.30572,43.84711]]}},{"type":"Feature","properties":{"usage":"main"},"geometry":{"type":"LineString","coordinates":[[-79.46979,43.79124],[-79.46472,43.7924],[-79.45901,43.79365]]}},{"type":"Feature","properties":{"usage":"main"},"geometry":{"type":"LineString","coordinates":[[-79.31553,43.84483],[-79.31219,43.84561],[-79.30613,43.84702]]}},{"type":"Feature","properties":{"usage":"main"},"geometry":{"type":"LineString","coordinates":[[-79.45842,43.79379],[-79.44829,43.79607],[-79.44692,43.79638]]}},{"type":"Feature","properties":{"usage":"main"},"geometry":{"type":"LineString","coordinates":[[-79.32164,43.84341],[-79.32034,43.84371],[-79.31888,43.84407],[-79.31762,43.84434],[-79.31605,43.8447]]}},{"type":"Feature","properties":{"usage":"main"},"geometry":{"type":"LineString","coordinates":[[-79.52046,43.77982],[-79.52077,43.77976]]}},{"type":"Feature","properties":{"usage":"main"},"geometry":{"type":"LineString","coordinates":[[-79.51937,43.78003],[-79.51585,43.78081],[-79.5121,43.78167]]}},{"type":"Feature","properties":{"usage":"main"},"geometry":{"type":"LineString","coordinates":[[-79.68036,43.70365],[-79.68065,43.7036],[-79.68103,43.70354],[-79.6814,43.70347],[-79.68176,43.7034],[-79.6821,43.70334]]}},{"type":"Feature","properties":{"usage":"main"},"geometry":{"type":"LineString","coordinates":[[-79.52551,43.60183],[-79.52437,43.60235],[-79.52387,43.60259],[-79.51982,43.60462],[-79.51952,43.60476],[-79.51739,43.60583],[-79.51048,43.60926],[-79.50792,43.61052],[-79.50744,43.61077],[-79.50627,43.61134],[-79.50503,43.61195],[-79.50361,43.61266],[-79.50211,43.61341],[-79.50121,43.61387],[-79.50062,43.61419],[-79.5,43.61455],[-79.49828,43.61559]]}},{"type":"Feature","properties":{"usage":"main"},"geometry":{"type":"LineString","coordinates":[[-79.3948,43.82012],[-79.39416,43.81948],[-79.39401,43.8193],[-79.39392,43.81916],[-79.39385,43.81904],[-79.39373,43.81874],[-79.39367,43.81845],[-79.39365,43.81817],[-79.3937,43.81785],[-79.39381,43.81752],[-79.39396,43.81727],[-79.39417,43.81701],[-79.39446,43.81676],[-79.39471,43.81657],[-79.39487,43.81647],[-79.39517,43.8163]]}},{"type":"Feature","properties":{"usage":"main"},"geometry":{"type":"LineString","coordinates":[[-79.4255,43.87056],[-79.42522,43.86954],[-79.42511,43.8689],[-79.42509,43.86833],[-79.42517,43.86786],[-79.42532,43.86725],[-79.42548,43.86654],[-79.42557,43.86627],[-79.4256,43.86618],[-79.4262,43.86415],[-79.42648,43.86316],[-79.42745,43.85982],[-79.42831,43.85664],[-79.42848,43.85603],[-79.42856,43.85571],[-79.4286,43.85538],[-79.42865,43.85513],[-79.42869,43.85488],[-79.42889,43.85214],[-79.42903,43.85105],[-79.42909,43.8503],[-79.42903,43.84985],[-79.429,43.84953],[-79.42789,43.84478],[-79.42789,43.84474]]}},{"type":"Feature","properties":{"usage":"main"},"geometry":{"type":"LineString","coordinates":[[-79.42698,43.8757],[-79.42706,43.87585],[-79.42725,43.87617],[-79.42734,43.87631],[-79.42755,43.87659],[-79.42775,43.87684],[-79.42816,43.87726],[-79.42821,43.87731],[-79.42926,43.87837],[-79.42948,43.87859],[-79.42972,43.87886],[-79.42988,43.87904],[-79.43,43.87921],[-79.4302,43.87947],[-79.43037,43.87973],[-79.43051,43.87993],[-79.43091,43.88052],[-79.43153,43.88143],[-79.43174,43.88172],[-79.43177,43.88176],[-79.43182,43.88185],[-79.43198,43.88209],[-79.43219,43.88238],[-79.43235,43.88261],[-79.43267,43.8831],[-79.43295,43.8835],[-79.43309,43.88371],[-79.43336,43.8841]]}},{"type":"Feature","properties":{"usage":"main"},"geometry":{"type":"LineString","coordinates":[[-79.39476,43.82014],[-79.39422,43.81962],[-79.39401,43.81941],[-79.39371,43.81911],[-79.39219,43.81759],[-79.39216,43.81757],[-79.39029,43.81576],[-79.39008,43.81556]]}},{"type":"Feature","properties":{"usage":"main"},"geometry":{"type":"LineString","coordinates":[[-79.35657,43.64989],[-79.35618,43.65006],[-79.35591,43.65017],[-79.35562,43.65032],[-79.35483,43.65073],[-79.35457,43.6509],[-79.3539,43.65128]]}},{"type":"Feature","properties":{"usage":"main"},"geometry":{"type":"LineString","coordinates":[[-79.04101,43.8958],[-79.04061,43.89551]]}},{"type":"Feature","properties":{"usage":"main"},"geometry":{"type":"LineString","coordinates":[[-79.04061,43.89551],[-79.03985,43.89487],[-79.03921,43.89413],[-79.0368,43.89092],[-79.03597,43.88986],[-79.03565,43.88952],[-79.03515,43.88909],[-79.0345,43.8886],[-79.03373,43.88811],[-79.0328,43.88766],[-79.03194,43.88733],[-79.03078,43.88699],[-79.02959,43.88677],[-79.02838,43.88664],[-79.02714,43.88665],[-79.0257,43.88678],[-79.02444,43.88707],[-79.02309,43.88758],[-79.02178,43.88824],[-79.02037,43.88923],[-79.01861,43.89063],[-79.01757,43.89129],[-79.01631,43.89197]]}},{"type":"Feature","properties":{"usage":"main"},"geometry":{"type":"LineString","coordinates":[[-79.53503,43.70693],[-79.53732,43.70688]]}},{"type":"Feature","properties":{"usage":"main"},"geometry":{"type":"LineString","coordinates":[[-79.53325,43.7069],[-79.53294,43.70689]]}},{"type":"Feature","properties":{"usage":"main"},"geometry":{"type":"LineString","coordinates":[[-79.53733,43.70685],[-79.53502,43.70689]]}},{"type":"Feature","properties":{"usage":"main"},"geometry":{"type":"LineString","coordinates":[[-79.53296,43.70693],[-79.53327,43.70694]]}},{"type":"Feature","properties":{"usage":"main"},"geometry":{"type":"LineString","coordinates":[[-79.53502,43.70689],[-79.53325,43.7069]]}},{"type":"Feature","properties":{"usage":"main"},"geometry":{"type":"LineString","coordinates":[[-79.53327,43.70694],[-79.5343,43.70694],[-79.53503,43.70693]]}},{"type":"Feature","properties":{"usage":"main"},"geometry":{"type":"LineString","coordinates":[[-79.53732,43.70688],[-79.54166,43.70679],[-79.54219,43.70678],[-79.54282,43.70676],[-79.54318,43.70675],[-79.54433,43.70673],[-79.54439,43.70672],[-79.54743,43.70666],[-79.55001,43.70663],[-79.5504,43.70663],[-79.55061,43.70662]]}},{"type":"Feature","properties":{"usage":"main"},"geometry":{"type":"LineString","coordinates":[[-79.53294,43.70689],[-79.53277,43.70689],[-79.53202,43.70686],[-79.53152,43.70683],[-79.53065,43.70675],[-79.53031,43.70672],[-79.52978,43.70665]]}},{"type":"Feature","properties":{"usage":"main"},"geometry":{"type":"LineString","coordinates":[[-79.52977,43.70669],[-79.53029,43.70675],[-79.53063,43.70679],[-79.53102,43.70682],[-79.53154,43.70686],[-79.53201,43.70689],[-79.53279,43.70693],[-79.53296,43.70693]]}},{"type":"Feature","properties":{"usage":"main"},"geometry":{"type":"LineString","coordinates":[[-79.53234,43.73523],[-79.53246,43.73583],[-79.53396,43.74183],[-79.53469,43.74479],[-79.5352,43.74678],[-79.53528,43.74705],[-79.5354,43.74736],[-79.53556,43.74768],[-79.53575,43.748],[-79.53587,43.74816],[-79.53601,43.74833],[-79.53824,43.75071],[-79.53981,43.75234]]}},{"type":"Feature","properties":{"usage":"main"},"geometry":{"type":"LineString","coordinates":[[-79.52922,43.71649],[-79.52861,43.71868],[-79.52856,43.71901],[-79.52853,43.71926],[-79.52852,43.71959],[-79.52854,43.7199],[-79.5286,43.72027],[-79.52913,43.72245],[-79.52953,43.72401],[-79.5304,43.72749],[-79.5315,43.73185],[-79.5316,43.73224],[-79.53196,43.73371],[-79.53215,43.73447],[-79.53224,43.73482]]}},{"type":"Feature","properties":{"usage":"main"},"geometry":{"type":"LineString","coordinates":[[-79.52933,43.71613],[-79.52922,43.71649]]}},{"type":"Feature","properties":{"usage":"main"},"geometry":{"type":"LineString","coordinates":[[-79.53981,43.75234],[-79.54008,43.75263]]}},{"type":"Feature","properties":{"usage":"main"},"geometry":{"type":"LineString","coordinates":[[-79.5428,43.75468],[-79.54323,43.75487]]}},{"type":"Feature","properties":{"usage":"main"},"geometry":{"type":"LineString","coordinates":[[-79.53224,43.73482],[-79.53234,43.73523]]}},{"type":"Feature","properties":{"usage":"main"},"geometry":{"type":"LineString","coordinates":[[-79.54323,43.75487],[-79.54412,43.75526],[-79.54691,43.75644],[-79.55143,43.75832],[-79.55262,43.75881],[-79.5573,43.76077]]}},{"type":"Feature","properties":{"usage":"main"},"geometry":{"type":"LineString","coordinates":[[-79.54008,43.75263],[-79.54097,43.75354],[-79.54126,43.7538],[-79.54148,43.75397],[-79.54188,43.75423],[-79.54224,43.75442],[-79.54278,43.75467],[-79.5428,43.75468]]}},{"type":"Feature","properties":{"usage":"main"},"geometry":{"type":"LineString","coordinates":[[-79.51675,43.70235],[-79.51392,43.70089]]}},{"type":"Feature","properties":{"usage":"main"},"geometry":{"type":"LineString","coordinates":[[-79.51695,43.70244],[-79.51685,43.7024],[-79.51675,43.70235]]}},{"type":"Feature","properties":{"usage":"main"},"geometry":{"type":"LineString","coordinates":[[-79.51877,43.70292],[-79.51713,43.70213],[-79.51689,43.70202],[-79.51619,43.70168],[-79.51432,43.70072]]}},{"type":"Feature","properties":{"usage":"main"},"geometry":{"type":"LineString","coordinates":[[-79.60411,43.70554],[-79.60369,43.70555]]}},{"type":"Feature","properties":{"usage":"main"},"geometry":{"type":"LineString","coordinates":[[-79.6037,43.70559],[-79.60411,43.70558]]}},{"type":"Feature","properties":{"usage":"main"},"geometry":{"type":"LineString","coordinates":[[-79.60369,43.70551],[-79.60314,43.70552],[-79.6018,43.70554],[-79.59823,43.70562],[-79.59733,43.70563],[-79.59346,43.70571],[-79.59257,43.70573],[-79.5905,43.70576]]}},{"type":"Feature","properties":{"usage":"main"},"geometry":{"type":"LineString","coordinates":[[-79.60369,43.70555],[-79.60339,43.70555],[-79.60183,43.70558],[-79.60065,43.7056],[-79.59829,43.70565],[-79.59551,43.70571],[-79.59399,43.70574],[-79.59209,43.70577],[-79.59054,43.7058]]}},{"type":"Feature","properties":{"usage":"main"},"geometry":{"type":"LineString","coordinates":[[-79.6041,43.70551],[-79.60369,43.70551]]}},{"type":"Feature","properties":{"usage":"main"},"geometry":{"type":"LineString","coordinates":[[-79.56374,43.76344],[-79.56324,43.76327],[-79.56263,43.76301]]}},{"type":"Feature","properties":{"usage":"main"},"geometry":{"type":"LineString","coordinates":[[-79.459,43.66624],[-79.45979,43.66705]]}},{"type":"Feature","properties":{"usage":"main"},"geometry":{"type":"LineString","coordinates":[[-79.46199,43.66935],[-79.4635,43.6709]]}},{"type":"Feature","properties":{"usage":"main"},"geometry":{"type":"LineString","coordinates":[[-79.45994,43.66709],[-79.45907,43.66621]]}},{"type":"Feature","properties":{"usage":"main"},"geometry":{"type":"LineString","coordinates":[[-79.46191,43.66911],[-79.46134,43.66851]]}},{"type":"Feature","properties":{"usage":"main"},"geometry":{"type":"LineString","coordinates":[[-79.46134,43.66851],[-79.46019,43.66735]]}},{"type":"Feature","properties":{"usage":"main"},"geometry":{"type":"LineString","coordinates":[[-79.46025,43.66733],[-79.45999,43.66706]]}},{"type":"Feature","properties":{"usage":"main"},"geometry":{"type":"LineString","coordinates":[[-79.46001,43.66734],[-79.46134,43.66872]]}},{"type":"Feature","properties":{"usage":"main"},"geometry":{"type":"LineString","coordinates":[[-79.46138,43.66849],[-79.46025,43.66733]]}},{"type":"Feature","properties":{"usage":"main"},"geometry":{"type":"LineString","coordinates":[[-79.46365,43.67081],[-79.46196,43.66908]]}},{"type":"Feature","properties":{"usage":"main"},"geometry":{"type":"LineString","coordinates":[[-79.46134,43.66872],[-79.46199,43.66935]]}},{"type":"Feature","properties":{"usage":"main"},"geometry":{"type":"LineString","coordinates":[[-79.45999,43.66706],[-79.45911,43.66619]]}},{"type":"Feature","properties":{"usage":"main"},"geometry":{"type":"LineString","coordinates":[[-79.4614,43.66869],[-79.46202,43.66932]]}},{"type":"Feature","properties":{"usage":"main"},"geometry":{"type":"LineString","coordinates":[[-79.45897,43.66628],[-79.45974,43.66707]]}},{"type":"Feature","properties":{"usage":"main"},"geometry":{"type":"LineString","coordinates":[[-79.46202,43.66932],[-79.46354,43.67088]]}},{"type":"Feature","properties":{"usage":"main"},"geometry":{"type":"LineString","coordinates":[[-79.46007,43.66732],[-79.4614,43.66869]]}},{"type":"Feature","properties":{"usage":"main"},"geometry":{"type":"LineString","coordinates":[[-79.46361,43.67084],[-79.46191,43.66911]]}},{"type":"Feature","properties":{"usage":"main"},"geometry":{"type":"LineString","coordinates":[[-79.45907,43.66621],[-79.45864,43.66579],[-79.45737,43.6645]]}},{"type":"Feature","properties":{"usage":"main"},"geometry":{"type":"LineString","coordinates":[[-79.60516,43.70548],[-79.6041,43.70551]]}},{"type":"Feature","properties":{"usage":"main"},"geometry":{"type":"LineString","coordinates":[[-79.60662,43.70549],[-79.60557,43.70551],[-79.60467,43.70553],[-79.60411,43.70554]]}},{"type":"Feature","properties":{"usage":"main"},"geometry":{"type":"LineString","coordinates":[[-79.60411,43.70558],[-79.60412,43.70558]]}},{"type":"Feature","properties":{"usage":"main"},"geometry":{"type":"LineString","coordinates":[[-79.53014,43.71336],[-79.52933,43.71613]]}},{"type":"Feature","properties":{"usage":"main"},"geometry":{"type":"LineString","coordinates":[[-79.49325,43.69041],[-79.4941,43.69083]]}},{"type":"Feature","properties":{"usage":"main"},"geometry":{"type":"LineString","coordinates":[[-79.50616,43.69702],[-79.50552,43.69671]]}},{"type":"Feature","properties":{"usage":"main"},"geometry":{"type":"LineString","coordinates":[[-79.51339,43.70062],[-79.51224,43.70004],[-79.51157,43.69971],[-79.50616,43.69702]]}},{"type":"Feature","properties":{"usage":"main"},"geometry":{"type":"LineString","coordinates":[[-79.439,43.64721],[-79.43647,43.64602],[-79.43617,43.64588],[-79.43378,43.64478]]}},{"type":"Feature","properties":{"usage":"main"},"geometry":{"type":"LineString","coordinates":[[-79.43929,43.64735],[-79.439,43.64721]]}},{"type":"Feature","properties":{"usage":"main"},"geometry":{"type":"LineString","coordinates":[[-79.43345,43.64463],[-79.43257,43.6442],[-79.43131,43.64361],[-79.42891,43.64254]]}},{"type":"Feature","properties":{"usage":"main"},"geometry":{"type":"LineString","coordinates":[[-79.43378,43.64478],[-79.43345,43.64463]]}},{"type":"Feature","properties":{"usage":"main"},"geometry":{"type":"LineString","coordinates":[[-79.42817,43.64219],[-79.42719,43.64175],[-79.42636,43.64143],[-79.42555,43.64117],[-79.42459,43.64094],[-79.42412,43.64084],[-79.42364,43.64076],[-79.4234,43.64072],[-79.42315,43.64069],[-79.4228,43.64065],[-79.42245,43.64061],[-79.42208,43.64058],[-79.4217,43.64056],[-79.42026,43.6405]]}},{"type":"Feature","properties":{"usage":"main"},"geometry":{"type":"LineString","coordinates":[[-79.42891,43.64254],[-79.42817,43.64219]]}},{"type":"Feature","properties":{"usage":"main"},"geometry":{"type":"LineString","coordinates":[[-79.41901,43.64046],[-79.41825,43.64044],[-79.41794,43.64042]]}},{"type":"Feature","properties":{"usage":"main"},"geometry":{"type":"LineString","coordinates":[[-79.42026,43.6405],[-79.41901,43.64046]]}},{"type":"Feature","properties":{"usage":"main"},"geometry":{"type":"LineString","coordinates":[[-79.41556,43.64032],[-79.40971,43.64012]]}},{"type":"Feature","properties":{"usage":"main"},"geometry":{"type":"LineString","coordinates":[[-79.40971,43.64012],[-79.40807,43.64006],[-79.40705,43.64002],[-79.40632,43.64],[-79.40589,43.64],[-79.40565,43.64],[-79.40545,43.64],[-79.40491,43.64004],[-79.40424,43.64011]]}},{"type":"Feature","properties":{"usage":"main"},"geometry":{"type":"LineString","coordinates":[[-79.45,43.65671],[-79.44857,43.65523],[-79.44787,43.65452],[-79.44699,43.65362],[-79.44634,43.65295],[-79.44579,43.65241],[-79.44406,43.65069],[-79.44308,43.64983],[-79.44205,43.64903],[-79.44175,43.64881],[-79.44084,43.64823],[-79.44024,43.64787],[-79.43944,43.64744],[-79.43929,43.64735]]}},{"type":"Feature","properties":{"usage":"main"},"geometry":{"type":"LineString","coordinates":[[-79.45018,43.6569],[-79.45113,43.65788],[-79.45207,43.65884],[-79.45318,43.65998],[-79.4535,43.6603],[-79.45376,43.66056],[-79.45433,43.66115],[-79.45569,43.66255],[-79.45643,43.66334]]}},{"type":"Feature","properties":{"usage":"main"},"geometry":{"type":"LineString","coordinates":[[-79.67117,43.70417],[-79.67028,43.70419],[-79.66917,43.70421],[-79.66876,43.70423],[-79.66647,43.70428]]}},{"type":"Feature","properties":{"usage":"main"},"geometry":{"type":"LineString","coordinates":[[-79.35298,43.65618],[-79.3527,43.65594],[-79.35236,43.65568],[-79.35185,43.65521],[-79.35173,43.65511],[-79.35146,43.6549],[-79.35138,43.65483],[-79.3513,43.65475],[-79.35121,43.65465],[-79.35109,43.65449],[-79.35104,43.65441],[-79.35099,43.65429],[-79.35095,43.6542],[-79.35093,43.65413],[-79.35091,43.65404],[-79.3509,43.65396],[-79.3509,43.65389],[-79.3509,43.65378],[-79.35091,43.65367],[-79.35094,43.65355],[-79.35097,43.65346],[-79.35104,43.65332],[-79.35112,43.65317],[-79.35121,43.65305],[-79.3513,43.65296],[-79.35142,43.65285],[-79.35148,43.6528],[-79.35155,43.65275],[-79.35236,43.6523],[-79.35352,43.65166],[-79.35515,43.65076],[-79.35604,43.65031],[-79.35643,43.65013],[-79.35663,43.65005]]}},{"type":"Feature","properties":{"usage":"main"},"geometry":{"type":"LineString","coordinates":[[-79.40848,43.64029],[-79.40968,43.64033],[-79.41183,43.64042],[-79.41555,43.64054],[-79.41773,43.64061]]}},{"type":"Feature","properties":{"usage":"main"},"geometry":{"type":"LineString","coordinates":[[-79.40871,43.64026],[-79.40969,43.64029],[-79.41183,43.64038],[-79.41588,43.64052]]}},{"type":"Feature","properties":{"usage":"main"},"geometry":{"type":"LineString","coordinates":[[-79.45608,43.6633],[-79.4571,43.66435]]}},{"type":"Feature","properties":{"usage":"main"},"geometry":{"type":"LineString","coordinates":[[-79.45732,43.66429],[-79.45751,43.66447]]}},{"type":"Feature","properties":{"usage":"main"},"geometry":{"type":"LineString","coordinates":[[-79.45737,43.6645],[-79.4572,43.66433]]}},{"type":"Feature","properties":{"usage":"main"},"geometry":{"type":"LineString","coordinates":[[-79.45715,43.66433],[-79.45732,43.66451]]}},{"type":"Feature","properties":{"usage":"main"},"geometry":{"type":"LineString","coordinates":[[-79.45018,43.6569],[-79.45,43.65671]]}},{"type":"Feature","properties":{"usage":"main"},"geometry":{"type":"LineString","coordinates":[[-79.3655,43.68276],[-79.36487,43.68311],[-79.36438,43.68336],[-79.36401,43.68355],[-79.36374,43.68369]]}},{"type":"Feature","properties":{"usage":"main"},"geometry":{"type":"LineString","coordinates":[[-79.3954,43.8207],[-79.3948,43.82012]]}},{"type":"Feature","properties":{"usage":"main"},"geometry":{"type":"LineString","coordinates":[[-79.46317,43.66724],[-79.46303,43.66724],[-79.46228,43.66724],[-79.46183,43.66723]]}},{"type":"Feature","properties":{"usage":"main"},"geometry":{"type":"LineString","coordinates":[[-79.61463,43.7053],[-79.61317,43.70533],[-79.6116,43.70537],[-79.6111,43.70539],[-79.61035,43.70542],[-79.60976,43.70543],[-79.60904,43.70545],[-79.60873,43.70545]]}},{"type":"Feature","properties":{"usage":"main"},"geometry":{"type":"LineString","coordinates":[[-79.45732,43.66451],[-79.459,43.66624]]}},{"type":"Feature","properties":{"usage":"branch"},"geometry":{"type":"LineString","coordinates":[[-79.52787,43.64357],[-79.52759,43.64384]]}},{"type":"Feature","properties":{"usage":"main"},"geometry":{"type":"LineString","coordinates":[[-79.60462,43.59154],[-79.60427,43.59162],[-79.60372,43.59174],[-79.60335,43.59183],[-79.60287,43.59194],[-79.60237,43.59207],[-79.60203,43.59217],[-79.60167,43.59229],[-79.60118,43.59249],[-79.60082,43.59266],[-79.60061,43.59276],[-79.60044,43.59286],[-79.60006,43.59309],[-79.59985,43.59322],[-79.59914,43.59368],[-79.59905,43.59375]]}},{"type":"Feature","properties":{"usage":"main"},"geometry":{"type":"LineString","coordinates":[[-79.46303,43.66724],[-79.46229,43.66721],[-79.46188,43.66719],[-79.46156,43.66716],[-79.46133,43.66713],[-79.46114,43.66709],[-79.46086,43.66703],[-79.46057,43.66694],[-79.46026,43.66682],[-79.45994,43.66665],[-79.45968,43.66649],[-79.45944,43.66631],[-79.45922,43.66611],[-79.4589,43.66582],[-79.45847,43.6654],[-79.45819,43.66514],[-79.45781,43.66478],[-79.45766,43.66463],[-79.45751,43.66447]]}},{"type":"Feature","properties":{"usage":"main"},"geometry":{"type":"LineString","coordinates":[[-79.35969,43.7013],[-79.36089,43.70016],[-79.36198,43.6991],[-79.36294,43.69819],[-79.36414,43.69703],[-79.36513,43.6961],[-79.36542,43.69582],[-79.3666,43.69468],[-79.36681,43.69448]]}},{"type":"Feature","properties":{"usage":"main"},"geometry":{"type":"LineString","coordinates":[[-79.38727,43.64308],[-79.38694,43.64314],[-79.3866,43.64323]]}},{"type":"Feature","properties":{"usage":"main"},"geometry":{"type":"LineString","coordinates":[[-79.38779,43.64296],[-79.3881,43.6429],[-79.38829,43.64286]]}},{"type":"Feature","properties":{"usage":"main"},"geometry":{"type":"LineString","coordinates":[[-79.40897,43.63869],[-79.41024,43.63835],[-79.41105,43.63813]]}},{"type":"Feature","properties":{"usage":"main"},"geometry":{"type":"LineString","coordinates":[[-79.4941,43.69083],[-79.49853,43.69304],[-79.50126,43.69439]]}},{"type":"Feature","properties":{"usage":"main"},"geometry":{"type":"LineString","coordinates":[[-79.41887,43.64049],[-79.41842,43.64047],[-79.41793,43.64046]]}},{"type":"Feature","properties":{"usage":"main"},"geometry":{"type":"LineString","coordinates":[[-79.41556,43.64044],[-79.41714,43.64047],[-79.41793,43.6405]]}},{"type":"Feature","properties":{"usage":"main"},"geometry":{"type":"LineString","coordinates":[[-79.41556,43.64047],[-79.41716,43.64051],[-79.41792,43.64053]]}},{"type":"Feature","properties":{"usage":"main"},"geometry":{"type":"LineString","coordinates":[[-79.42701,43.64161],[-79.42658,43.64145],[-79.42619,43.64131],[-79.4257,43.64117],[-79.42529,43.64105],[-79.42477,43.64092],[-79.42428,43.64082],[-79.42373,43.64072],[-79.42321,43.64065],[-79.42261,43.64058],[-79.4221,43.64055],[-79.42162,43.64052],[-79.42045,43.64048]]}},{"type":"Feature","properties":{"usage":"main"},"geometry":{"type":"LineString","coordinates":[[-79.42045,43.64048],[-79.42006,43.64047],[-79.41908,43.64043]]}},{"type":"Feature","properties":{"usage":"main"},"geometry":{"type":"LineString","coordinates":[[-79.41794,43.64042],[-79.41556,43.64032]]}},{"type":"Feature","properties":{"usage":"main"},"geometry":{"type":"LineString","coordinates":[[-79.68679,43.7024],[-79.6873,43.7023],[-79.68829,43.70209]]}},{"type":"Feature","properties":{"usage":"main"},"geometry":{"type":"LineString","coordinates":[[-79.49122,43.78641],[-79.49107,43.78644],[-79.49058,43.78655],[-79.48905,43.78689],[-79.48782,43.78717],[-79.47959,43.78902],[-79.47774,43.78944],[-79.47136,43.79088]]}},{"type":"Feature","properties":{"usage":"main"},"geometry":{"type":"LineString","coordinates":[[-79.49078,43.78647],[-79.49059,43.78651],[-79.48999,43.78664],[-79.48971,43.7867],[-79.48904,43.78686],[-79.48868,43.78694],[-79.48509,43.78775],[-79.48387,43.78802],[-79.47839,43.78926],[-79.47773,43.78941],[-79.47135,43.79085]]}},{"type":"Feature","properties":{"usage":"main"},"geometry":{"type":"LineString","coordinates":[[-79.25636,43.85569],[-79.25669,43.85581]]}},{"type":"Feature","properties":{"usage":"main"},"geometry":{"type":"LineString","coordinates":[[-79.25565,43.85543],[-79.25636,43.85569]]}},{"type":"Feature","properties":{"usage":"branch"},"geometry":{"type":"LineString","coordinates":[[-79.53576,43.63689],[-79.53546,43.63714],[-79.53525,43.63732],[-79.53371,43.63862],[-79.53027,43.64152],[-79.52973,43.64198],[-79.52952,43.64215],[-79.52819,43.64327],[-79.52812,43.64334]]}},{"type":"Feature","properties":{"usage":"main"},"geometry":{"type":"LineString","coordinates":[[-79.38476,43.64385],[-79.38459,43.64389]]}},{"type":"Feature","properties":{"usage":"main"},"geometry":{"type":"LineString","coordinates":[[-79.38459,43.64389],[-79.38444,43.64392]]}},{"type":"Feature","properties":{"usage":"main"},"geometry":{"type":"LineString","coordinates":[[-79.38335,43.64417],[-79.38404,43.64401],[-79.38444,43.64392]]}},{"type":"Feature","properties":{"usage":"main"},"geometry":{"type":"LineString","coordinates":[[-79.66031,43.71844],[-79.66103,43.71781],[-79.66142,43.71745],[-79.6621,43.71683],[-79.66445,43.71471],[-79.66566,43.71363],[-79.66756,43.71191],[-79.66926,43.7104],[-79.67008,43.70965],[-79.67062,43.70917],[-79.67147,43.7084]]}},{"type":"Feature","properties":{"usage":"main"},"geometry":{"type":"LineString","coordinates":[[-79.66036,43.71847],[-79.66147,43.71746],[-79.66246,43.71657],[-79.66579,43.71357],[-79.6672,43.71231],[-79.66846,43.71117]]}},{"type":"Feature","properties":{"usage":"main"},"geometry":{"type":"LineString","coordinates":[[-79.39821,43.93936],[-79.39899,43.94126],[-79.39957,43.9427],[-79.40003,43.94377],[-79.40023,43.94446],[-79.40039,43.94521],[-79.40044,43.94602],[-79.40045,43.94659]]}},{"type":"Feature","properties":{"usage":"main"},"geometry":{"type":"LineString","coordinates":[[-79.40045,43.9468],[-79.40046,43.94997],[-79.40048,43.95239],[-79.40049,43.95601],[-79.40049,43.95642],[-79.40048,43.95704],[-79.40044,43.95744],[-79.40031,43.95797],[-79.40009,43.9584],[-79.39992,43.95869],[-79.39965,43.95903],[-79.39933,43.9594],[-79.39882,43.95995],[-79.39589,43.96306],[-79.39496,43.96404],[-79.39468,43.9644],[-79.3945,43.9647],[-79.39431,43.96513],[-79.39424,43.96545],[-79.39424,43.96577],[-79.3943,43.96615],[-79.39438,43.96637],[-79.39466,43.9669],[-79.39591,43.96879],[-79.39719,43.9708],[-79.3973,43.97103],[-79.39749,43.97149],[-79.3976,43.9719],[-79.39764,43.97223],[-79.39764,43.9727],[-79.39734,43.97624]]}},{"type":"Feature","properties":{"usage":"main"},"geometry":{"type":"LineString","coordinates":[[-79.40045,43.94659],[-79.40045,43.9468]]}},{"type":"Feature","properties":{"usage":"branch"},"geometry":{"type":"LineString","coordinates":[[-79.60827,43.70543],[-79.60731,43.70543],[-79.60601,43.70546],[-79.60516,43.70548]]}},{"type":"Feature","properties":{"usage":"branch"},"geometry":{"type":"LineString","coordinates":[[-79.44853,43.66617],[-79.44857,43.66627],[-79.44861,43.66637]]}},{"type":"Feature","properties":{"usage":"main"},"geometry":{"type":"LineString","coordinates":[[-79.43926,43.64752],[-79.43985,43.64784],[-79.44046,43.6482],[-79.44102,43.64854]]}},{"type":"Feature","properties":{"usage":"branch"},"geometry":{"type":"LineString","coordinates":[[-79.43923,43.64759],[-79.43931,43.64763],[-79.4395,43.64773],[-79.43974,43.64788],[-79.43996,43.64802],[-79.44022,43.64821],[-79.44047,43.64841],[-79.44067,43.64859],[-79.4408,43.64871]]}},{"type":"Feature","properties":{"usage":"main"},"geometry":{"type":"LineString","coordinates":[[-79.44697,43.66752],[-79.44823,43.66734],[-79.44897,43.66726],[-79.44898,43.66726],[-79.44903,43.66726]]}},{"type":"Feature","properties":{"usage":"main"},"geometry":{"type":"LineString","coordinates":[[-79.46183,43.66723],[-79.46085,43.66721],[-79.45965,43.66718]]}},{"type":"Feature","properties":{"usage":"main"},"geometry":{"type":"LineString","coordinates":[[-79.4654,43.67289],[-79.465,43.67253],[-79.46452,43.67216],[-79.46408,43.67185],[-79.46377,43.67162],[-79.46351,43.67139],[-79.46332,43.67119],[-79.46313,43.67098],[-79.46259,43.67038],[-79.46254,43.6703]]}},{"type":"Feature","properties":{"usage":"main"},"geometry":{"type":"LineString","coordinates":[[-79.4643,43.66729],[-79.46522,43.6673]]}},{"type":"Feature","properties":{"usage":"main"},"geometry":{"type":"LineString","coordinates":[[-79.51584,43.65958],[-79.51545,43.65993],[-79.51513,43.6602],[-79.51467,43.66059],[-79.51379,43.66133],[-79.51335,43.66167],[-79.51299,43.66196]]}},{"type":"Feature","properties":{"usage":"main"},"geometry":{"type":"LineString","coordinates":[[-79.38422,43.68428],[-79.38483,43.684],[-79.38547,43.68371]]}},{"type":"Feature","properties":{"usage":"main"},"geometry":{"type":"LineString","coordinates":[[-79.38419,43.68425],[-79.3845,43.68411],[-79.38543,43.68368]]}},{"type":"Feature","properties":{"usage":"main"},"geometry":{"type":"LineString","coordinates":[[-79.38386,43.68444],[-79.38392,43.68441],[-79.38422,43.68428]]}},{"type":"Feature","properties":{"usage":"main"},"geometry":{"type":"LineString","coordinates":[[-79.38384,43.68441],[-79.38419,43.68425]]}},{"type":"Feature","properties":{"usage":"branch"},"geometry":{"type":"LineString","coordinates":[[-79.23654,43.83687],[-79.23685,43.83585],[-79.2375,43.83344],[-79.2383,43.83045],[-79.23884,43.82843],[-79.2392,43.8271],[-79.23926,43.82687],[-79.23927,43.8268],[-79.2393,43.82669],[-79.23935,43.82654],[-79.24002,43.82404],[-79.24067,43.82217],[-79.24088,43.82171],[-79.24111,43.82128],[-79.24191,43.82004]]}},{"type":"Feature","properties":{"usage":"branch"},"geometry":{"type":"LineString","coordinates":[[-79.23648,43.83703],[-79.23654,43.83687]]}},{"type":"Feature","properties":{"usage":"main"},"geometry":{"type":"LineString","coordinates":[[-79.67567,43.70515],[-79.67589,43.70505],[-79.67638,43.70483],[-79.67666,43.70472],[-79.67716,43.70454],[-79.67744,43.70445],[-79.67768,43.70437],[-79.67818,43.70423],[-79.67893,43.70406],[-79.67974,43.7039],[-79.68059,43.70373],[-79.68093,43.70366],[-79.68244,43.70335]]}},{"type":"Feature","properties":{"usage":"main"},"geometry":{"type":"LineString","coordinates":[[-79.67613,43.70499],[-79.67664,43.70477],[-79.67727,43.70454],[-79.67771,43.70441],[-79.6782,43.70427],[-79.67859,43.70417],[-79.67961,43.70397],[-79.67971,43.70394],[-79.67988,43.70391],[-79.6803,43.70383],[-79.68088,43.70371],[-79.68164,43.70356],[-79.68245,43.70339],[-79.68431,43.70302]]}},{"type":"Feature","properties":{"usage":"main"},"geometry":{"type":"LineString","coordinates":[[-79.67172,43.70823],[-79.67213,43.70785],[-79.67327,43.70683],[-79.67376,43.70641],[-79.6741,43.70615],[-79.67473,43.70573],[-79.67517,43.70547],[-79.67572,43.70519],[-79.67613,43.70499]]}},{"type":"Feature","properties":{"usage":"main"},"geometry":{"type":"LineString","coordinates":[[-79.67169,43.70821],[-79.67242,43.70754],[-79.6732,43.70683],[-79.67356,43.70652],[-79.67394,43.70621],[-79.67424,43.70599],[-79.67464,43.70573],[-79.67513,43.70544],[-79.67567,43.70515]]}},{"type":"Feature","properties":{"usage":"main"},"geometry":{"type":"LineString","coordinates":[[-79.67147,43.7084],[-79.67169,43.70821]]}},{"type":"Feature","properties":{"usage":"main"},"geometry":{"type":"LineString","coordinates":[[-79.67151,43.70842],[-79.67172,43.70823]]}},{"type":"Feature","properties":{"usage":"main"},"geometry":{"type":"LineString","coordinates":[[-79.67151,43.70842],[-79.67107,43.70883],[-79.6709,43.70898],[-79.67026,43.70956],[-79.66904,43.71065],[-79.66846,43.71117]]}},{"type":"Feature","properties":{"usage":"main"},"geometry":{"type":"LineString","coordinates":[[-79.41409,43.63733],[-79.41441,43.63725],[-79.41544,43.63697],[-79.41746,43.63641],[-79.42065,43.63553],[-79.42156,43.63529],[-79.42538,43.63424]]}},{"type":"Feature","properties":{"usage":"main"},"geometry":{"type":"LineString","coordinates":[[-79.40963,43.63859],[-79.40763,43.63914],[-79.40725,43.63924],[-79.40595,43.6396],[-79.40484,43.63987],[-79.40419,43.63999],[-79.4037,43.64007],[-79.40318,43.64014],[-79.40181,43.64032],[-79.4016,43.64035]]}},{"type":"Feature","properties":{"usage":"main"},"geometry":{"type":"LineString","coordinates":[[-79.49197,43.6201],[-79.49155,43.62042]]}},{"type":"Feature","properties":{"usage":"main"},"geometry":{"type":"LineString","coordinates":[[-79.49158,43.62044],[-79.49301,43.61937]]}},{"type":"Feature","properties":{"usage":"main"},"geometry":{"type":"LineString","coordinates":[[-79.41391,43.63731],[-79.41541,43.6369],[-79.41743,43.63634],[-79.42062,43.63547],[-79.42154,43.63522],[-79.42399,43.63455]]}},{"type":"Feature","properties":{"usage":"main"},"geometry":{"type":"LineString","coordinates":[[-79.42536,43.63421],[-79.42064,43.6355],[-79.41744,43.63638],[-79.41543,43.63694],[-79.41392,43.63735]]}},{"type":"Feature","properties":{"usage":"main"},"geometry":{"type":"LineString","coordinates":[[-79.38783,43.64314],[-79.38837,43.64302],[-79.38917,43.64287],[-79.39005,43.6427]]}},{"type":"Feature","properties":{"usage":"main"},"geometry":{"type":"LineString","coordinates":[[-79.39808,43.93903],[-79.39779,43.93833],[-79.39765,43.93798],[-79.39757,43.93766],[-79.39755,43.93752],[-79.39756,43.93731],[-79.39761,43.93691],[-79.39769,43.93665],[-79.39782,43.93635],[-79.39801,43.93606],[-79.3982,43.93578],[-79.39845,43.93552],[-79.39869,43.93531],[-79.39919,43.935],[-79.39977,43.93472],[-79.40061,43.93442],[-79.40219,43.93389],[-79.40323,43.93353]]}},{"type":"Feature","properties":{"usage":"main"},"geometry":{"type":"LineString","coordinates":[[-79.39821,43.93936],[-79.39808,43.93903]]}},{"type":"Feature","properties":{"usage":"main"},"geometry":{"type":"LineString","coordinates":[[-79.66592,43.70433],[-79.66651,43.70431]]}},{"type":"Feature","properties":{"usage":"main"},"geometry":{"type":"LineString","coordinates":[[-79.66647,43.70428],[-79.66587,43.70429]]}},{"type":"Feature","properties":{"usage":"branch"},"geometry":{"type":"LineString","coordinates":[[-79.44533,43.6581],[-79.44561,43.65892],[-79.44678,43.66184],[-79.44743,43.66343],[-79.44749,43.66358],[-79.44766,43.66402]]}},{"type":"Feature","properties":{"usage":"main"},"geometry":{"type":"LineString","coordinates":[[-79.50072,43.66572],[-79.49931,43.6658]]}},{"type":"Feature","properties":{"usage":"main"},"geometry":{"type":"LineString","coordinates":[[-79.50217,43.66567],[-79.50155,43.66571],[-79.50112,43.66573]]}},{"type":"Feature","properties":{"usage":"branch"},"geometry":{"type":"LineString","coordinates":[[-79.61452,43.68384],[-79.61468,43.68395],[-79.61506,43.68424]]}},{"type":"Feature","properties":{"usage":"branch"},"geometry":{"type":"LineString","coordinates":[[-79.61319,43.68291],[-79.61339,43.68305],[-79.614,43.68352],[-79.61414,43.68361],[-79.6142,43.68366],[-79.61452,43.68384]]}},{"type":"Feature","properties":{"usage":"branch"},"geometry":{"type":"LineString","coordinates":[[-79.61458,43.6838],[-79.61351,43.68299],[-79.61332,43.68284]]}},{"type":"Feature","properties":{"usage":"branch"},"geometry":{"type":"LineString","coordinates":[[-79.61511,43.68421],[-79.61458,43.6838]]}},{"type":"Feature","properties":{"usage":"main"},"geometry":{"type":"LineString","coordinates":[[-79.38623,43.64333],[-79.38694,43.64318],[-79.38729,43.64311]]}},{"type":"Feature","properties":{"usage":"main"},"geometry":{"type":"LineString","coordinates":[[-79.38577,43.64325],[-79.38508,43.64333],[-79.38472,43.64336]]}},{"type":"Feature","properties":{"usage":"main"},"geometry":{"type":"LineString","coordinates":[[-79.38421,43.64342],[-79.38417,43.64343]]}},{"type":"Feature","properties":{"usage":"main"},"geometry":{"type":"LineString","coordinates":[[-79.38418,43.64335],[-79.3838,43.64337]]}},{"type":"Feature","properties":{"usage":"main"},"geometry":{"type":"LineString","coordinates":[[-79.38424,43.64349],[-79.38413,43.6435]]}},{"type":"Feature","properties":{"usage":"main"},"geometry":{"type":"LineString","coordinates":[[-79.38472,43.64336],[-79.3846,43.64337]]}},{"type":"Feature","properties":{"usage":"main"},"geometry":{"type":"LineString","coordinates":[[-79.3846,43.64337],[-79.38421,43.64342]]}},{"type":"Feature","properties":{"usage":"main"},"geometry":{"type":"LineString","coordinates":[[-79.38472,43.64336],[-79.3846,43.64337]]}},{"type":"Feature","properties":{"usage":"main"},"geometry":{"type":"LineString","coordinates":[[-79.38517,43.64364],[-79.38476,43.64373]]}},{"type":"Feature","properties":{"usage":"main"},"geometry":{"type":"LineString","coordinates":[[-79.38568,43.64357],[-79.38534,43.64364],[-79.38496,43.64373],[-79.38477,43.64377]]}},{"type":"Feature","properties":{"usage":"main"},"geometry":{"type":"LineString","coordinates":[[-79.38833,43.64296],[-79.38812,43.643],[-79.38731,43.64318],[-79.38624,43.64341]]}},{"type":"Feature","properties":{"usage":"main"},"geometry":{"type":"LineString","coordinates":[[-79.38554,43.64353],[-79.38584,43.64346],[-79.38678,43.64326]]}},{"type":"Feature","properties":{"usage":"main"},"geometry":{"type":"LineString","coordinates":[[-79.38459,43.64389],[-79.38446,43.64393]]}},{"type":"Feature","properties":{"usage":"main"},"geometry":{"type":"LineString","coordinates":[[-79.38732,43.64328],[-79.38805,43.64313],[-79.3884,43.64305]]}},{"type":"Feature","properties":{"usage":"main"},"geometry":{"type":"LineString","coordinates":[[-79.38795,43.64285],[-79.38713,43.64303]]}},{"type":"Feature","properties":{"usage":"main"},"geometry":{"type":"LineString","coordinates":[[-79.38726,43.64304],[-79.3867,43.64316]]}},{"type":"Feature","properties":{"usage":"main"},"geometry":{"type":"LineString","coordinates":[[-79.38907,43.64262],[-79.38827,43.64279]]}},{"type":"Feature","properties":{"usage":"main"},"geometry":{"type":"LineString","coordinates":[[-79.38847,43.64271],[-79.38825,43.64276]]}},{"type":"Feature","properties":{"usage":"main"},"geometry":{"type":"LineString","coordinates":[[-79.38827,43.64279],[-79.38795,43.64285]]}},{"type":"Feature","properties":{"usage":"main"},"geometry":{"type":"LineString","coordinates":[[-79.38952,43.64267],[-79.38872,43.64284],[-79.38842,43.64291]]}},{"type":"Feature","properties":{"usage":"main"},"geometry":{"type":"LineString","coordinates":[[-79.38886,43.64277],[-79.38847,43.64286],[-79.38831,43.64289]]}},{"type":"Feature","properties":{"usage":"main"},"geometry":{"type":"LineString","coordinates":[[-79.38838,43.64284],[-79.38829,43.64286]]}},{"type":"Feature","properties":{"usage":"main"},"geometry":{"type":"LineString","coordinates":[[-79.38828,43.64283],[-79.38778,43.64293]]}},{"type":"Feature","properties":{"usage":"main"},"geometry":{"type":"LineString","coordinates":[[-79.38897,43.64283],[-79.38833,43.64296]]}},{"type":"Feature","properties":{"usage":"main"},"geometry":{"type":"LineString","coordinates":[[-79.3884,43.64305],[-79.38939,43.64286],[-79.38998,43.64274],[-79.3905,43.64265]]}},{"type":"Feature","properties":{"usage":"main"},"geometry":{"type":"LineString","coordinates":[[-79.38569,43.6433],[-79.38643,43.64316]]}},{"type":"Feature","properties":{"usage":"main"},"geometry":{"type":"LineString","coordinates":[[-79.38417,43.64343],[-79.38336,43.64355]]}},{"type":"Feature","properties":{"usage":"main"},"geometry":{"type":"LineString","coordinates":[[-79.40187,43.64042],[-79.40176,43.64043]]}},{"type":"Feature","properties":{"usage":"main"},"geometry":{"type":"LineString","coordinates":[[-79.40812,43.63889],[-79.40759,43.63904],[-79.4074,43.63909]]}},{"type":"Feature","properties":{"usage":"main"},"geometry":{"type":"LineString","coordinates":[[-79.41264,43.63769],[-79.41358,43.63744],[-79.41392,43.63735]]}},{"type":"Feature","properties":{"usage":"main"},"geometry":{"type":"LineString","coordinates":[[-79.41177,43.63793],[-79.4125,43.63773],[-79.41264,43.63769]]}},{"type":"Feature","properties":{"usage":"main"},"geometry":{"type":"LineString","coordinates":[[-79.41166,43.63796],[-79.41177,43.63793]]}},{"type":"Feature","properties":{"usage":"main"},"geometry":{"type":"LineString","coordinates":[[-79.41105,43.63813],[-79.41166,43.63796]]}},{"type":"Feature","properties":{"usage":"main"},"geometry":{"type":"LineString","coordinates":[[-79.41083,43.63823],[-79.41071,43.63826]]}},{"type":"Feature","properties":{"usage":"main"},"geometry":{"type":"LineString","coordinates":[[-79.41351,43.63749],[-79.41252,43.63776],[-79.41083,43.63823]]}},{"type":"Feature","properties":{"usage":"main"},"geometry":{"type":"LineString","coordinates":[[-79.41357,43.63748],[-79.41351,43.63749]]}},{"type":"Feature","properties":{"usage":"main"},"geometry":{"type":"LineString","coordinates":[[-79.41409,43.63733],[-79.41357,43.63748]]}},{"type":"Feature","properties":{"usage":"main"},"geometry":{"type":"LineString","coordinates":[[-79.40988,43.63852],[-79.40963,43.63859]]}},{"type":"Feature","properties":{"usage":"main"},"geometry":{"type":"LineString","coordinates":[[-79.41444,43.63727],[-79.41305,43.63765],[-79.41027,43.63841],[-79.40988,43.63852]]}},{"type":"Feature","properties":{"usage":"main"},"geometry":{"type":"LineString","coordinates":[[-79.42405,43.63465],[-79.42068,43.63557],[-79.42028,43.63568],[-79.41926,43.63595],[-79.41747,43.63644],[-79.41546,43.637],[-79.41455,43.63724],[-79.41444,43.63727]]}},{"type":"Feature","properties":{"usage":"main"},"geometry":{"type":"LineString","coordinates":[[-79.40903,43.63864],[-79.40812,43.63889]]}},{"type":"Feature","properties":{"usage":"main"},"geometry":{"type":"LineString","coordinates":[[-79.41017,43.63833],[-79.40903,43.63864]]}},{"type":"Feature","properties":{"usage":"main"},"geometry":{"type":"LineString","coordinates":[[-79.41261,43.63766],[-79.41017,43.63833]]}},{"type":"Feature","properties":{"usage":"main"},"geometry":{"type":"LineString","coordinates":[[-79.41391,43.63731],[-79.41261,43.63766]]}},{"type":"Feature","properties":{"usage":"main"},"geometry":{"type":"LineString","coordinates":[[-79.35453,43.65104],[-79.35532,43.65061],[-79.35577,43.65038],[-79.35624,43.65017],[-79.35661,43.65001]]}},{"type":"Feature","properties":{"usage":"main"},"geometry":{"type":"LineString","coordinates":[[-79.35008,43.65343],[-79.3503,43.65332]]}},{"type":"Feature","properties":{"usage":"main"},"geometry":{"type":"LineString","coordinates":[[-79.35361,43.65144],[-79.3539,43.65128]]}},{"type":"Feature","properties":{"usage":"main"},"geometry":{"type":"LineString","coordinates":[[-79.35002,43.65337],[-79.35047,43.65312],[-79.35108,43.6528]]}},{"type":"Feature","properties":{"usage":"main"},"geometry":{"type":"LineString","coordinates":[[-79.35147,43.65264],[-79.35097,43.65291],[-79.35005,43.6534]]}},{"type":"Feature","properties":{"usage":"main"},"geometry":{"type":"LineString","coordinates":[[-79.35231,43.65218],[-79.35172,43.6525],[-79.35147,43.65264]]}},{"type":"Feature","properties":{"usage":"main"},"geometry":{"type":"LineString","coordinates":[[-79.35245,43.6521],[-79.35231,43.65218]]}},{"type":"Feature","properties":{"usage":"main"},"geometry":{"type":"LineString","coordinates":[[-79.3533,43.65165],[-79.35287,43.65188],[-79.35245,43.6521]]}},{"type":"Feature","properties":{"usage":"main"},"geometry":{"type":"LineString","coordinates":[[-79.3539,43.65128],[-79.35526,43.65055],[-79.35571,43.65032],[-79.35604,43.65016],[-79.35619,43.6501],[-79.35659,43.64993]]}},{"type":"Feature","properties":{"usage":"main"},"geometry":{"type":"LineString","coordinates":[[-79.36124,43.64847],[-79.36024,43.6488],[-79.35889,43.64925]]}},{"type":"Feature","properties":{"usage":"main"},"geometry":{"type":"LineString","coordinates":[[-79.3596,43.64906],[-79.36125,43.64851]]}},{"type":"Feature","properties":{"usage":"main"},"geometry":{"type":"LineString","coordinates":[[-79.35824,43.64943],[-79.35687,43.6499]]}},{"type":"Feature","properties":{"usage":"main"},"geometry":{"type":"LineString","coordinates":[[-79.36359,43.64775],[-79.36252,43.64797],[-79.36179,43.64815],[-79.36145,43.64825]]}},{"type":"Feature","properties":{"usage":"main"},"geometry":{"type":"LineString","coordinates":[[-79.36467,43.64752],[-79.36359,43.64775]]}},{"type":"Feature","properties":{"usage":"main"},"geometry":{"type":"LineString","coordinates":[[-79.37149,43.6461],[-79.371,43.64621]]}},{"type":"Feature","properties":{"usage":"main"},"geometry":{"type":"LineString","coordinates":[[-79.371,43.64621],[-79.37054,43.64631],[-79.37032,43.64635]]}},{"type":"Feature","properties":{"usage":"main"},"geometry":{"type":"LineString","coordinates":[[-79.37049,43.64635],[-79.37033,43.64639]]}},{"type":"Feature","properties":{"usage":"main"},"geometry":{"type":"LineString","coordinates":[[-79.3694,43.64666],[-79.36669,43.64724]]}},{"type":"Feature","properties":{"usage":"main"},"geometry":{"type":"LineString","coordinates":[[-79.36881,43.64683],[-79.36675,43.64727]]}},{"type":"Feature","properties":{"usage":"main"},"geometry":{"type":"LineString","coordinates":[[-79.37003,43.64649],[-79.36998,43.6465]]}},{"type":"Feature","properties":{"usage":"main"},"geometry":{"type":"LineString","coordinates":[[-79.36675,43.64727],[-79.3667,43.64728]]}},{"type":"Feature","properties":{"usage":"main"},"geometry":{"type":"LineString","coordinates":[[-79.37391,43.64538],[-79.37304,43.64557],[-79.37274,43.64564],[-79.37229,43.64576],[-79.3716,43.64596],[-79.37068,43.64622],[-79.37034,43.64631]]}},{"type":"Feature","properties":{"usage":"main"},"geometry":{"type":"LineString","coordinates":[[-79.37604,43.64548],[-79.37563,43.64554],[-79.37479,43.64569]]}},{"type":"Feature","properties":{"usage":"main"},"geometry":{"type":"LineString","coordinates":[[-79.37541,43.64554],[-79.37441,43.64571],[-79.37413,43.64576]]}},{"type":"Feature","properties":{"usage":"main"},"geometry":{"type":"LineString","coordinates":[[-79.37475,43.64561],[-79.37416,43.64571],[-79.3735,43.64582],[-79.37343,43.64584]]}},{"type":"Feature","properties":{"usage":"main"},"geometry":{"type":"LineString","coordinates":[[-79.3734,43.64575],[-79.37307,43.64581],[-79.37217,43.646]]}},{"type":"Feature","properties":{"usage":"main"},"geometry":{"type":"LineString","coordinates":[[-79.37408,43.64563],[-79.3734,43.64575]]}},{"type":"Feature","properties":{"usage":"main"},"geometry":{"type":"LineString","coordinates":[[-79.37216,43.64612],[-79.37164,43.64623],[-79.37037,43.64649]]}},{"type":"Feature","properties":{"usage":"main"},"geometry":{"type":"LineString","coordinates":[[-79.37343,43.64584],[-79.37308,43.64591],[-79.3728,43.64596]]}},{"type":"Feature","properties":{"usage":"main"},"geometry":{"type":"LineString","coordinates":[[-79.52582,43.60167],[-79.52764,43.60077],[-79.52852,43.60033],[-79.52865,43.60027],[-79.53114,43.59904],[-79.53119,43.59902]]}},{"type":"Feature","properties":{"usage":"branch"},"geometry":{"type":"LineString","coordinates":[[-79.52709,43.60113],[-79.52665,43.60138],[-79.52647,43.60151],[-79.52628,43.60165],[-79.52608,43.60183],[-79.52594,43.60197],[-79.52579,43.60215],[-79.52568,43.60229]]}},{"type":"Feature","properties":{"usage":"main"},"geometry":{"type":"LineString","coordinates":[[-79.3112,43.68223],[-79.31047,43.68252]]}},{"type":"Feature","properties":{"usage":"main"},"geometry":{"type":"LineString","coordinates":[[-79.25931,43.71041],[-79.26139,43.70729],[-79.26556,43.701],[-79.26692,43.69896],[-79.26816,43.69739],[-79.26954,43.69602],[-79.27057,43.69517]]}},{"type":"Feature","properties":{"usage":"main"},"geometry":{"type":"LineString","coordinates":[[-79.25647,43.71469],[-79.25746,43.71321],[-79.25916,43.71064],[-79.25931,43.71041]]}},{"type":"Feature","properties":{"usage":"main"},"geometry":{"type":"LineString","coordinates":[[-79.2565,43.71475],[-79.25665,43.71451],[-79.2572,43.71369]]}},{"type":"Feature","properties":{"usage":"main"},"geometry":{"type":"LineString","coordinates":[[-79.25755,43.71324],[-79.25718,43.7138]]}},{"type":"Feature","properties":{"usage":"main"},"geometry":{"type":"LineString","coordinates":[[-79.25832,43.71199],[-79.25843,43.71183],[-79.25872,43.7114]]}},{"type":"Feature","properties":{"usage":"main"},"geometry":{"type":"LineString","coordinates":[[-79.25826,43.71208],[-79.25829,43.71204],[-79.25832,43.71199]]}},{"type":"Feature","properties":{"usage":"main"},"geometry":{"type":"LineString","coordinates":[[-79.2572,43.71369],[-79.25723,43.71364],[-79.25751,43.71323],[-79.25826,43.71208]]}},{"type":"Feature","properties":{"usage":"main"},"geometry":{"type":"LineString","coordinates":[[-79.25249,43.72077],[-79.25323,43.71965],[-79.25407,43.7184],[-79.25446,43.7178],[-79.25486,43.7172],[-79.2565,43.71475]]}},{"type":"Feature","properties":{"usage":"main"},"geometry":{"type":"LineString","coordinates":[[-79.25768,43.71306],[-79.25758,43.7132],[-79.25755,43.71324]]}},{"type":"Feature","properties":{"usage":"main"},"geometry":{"type":"LineString","coordinates":[[-79.25902,43.71103],[-79.25777,43.71292],[-79.25768,43.71306]]}},{"type":"Feature","properties":{"usage":"main"},"geometry":{"type":"LineString","coordinates":[[-79.19051,43.75646],[-79.19022,43.75652]]}},{"type":"Feature","properties":{"usage":"main"},"geometry":{"type":"LineString","coordinates":[[-79.19024,43.75648],[-79.18876,43.75676]]}},{"type":"Feature","properties":{"usage":"main"},"geometry":{"type":"LineString","coordinates":[[-79.19024,43.75648],[-79.19193,43.75615]]}},{"type":"Feature","properties":{"usage":"main"},"geometry":{"type":"LineString","coordinates":[[-79.20042,43.75455],[-79.19994,43.75464],[-79.19591,43.75542],[-79.19478,43.75563],[-79.19295,43.75598],[-79.19217,43.75614],[-79.19051,43.75646]]}},{"type":"Feature","properties":{"usage":"main"},"geometry":{"type":"LineString","coordinates":[[-79.19648,43.75517],[-79.19591,43.75529],[-79.19502,43.75547],[-79.19361,43.75578],[-79.19214,43.75607],[-79.19148,43.7562],[-79.19024,43.75648]]}},{"type":"Feature","properties":{"usage":"main"},"geometry":{"type":"LineString","coordinates":[[-79.08827,43.82959],[-79.08787,43.82978]]}},{"type":"Feature","properties":{"usage":"main"},"geometry":{"type":"LineString","coordinates":[[-79.08955,43.82905],[-79.09047,43.82863],[-79.09251,43.82767]]}},{"type":"Feature","properties":{"usage":"main"},"geometry":{"type":"LineString","coordinates":[[-79.09079,43.82844],[-79.0893,43.82911],[-79.08827,43.82959]]}},{"type":"Feature","properties":{"usage":"main"},"geometry":{"type":"LineString","coordinates":[[-79.10092,43.82384],[-79.1007,43.82394]]}},{"type":"Feature","properties":{"usage":"main"},"geometry":{"type":"LineString","coordinates":[[-79.05772,43.84372],[-79.05657,43.84424],[-79.05538,43.8447],[-79.05425,43.84508],[-79.05302,43.84542],[-79.05182,43.8457]]}},{"type":"Feature","properties":{"usage":"main"},"geometry":{"type":"LineString","coordinates":[[-79.06048,43.84244],[-79.05796,43.84362],[-79.05772,43.84372]]}},{"type":"Feature","properties":{"usage":"main"},"geometry":{"type":"LineString","coordinates":[[-79.05922,43.84308],[-79.06028,43.84259]]}},{"type":"Feature","properties":{"usage":"main"},"geometry":{"type":"LineString","coordinates":[[-79.05905,43.84316],[-79.05922,43.84308]]}},{"type":"Feature","properties":{"usage":"main"},"geometry":{"type":"LineString","coordinates":[[-79.05182,43.84575],[-79.0537,43.8453],[-79.05471,43.84499],[-79.05571,43.84462],[-79.0564,43.84436],[-79.05744,43.84391],[-79.05891,43.84323],[-79.05905,43.84316]]}},{"type":"Feature","properties":{"usage":"main"},"geometry":{"type":"LineString","coordinates":[[-79.68431,43.70302],[-79.68709,43.70246],[-79.6876,43.70236]]}},{"type":"Feature","properties":{"usage":"main"},"geometry":{"type":"LineString","coordinates":[[-79.68276,43.70329],[-79.68387,43.70307]]}},{"type":"Feature","properties":{"usage":"main"},"geometry":{"type":"LineString","coordinates":[[-79.68244,43.70335],[-79.68276,43.70329]]}},{"type":"Feature","properties":{"usage":"main"},"geometry":{"type":"LineString","coordinates":[[-79.69565,43.7006],[-79.69516,43.7007],[-79.6944,43.70085],[-79.69348,43.70104],[-79.69028,43.70168],[-79.6899,43.70176],[-79.68925,43.70189],[-79.68829,43.70209]]}},{"type":"Feature","properties":{"usage":"main"},"geometry":{"type":"LineString","coordinates":[[-79.68645,43.70246],[-79.68679,43.7024]]}},{"type":"Feature","properties":{"usage":"main"},"geometry":{"type":"LineString","coordinates":[[-79.74364,43.69107],[-79.74651,43.69049],[-79.74937,43.68991]]}},{"type":"Feature","properties":{"usage":"main"},"geometry":{"type":"LineString","coordinates":[[-79.75386,43.68901],[-79.754,43.68898]]}},{"type":"Feature","properties":{"usage":"main"},"geometry":{"type":"LineString","coordinates":[[-79.75237,43.68927],[-79.75398,43.68894]]}},{"type":"Feature","properties":{"usage":"main"},"geometry":{"type":"LineString","coordinates":[[-79.75083,43.68958],[-79.74726,43.6903],[-79.7436,43.69104]]}},{"type":"Feature","properties":{"usage":"main"},"geometry":{"type":"LineString","coordinates":[[-79.46651,43.66727],[-79.46583,43.66726]]}},{"type":"Feature","properties":{"usage":"main"},"geometry":{"type":"LineString","coordinates":[[-79.46657,43.66727],[-79.46651,43.66727]]}},{"type":"Feature","properties":{"usage":"main"},"geometry":{"type":"LineString","coordinates":[[-79.46651,43.66723],[-79.46589,43.66723],[-79.46543,43.66722]]}},{"type":"Feature","properties":{"usage":"main"},"geometry":{"type":"LineString","coordinates":[[-79.4652,43.66726],[-79.46501,43.66726]]}},{"type":"Feature","properties":{"usage":"main"},"geometry":{"type":"LineString","coordinates":[[-79.46546,43.6673],[-79.4655,43.6673]]}},{"type":"Feature","properties":{"usage":"main"},"geometry":{"type":"LineString","coordinates":[[-79.50222,43.66567],[-79.50217,43.66567]]}},{"type":"Feature","properties":{"usage":"main"},"geometry":{"type":"LineString","coordinates":[[-79.50319,43.66562],[-79.50222,43.66567]]}},{"type":"Feature","properties":{"usage":"main"},"geometry":{"type":"LineString","coordinates":[[-79.50462,43.66557],[-79.50277,43.66567],[-79.50236,43.6657],[-79.50128,43.66576],[-79.49979,43.66585]]}},{"type":"Feature","properties":{"usage":"main"},"geometry":{"type":"LineString","coordinates":[[-79.51157,43.66318],[-79.51146,43.66327]]}},{"type":"Feature","properties":{"usage":"main"},"geometry":{"type":"LineString","coordinates":[[-79.51299,43.66196],[-79.51271,43.6622]]}},{"type":"Feature","properties":{"usage":"main"},"geometry":{"type":"LineString","coordinates":[[-79.51316,43.66176],[-79.51267,43.66218]]}},{"type":"Feature","properties":{"usage":"main"},"geometry":{"type":"LineString","coordinates":[[-79.51422,43.66091],[-79.51415,43.66097]]}},{"type":"Feature","properties":{"usage":"main"},"geometry":{"type":"LineString","coordinates":[[-79.51489,43.66035],[-79.51422,43.66091]]}},{"type":"Feature","properties":{"usage":"main"},"geometry":{"type":"LineString","coordinates":[[-79.51639,43.6591],[-79.51584,43.65958]]}},{"type":"Feature","properties":{"usage":"branch"},"geometry":{"type":"LineString","coordinates":[[-79.53616,43.63662],[-79.53642,43.63637],[-79.53662,43.63614]]}},{"type":"Feature","properties":{"usage":"main"},"geometry":{"type":"LineString","coordinates":[[-79.53616,43.63662],[-79.53574,43.63697],[-79.53529,43.63735],[-79.5351,43.6375],[-79.53375,43.63864],[-79.53129,43.64071],[-79.52997,43.64181],[-79.52794,43.64355]]}},{"type":"Feature","properties":{"usage":"main"},"geometry":{"type":"LineString","coordinates":[[-79.52759,43.64384],[-79.52753,43.6439]]}},{"type":"Feature","properties":{"usage":"main"},"geometry":{"type":"LineString","coordinates":[[-79.54341,43.63056],[-79.54266,43.63118],[-79.54158,43.63209],[-79.54098,43.63259]]}},{"type":"Feature","properties":{"usage":"main"},"geometry":{"type":"LineString","coordinates":[[-79.54341,43.63061],[-79.5427,43.63119],[-79.54165,43.63209],[-79.54083,43.63278],[-79.5403,43.63324],[-79.54005,43.63345]]}},{"type":"Feature","properties":{"usage":"main"},"geometry":{"type":"LineString","coordinates":[[-79.56867,43.61356],[-79.56818,43.61388]]}},{"type":"Feature","properties":{"usage":"main"},"geometry":{"type":"LineString","coordinates":[[-79.56976,43.61279],[-79.56904,43.61326],[-79.56814,43.61385]]}},{"type":"Feature","properties":{"usage":"main"},"geometry":{"type":"LineString","coordinates":[[-79.57049,43.61232],[-79.56976,43.61279]]}},{"type":"Feature","properties":{"usage":"main"},"geometry":{"type":"LineString","coordinates":[[-79.57051,43.61231],[-79.57049,43.61232]]}},{"type":"Feature","properties":{"usage":"main"},"geometry":{"type":"LineString","coordinates":[[-79.56936,43.61301],[-79.56832,43.61368],[-79.56811,43.61382]]}},{"type":"Feature","properties":{"usage":"main"},"geometry":{"type":"LineString","coordinates":[[-79.57157,43.61157],[-79.57086,43.61203],[-79.57002,43.61257],[-79.56936,43.61301]]}},{"type":"Feature","properties":{"usage":"main"},"geometry":{"type":"LineString","coordinates":[[-79.5738,43.61018],[-79.57188,43.61142],[-79.57173,43.61152]]}},{"type":"Feature","properties":{"usage":"main"},"geometry":{"type":"LineString","coordinates":[[-79.59866,43.59395],[-79.59743,43.59474],[-79.59664,43.59526],[-79.59491,43.59639],[-79.59485,43.59643],[-79.59459,43.5966],[-79.59177,43.59843]]}},{"type":"Feature","properties":{"usage":"main"},"geometry":{"type":"LineString","coordinates":[[-79.61137,43.59],[-79.61133,43.59001]]}},{"type":"Feature","properties":{"usage":"main"},"geometry":{"type":"LineString","coordinates":[[-79.61359,43.5895],[-79.61266,43.58971],[-79.61226,43.5898],[-79.61137,43.59]]}},{"type":"Feature","properties":{"usage":"main"},"geometry":{"type":"LineString","coordinates":[[-79.61272,43.58965],[-79.61164,43.5899],[-79.61091,43.59006],[-79.60993,43.59029]]}},{"type":"Feature","properties":{"usage":"main"},"geometry":{"type":"LineString","coordinates":[[-79.61614,43.58872],[-79.61571,43.58888],[-79.61524,43.58904],[-79.61472,43.58918],[-79.61448,43.58925],[-79.61402,43.58936],[-79.61272,43.58965]]}},{"type":"Feature","properties":{"usage":"main"},"geometry":{"type":"LineString","coordinates":[[-79.61616,43.58876],[-79.61563,43.58895],[-79.6151,43.58912],[-79.61481,43.5892],[-79.61453,43.58927],[-79.61397,43.58941],[-79.61359,43.5895]]}},{"type":"Feature","properties":{"usage":"main"},"geometry":{"type":"LineString","coordinates":[[-79.6286,43.57928],[-79.6276,43.58012],[-79.62706,43.58058]]}},{"type":"Feature","properties":{"usage":"main"},"geometry":{"type":"LineString","coordinates":[[-79.62968,43.57839],[-79.6286,43.57928]]}},{"type":"Feature","properties":{"usage":"main"},"geometry":{"type":"LineString","coordinates":[[-79.6297,43.57837],[-79.62968,43.57839]]}},{"type":"Feature","properties":{"usage":"main"},"geometry":{"type":"LineString","coordinates":[[-79.63062,43.57754],[-79.62943,43.57853],[-79.62867,43.57916]]}},{"type":"Feature","properties":{"usage":"main"},"geometry":{"type":"LineString","coordinates":[[-79.62867,43.57916],[-79.62721,43.58039],[-79.627,43.58056]]}},{"type":"Feature","properties":{"usage":"main"},"geometry":{"type":"LineString","coordinates":[[-79.6805,43.57112],[-79.68046,43.5711]]}},{"type":"Feature","properties":{"usage":"main"},"geometry":{"type":"LineString","coordinates":[[-79.68768,43.575],[-79.68503,43.57357],[-79.68406,43.57306],[-79.68179,43.57183]]}},{"type":"Feature","properties":{"usage":"main"},"geometry":{"type":"LineString","coordinates":[[-79.6877,43.57496],[-79.68666,43.5744],[-79.6821,43.57194],[-79.68192,43.57184],[-79.68168,43.57172]]}},{"type":"Feature","properties":{"usage":"main"},"geometry":{"type":"LineString","coordinates":[[-79.72312,43.58723],[-79.72153,43.58554],[-79.72139,43.58539],[-79.72048,43.58443],[-79.71996,43.58387]]}},{"type":"Feature","properties":{"usage":"main"},"geometry":{"type":"LineString","coordinates":[[-79.72308,43.58725],[-79.72128,43.58534],[-79.72099,43.58503],[-79.72072,43.58474]]}},{"type":"Feature","properties":{"usage":"branch"},"geometry":{"type":"LineString","coordinates":[[-79.50876,43.86288],[-79.51024,43.86526],[-79.5146,43.87226],[-79.51545,43.87363],[-79.51691,43.87591]]}},{"type":"Feature","properties":{"usage":"branch"},"geometry":{"type":"LineString","coordinates":[[-79.52457,43.89064],[-79.52459,43.89093],[-79.52468,43.8919],[-79.52474,43.89278],[-79.52474,43.89325],[-79.52471,43.89363],[-79.52465,43.894],[-79.5244,43.89525],[-79.52439,43.89578],[-79.52448,43.89682],[-79.52478,43.90034],[-79.52515,43.90433],[-79.52565,43.91021],[-79.52625,43.91647],[-79.52643,43.91768]]}},{"type":"Feature","properties":{"usage":"branch"},"geometry":{"type":"LineString","coordinates":[[-79.47997,43.76174],[-79.48005,43.76212],[-79.48075,43.7656]]}},{"type":"Feature","properties":{"usage":"branch"},"geometry":{"type":"LineString","coordinates":[[-79.48082,43.76597],[-79.48121,43.76791],[-79.48127,43.76826],[-79.48133,43.76853]]}},{"type":"Feature","properties":{"usage":"branch"},"geometry":{"type":"LineString","coordinates":[[-79.48413,43.78244],[-79.48437,43.78368]]}},{"type":"Feature","properties":{"usage":"branch"},"geometry":{"type":"LineString","coordinates":[[-79.4841,43.78233],[-79.48412,43.78239],[-79.48413,43.78244]]}},{"type":"Feature","properties":{"usage":"branch"},"geometry":{"type":"LineString","coordinates":[[-79.48441,43.78358],[-79.48442,43.78367]]}},{"type":"Feature","properties":{"usage":"branch"},"geometry":{"type":"LineString","coordinates":[[-79.48392,43.78118],[-79.48417,43.78238],[-79.48441,43.78358]]}},{"type":"Feature","properties":{"usage":"branch"},"geometry":{"type":"LineString","coordinates":[[-79.48452,43.78415],[-79.48452,43.78418],[-79.48459,43.78446]]}},{"type":"Feature","properties":{"usage":"branch"},"geometry":{"type":"LineString","coordinates":[[-79.48219,43.77261],[-79.48229,43.77329],[-79.48257,43.77473],[-79.48298,43.77675],[-79.48339,43.77878],[-79.4841,43.78233]]}},{"type":"Feature","properties":{"usage":"main"},"geometry":{"type":"LineString","coordinates":[[-79.35298,43.65618],[-79.35314,43.65632],[-79.35317,43.65635],[-79.35345,43.6566],[-79.35358,43.65672],[-79.35383,43.65694],[-79.35433,43.65737],[-79.35443,43.65746],[-79.35453,43.65759],[-79.35461,43.6577],[-79.35471,43.65785],[-79.35482,43.65808],[-79.3549,43.65829],[-79.35532,43.65971],[-79.35608,43.66223],[-79.35682,43.66471],[-79.35698,43.66531]]}},{"type":"Feature","properties":{"usage":"main"},"geometry":{"type":"LineString","coordinates":[[-79.35766,43.66749],[-79.35717,43.66591],[-79.35698,43.66531]]}},{"type":"Feature","properties":{"usage":"main"},"geometry":{"type":"LineString","coordinates":[[-79.35698,43.66531],[-79.35728,43.66606],[-79.35771,43.66747],[-79.35789,43.66803],[-79.35809,43.66852],[-79.35823,43.66873],[-79.35833,43.66887],[-79.35853,43.66909],[-79.35876,43.66931],[-79.35914,43.66962],[-79.35965,43.67004],[-79.36017,43.67046],[-79.3612,43.67129],[-79.36231,43.67221],[-79.36255,43.67246],[-79.3627,43.67261],[-79.36292,43.67289],[-79.36318,43.67324],[-79.36368,43.67394],[-79.36406,43.67451],[-79.36429,43.67502],[-79.36446,43.67543],[-79.36453,43.67563]]}},{"type":"Feature","properties":{"usage":"main"},"geometry":{"type":"LineString","coordinates":[[-79.36355,43.7641],[-79.36246,43.76272]]}},{"type":"Feature","properties":{"usage":"main"},"geometry":{"type":"LineString","coordinates":[[-79.36135,43.76132],[-79.35563,43.75405]]}},{"type":"Feature","properties":{"usage":"main"},"geometry":{"type":"LineString","coordinates":[[-79.41593,43.83098],[-79.41537,43.83045],[-79.41532,43.8304]]}},{"type":"Feature","properties":{"usage":"main"},"geometry":{"type":"LineString","coordinates":[[-79.42789,43.84474],[-79.42773,43.8441],[-79.42763,43.84379],[-79.42753,43.84355],[-79.42734,43.84318],[-79.42716,43.84288],[-79.42696,43.84261],[-79.42606,43.84152],[-79.42513,43.84044],[-79.42355,43.83856],[-79.42257,43.8374],[-79.4215,43.83624],[-79.41999,43.83476],[-79.41622,43.83125],[-79.41593,43.83098]]}},{"type":"Feature","properties":{"usage":"main"},"geometry":{"type":"LineString","coordinates":[[-79.41616,43.83126],[-79.4143,43.82953]]}},{"type":"Feature","properties":{"usage":"main"},"geometry":{"type":"LineString","coordinates":[[-79.41685,43.83191],[-79.41616,43.83126]]}},{"type":"Feature","properties":{"usage":"main"},"geometry":{"type":"LineString","coordinates":[[-79.43407,43.88564],[-79.43372,43.88484],[-79.43331,43.88412],[-79.4329,43.88351],[-79.43177,43.88186],[-79.43171,43.88178],[-79.43168,43.88174],[-79.43145,43.8814]]}},{"type":"Feature","properties":{"usage":"main"},"geometry":{"type":"LineString","coordinates":[[-79.42569,43.87146],[-79.42563,43.87125]]}},{"type":"Feature","properties":{"usage":"main"},"geometry":{"type":"LineString","coordinates":[[-79.42694,43.87572],[-79.42682,43.87543],[-79.42671,43.87514],[-79.42633,43.87379],[-79.42625,43.87352],[-79.42569,43.87146]]}},{"type":"Feature","properties":{"usage":"main"},"geometry":{"type":"LineString","coordinates":[[-79.42698,43.8757],[-79.42688,43.87547],[-79.42676,43.87513],[-79.42673,43.87503],[-79.42638,43.87378],[-79.4263,43.87351],[-79.42577,43.87154],[-79.4255,43.87056]]}},{"type":"Feature","properties":{"usage":"branch"},"geometry":{"type":"LineString","coordinates":[[-79.30969,43.83309],[-79.3077,43.83105]]}},{"type":"Feature","properties":{"usage":"branch"},"geometry":{"type":"LineString","coordinates":[[-79.30855,43.83199],[-79.30864,43.83209],[-79.30876,43.8322]]}},{"type":"Feature","properties":{"usage":"branch"},"geometry":{"type":"LineString","coordinates":[[-79.31511,43.8489],[-79.31508,43.84916],[-79.31502,43.84959]]}},{"type":"Feature","properties":{"usage":"branch"},"geometry":{"type":"LineString","coordinates":[[-79.31207,43.83554],[-79.31118,43.83464],[-79.3111,43.83456],[-79.30969,43.83309]]}},{"type":"Feature","properties":{"usage":"main"},"geometry":{"type":"LineString","coordinates":[[-79.52551,43.60183],[-79.52568,43.60175],[-79.52582,43.60167]]}},{"type":"Feature","properties":{"usage":"main"},"geometry":{"type":"LineString","coordinates":[[-79.08235,43.83272],[-79.07998,43.83391],[-79.07902,43.83437],[-79.077,43.83527],[-79.07385,43.83658],[-79.0729,43.83698],[-79.07041,43.83813],[-79.06879,43.83888],[-79.06673,43.83992],[-79.0652,43.84068],[-79.06325,43.84162],[-79.06088,43.84272],[-79.05851,43.84382],[-79.05756,43.84427],[-79.05658,43.84468],[-79.05586,43.84497],[-79.05517,43.84522],[-79.05362,43.84572],[-79.05279,43.84592],[-79.05216,43.84606]]}},{"type":"Feature","properties":{"usage":"main"},"geometry":{"type":"LineString","coordinates":[[-79.08231,43.83268],[-79.07996,43.83387],[-79.07901,43.83433],[-79.07696,43.83524],[-79.07381,43.83654],[-79.07288,43.83693],[-79.07039,43.8381],[-79.06876,43.83885],[-79.06669,43.83989],[-79.06519,43.84065],[-79.06324,43.84158],[-79.06086,43.84269],[-79.05846,43.84379],[-79.05752,43.84423],[-79.05654,43.84465],[-79.05583,43.84492],[-79.05515,43.84519],[-79.05358,43.84568],[-79.05279,43.84588],[-79.05214,43.84603]]}},{"type":"Feature","properties":{"usage":"main"},"geometry":{"type":"LineString","coordinates":[[-79.08716,43.83046],[-79.08693,43.83057],[-79.08684,43.83061],[-79.08514,43.8314],[-79.08354,43.83214],[-79.08235,43.83272]]}},{"type":"Feature","properties":{"usage":"main"},"geometry":{"type":"LineString","coordinates":[[-79.08713,43.83043],[-79.08692,43.83052],[-79.08511,43.83137],[-79.08353,43.8321],[-79.08337,43.83218],[-79.08231,43.83268]]}},{"type":"Feature","properties":{"usage":"main"},"geometry":{"type":"LineString","coordinates":[[-79.75212,43.68932],[-79.75227,43.68929]]}},{"type":"Feature","properties":{"usage":"main"},"geometry":{"type":"LineString","coordinates":[[-79.75203,43.68934],[-79.75212,43.68932]]}},{"type":"Feature","properties":{"usage":"main"},"geometry":{"type":"LineString","coordinates":[[-79.75237,43.68931],[-79.75386,43.68901]]}},{"type":"Feature","properties":{"usage":"main"},"geometry":{"type":"LineString","coordinates":[[-79.75216,43.68935],[-79.75232,43.68932]]}},{"type":"Feature","properties":{"usage":"main"},"geometry":{"type":"LineString","coordinates":[[-79.75232,43.68932],[-79.75237,43.68931]]}},{"type":"Feature","properties":{"usage":"main"},"geometry":{"type":"LineString","coordinates":[[-79.75227,43.68929],[-79.75231,43.68928]]}},{"type":"Feature","properties":{"usage":"main"},"geometry":{"type":"LineString","coordinates":[[-79.75231,43.68928],[-79.75237,43.68927]]}},{"type":"Feature","properties":{"usage":"main"},"geometry":{"type":"LineString","coordinates":[[-79.37859,43.6453],[-79.38047,43.6449],[-79.3826,43.64444],[-79.38274,43.6444]]}},{"type":"Feature","properties":{"usage":"main"},"geometry":{"type":"LineString","coordinates":[[-79.60662,43.70549],[-79.60681,43.70548]]}},{"type":"Feature","properties":{"usage":"main"},"geometry":{"type":"LineString","coordinates":[[-79.47892,43.68332],[-79.47938,43.68354]]}},{"type":"Feature","properties":{"usage":"main"},"geometry":{"type":"LineString","coordinates":[[-79.48118,43.68448],[-79.48196,43.68487],[-79.48273,43.68527],[-79.48348,43.68567],[-79.48687,43.68734]]}},{"type":"Feature","properties":{"usage":"main"},"geometry":{"type":"LineString","coordinates":[[-79.48655,43.68736],[-79.48513,43.68666],[-79.48458,43.68639]]}},{"type":"Feature","properties":{"usage":"branch"},"geometry":{"type":"LineString","coordinates":[[-79.26189,43.73099],[-79.26314,43.73371],[-79.26982,43.74941],[-79.26994,43.74976],[-79.27003,43.75012],[-79.27027,43.75139],[-79.27034,43.75158],[-79.2712,43.7538],[-79.27593,43.76603],[-79.27635,43.7674],[-79.27652,43.76785]]}},{"type":"Feature","properties":{"usage":"main"},"geometry":{"type":"LineString","coordinates":[[-79.40361,43.64024],[-79.40426,43.64018],[-79.40459,43.64016],[-79.40504,43.64014],[-79.40579,43.64012]]}},{"type":"Feature","properties":{"usage":"main"},"geometry":{"type":"LineString","coordinates":[[-79.49765,43.69251],[-79.49509,43.69124],[-79.49478,43.69109],[-79.49328,43.69035]]}},{"type":"Feature","properties":{"usage":"main"},"geometry":{"type":"LineString","coordinates":[[-79.49642,43.69194],[-79.49736,43.69241],[-79.50219,43.6948],[-79.50597,43.69673]]}},{"type":"Feature","properties":{"usage":"main"},"geometry":{"type":"LineString","coordinates":[[-79.59358,43.5502],[-79.59401,43.5498],[-79.59491,43.54895],[-79.59534,43.54855],[-79.59547,43.54843],[-79.59559,43.54833]]}},{"type":"Feature","properties":{"usage":"main"},"geometry":{"type":"LineString","coordinates":[[-79.5935,43.55018],[-79.5953,43.54853],[-79.59544,43.5484],[-79.59648,43.54745]]}},{"type":"Feature","properties":{"usage":"main"},"geometry":{"type":"LineString","coordinates":[[-79.49932,43.66588],[-79.49914,43.66589]]}},{"type":"Feature","properties":{"usage":"main"},"geometry":{"type":"LineString","coordinates":[[-79.45643,43.66334],[-79.45732,43.66429]]}},{"type":"Feature","properties":{"usage":"main"},"geometry":{"type":"LineString","coordinates":[[-79.4535,43.6603],[-79.45377,43.66056],[-79.45421,43.66096],[-79.45437,43.66113],[-79.45574,43.66253],[-79.45647,43.66332],[-79.45738,43.66427]]}},{"type":"Feature","properties":{"usage":"branch"},"geometry":{"type":"LineString","coordinates":[[-79.45323,43.67283],[-79.45299,43.67271],[-79.45282,43.67259],[-79.45258,43.67239],[-79.45235,43.67219],[-79.45195,43.67176],[-79.45142,43.67114]]}},{"type":"Feature","properties":{"usage":"branch"},"geometry":{"type":"LineString","coordinates":[[-79.45142,43.67114],[-79.45127,43.67096]]}},{"type":"Feature","properties":{"usage":"branch"},"geometry":{"type":"LineString","coordinates":[[-79.44897,43.66726],[-79.44898,43.6673],[-79.44908,43.66752],[-79.44936,43.66815],[-79.44958,43.66858],[-79.44984,43.66903],[-79.45003,43.66933],[-79.45028,43.6697],[-79.45127,43.67096]]}},{"type":"Feature","properties":{"usage":"branch"},"geometry":{"type":"LineString","coordinates":[[-79.44853,43.66617],[-79.44849,43.66609],[-79.44766,43.66402]]}},{"type":"Feature","properties":{"usage":"branch"},"geometry":{"type":"LineString","coordinates":[[-79.44526,43.65793],[-79.44533,43.6581]]}},{"type":"Feature","properties":{"usage":"branch"},"geometry":{"type":"LineString","coordinates":[[-79.44861,43.66637],[-79.44869,43.66654],[-79.44889,43.66708],[-79.44897,43.66726]]}},{"type":"Feature","properties":{"usage":"main"},"geometry":{"type":"LineString","coordinates":[[-79.55061,43.70662],[-79.55141,43.7066],[-79.55513,43.70653],[-79.55526,43.70652]]}},{"type":"Feature","properties":{"usage":"main"},"geometry":{"type":"LineString","coordinates":[[-79.55529,43.7065],[-79.55487,43.70651],[-79.55051,43.70659],[-79.54833,43.70661],[-79.54662,43.70664],[-79.54502,43.70668],[-79.54464,43.70668],[-79.54324,43.70672],[-79.54135,43.70676],[-79.54098,43.70677],[-79.53733,43.70685]]}},{"type":"Feature","properties":{"usage":"main"},"geometry":{"type":"LineString","coordinates":[[-79.55526,43.70652],[-79.55728,43.70649]]}},{"type":"Feature","properties":{"usage":"main"},"geometry":{"type":"LineString","coordinates":[[-79.55731,43.70646],[-79.55529,43.7065]]}},{"type":"Feature","properties":{"usage":"main"},"geometry":{"type":"LineString","coordinates":[[-79.55532,43.70647],[-79.55051,43.70656],[-79.54794,43.70658],[-79.54648,43.70661],[-79.54609,43.70661],[-79.54377,43.70667],[-79.54122,43.70673],[-79.5395,43.70677],[-79.53733,43.70681]]}},{"type":"Feature","properties":{"usage":"main"},"geometry":{"type":"LineString","coordinates":[[-79.55734,43.70643],[-79.55532,43.70647]]}}]}