{
"type": "FeatureCollection",
"name": "transit_routes_edited",
"crs": { "type": "name", "properties": { "name": "urn:ogc:def:crs:OGC:1.3:CRS84" } },
"features": [
{ "type": "Feature", "properties": { "route": 1.0, "segment": 1, "leg": 1.0, "leg_segment": 1, "mode": "WALK", "route_short_name": "", "note": "start Humberwood", "from_library": "Humberwood", "to_library": "Albion", "segment_depart": "09:00", "segment_arrive": "09:02", "wait_min": 0.0, "duration_min": 1.2, "distance_m": 46.0 }, "geometry": { "type": "LineString", "coordinates": [ [ -79.619776, 43.728774 ], [ -79.619961, 43.728814 ], [ -79.620021, 43.728835 ], [ -79.619892, 43.729025 ], [ -79.619904, 43.729041 ] ] } },
{ "type": "Feature", "properties": { "route": 1.0, "segment": 2, "leg": 1.0, "leg_segment": 2, "mode": "BUS", "route_short_name": "996", "note": "", "from_library": "Humberwood", "to_library": "Albion", "segment_depart": "09:03", "segment_arrive": "09:11", "wait_min": 1.6, "duration_min": 8.1, "distance_m": 2676.0 }, "geometry": { "type": "LineString", "coordinates": [ [ -79.61994, 43.729089 ], [ -79.619862, 43.729203 ], [ -79.619788, 43.729361 ], [ -79.619758, 43.729424 ], [ -79.619714, 43.729582 ], [ -79.619703, 43.72967 ], [ -79.619691, 43.729757 ], [ -79.619672, 43.729901 ], [ -79.619654, 43.730018 ], [ -79.61964, 43.730167 ], [ -79.619657, 43.73032 ], [ -79.619664, 43.730383 ], [ -79.619666, 43.73041 ], [ -79.619688, 43.730569 ], [ -79.619688, 43.730569 ], [ -79.619698, 43.730644 ], [ -79.6197, 43.730725 ], [ -79.619721, 43.73081 ], [ -79.619726, 43.730842 ], [ -79.619753, 43.731013 ], [ -79.619982, 43.732232 ], [ -79.619991, 43.732367 ], [ -79.619987, 43.732475 ], [ -79.619952, 43.73261 ], [ -79.619919, 43.732705 ], [ -79.619874, 43.732795 ], [ -79.619812, 43.732867 ], [ -79.619762, 43.732939 ], [ -79.619498, 43.733191 ], [ -79.619457, 43.733222 ], [ -79.619373, 43.733275 ], [ -79.619222, 43.733346 ], [ -79.619078, 43.733402 ], [ -79.618961, 43.73344 ], [ -79.618822, 43.733478 ], [ -79.618676, 43.733509 ], [ -79.618524, 43.733531 ], [ -79.618524, 43.733531 ], [ -79.618513, 43.733533 ], [ -79.618403, 43.733541 ], [ -79.618255, 43.733553 ], [ -79.618221, 43.733553 ], [ -79.618221, 43.733539 ], [ -79.618221, 43.733512 ], [ -79.61822, 43.733481 ], [ -79.618217, 43.733454 ], [ -79.618214, 43.733422 ], [ -79.618203, 43.733388 ], [ -79.618209, 43.733368 ], [ -79.618205, 43.733341 ], [ -79.618201, 43.733314 ], [ -79.618195, 43.733287 ], [ -79.618189, 43.73326 ], [ -79.618182, 43.733233 ], [ -79.618175, 43.733206 ], [ -79.618166, 43.733184 ], [ -79.618156, 43.733152 ], [ -79.618146, 43.733125 ], [ -79.618135, 43.733103 ], [ -79.618123, 43.733076 ], [ -79.61811, 43.733049 ], [ -79.618097, 43.733026 ], [ -79.618082, 43.732999 ], [ -79.618067, 43.732977 ], [ -79.618051, 43.73295 ], [ -79.618035, 43.732927 ], [ -79.618018, 43.732905 ], [ -79.618, 43.732878 ], [ -79.617981, 43.732855 ], [ -79.617961, 43.732833 ], [ -79.617941, 43.732806 ], [ -79.61792, 43.732783 ], [ -79.617898, 43.732765 ], [ -79.617846, 43.732716 ], [ -79.617794, 43.732671 ], [ -79.61777, 43.732648 ], [ -79.617741, 43.732621 ], [ -79.617688, 43.732577 ], [ -79.617634, 43.732527 ], [ -79.617579, 43.732482 ], [ -79.617523, 43.732437 ], [ -79.617467, 43.732392 ], [ -79.617411, 43.732343 ], [ -79.617353, 43.732302 ], [ -79.617311, 43.732269 ], [ -79.617311, 43.732269 ], [ -79.617295, 43.732257 ], [ -79.617237, 43.732212 ], [ -79.617211, 43.732194 ], [ -79.617186, 43.732177 ], [ -79.617161, 43.732159 ], [ -79.617135, 43.732145 ], [ -79.617108, 43.732127 ], [ -79.617082, 43.732114 ], [ -79.617054, 43.732096 ], [ -79.617026, 43.732078 ], [ -79.616998, 43.732064 ], [ -79.616969, 43.732051 ], [ -79.616939, 43.732037 ], [ -79.616909, 43.732024 ], [ -79.616879, 43.73201 ], [ -79.616848, 43.732001 ], [ -79.616817, 43.731988 ], [ -79.616786, 43.731974 ], [ -79.616754, 43.73197 ], [ -79.616722, 43.731956 ], [ -79.616689, 43.731948 ], [ -79.616651, 43.731934 ], [ -79.616612, 43.731925 ], [ -79.616573, 43.731916 ], [ -79.616534, 43.731907 ], [ -79.616494, 43.731898 ], [ -79.616455, 43.731889 ], [ -79.616414, 43.73188 ], [ -79.616374, 43.731871 ], [ -79.616334, 43.731867 ], [ -79.616293, 43.731862 ], [ -79.616252, 43.731858 ], [ -79.616211, 43.731849 ], [ -79.616179, 43.731849 ], [ -79.616147, 43.731845 ], [ -79.616113, 43.73184 ], [ -79.616081, 43.73184 ], [ -79.616048, 43.73184 ], [ -79.616015, 43.73184 ], [ -79.615982, 43.73184 ], [ -79.615949, 43.73184 ], [ -79.615916, 43.73184 ], [ -79.615884, 43.731845 ], [ -79.615851, 43.731849 ], [ -79.61583, 43.731849 ], [ -79.615818, 43.731849 ], [ -79.615786, 43.731854 ], [ -79.615753, 43.731858 ], [ -79.615721, 43.731863 ], [ -79.615689, 43.731872 ], [ -79.615657, 43.731877 ], [ -79.615626, 43.731886 ], [ -79.615595, 43.73189 ], [ -79.615577, 43.731895 ], [ -79.615206, 43.731981 ], [ -79.615164, 43.731994 ], [ -79.615037, 43.732021 ], [ -79.615037, 43.732021 ], [ -79.614974, 43.732035 ], [ -79.614714, 43.732098 ], [ -79.614405, 43.732166 ], [ -79.614274, 43.732189 ], [ -79.614202, 43.732202 ], [ -79.614082, 43.732207 ], [ -79.613974, 43.73222 ], [ -79.613847, 43.73222 ], [ -79.613707, 43.732216 ], [ -79.613543, 43.732207 ], [ -79.613415, 43.732198 ], [ -79.613346, 43.732176 ], [ -79.613082, 43.732118 ], [ -79.612829, 43.732041 ], [ -79.6124, 43.731889 ], [ -79.612162, 43.731796 ], [ -79.612162, 43.731796 ], [ -79.612054, 43.731754 ], [ -79.611813, 43.731687 ], [ -79.611619, 43.73162 ], [ -79.611492, 43.731584 ], [ -79.611338, 43.731561 ], [ -79.611154, 43.731526 ], [ -79.611001, 43.731526 ], [ -79.61088, 43.731535 ], [ -79.610761, 43.731548 ], [ -79.610565, 43.731576 ], [ -79.610363, 43.731616 ], [ -79.610197, 43.731675 ], [ -79.610019, 43.731747 ], [ -79.609824, 43.731824 ], [ -79.609634, 43.731923 ], [ -79.609585, 43.731948 ], [ -79.609585, 43.731948 ], [ -79.60957, 43.731955 ], [ -79.609154, 43.732189 ], [ -79.608447, 43.731524 ], [ -79.608414, 43.731496 ], [ -79.608403, 43.731488 ], [ -79.60833, 43.731434 ], [ -79.608217, 43.731366 ], [ -79.608086, 43.731281 ], [ -79.607941, 43.731209 ], [ -79.607764, 43.731133 ], [ -79.604901, 43.730101 ], [ -79.605372, 43.729452 ], [ -79.605502, 43.729264 ], [ -79.605735, 43.728927 ], [ -79.60573, 43.728927 ], [ -79.60435, 43.728417 ], [ -79.604131, 43.728726 ], [ -79.604547, 43.728889 ], [ -79.604547, 43.728889 ], [ -79.605502, 43.729264 ], [ -79.605372, 43.729452 ], [ -79.604901, 43.730101 ], [ -79.604662, 43.730033 ], [ -79.604486, 43.729988 ], [ -79.604277, 43.729966 ], [ -79.604104, 43.729957 ], [ -79.603909, 43.729962 ], [ -79.603757, 43.729971 ], [ -79.603606, 43.729974 ], [ -79.601863, 43.730378 ] ] } },
{ "type": "Feature", "properties": { "route": 1.0, "segment": 3, "leg": 1.0, "leg_segment": 3, "mode": "WALK", "route_short_name": "", "note": "", "from_library": "Humberwood", "to_library": "Albion", "segment_depart": "09:11", "segment_arrive": "09:13", "wait_min": 0.0, "duration_min": 1.2, "distance_m": 105.0 }, "geometry": { "type": "LineString", "coordinates": [ [ -79.601847, 43.730243 ], [ -79.601844, 43.730219 ], [ -79.601743, 43.730241 ], [ -79.601674, 43.730266 ], [ -79.601637, 43.730279 ], [ -79.60156, 43.73028 ], [ -79.601533, 43.730236 ], [ -79.60152, 43.730204 ], [ -79.601475, 43.730096 ], [ -79.601403, 43.729942 ], [ -79.601373, 43.729877 ], [ -79.601252, 43.729613 ] ] } },
{ "type": "Feature", "properties": { "route": 1.0, "segment": 4, "leg": 1.0, "leg_segment": 4, "mode": "TRAM", "route_short_name": "6", "note": "", "from_library": "Humberwood", "to_library": "Albion", "segment_depart": "09:16", "segment_arrive": "09:25", "wait_min": 3.4, "duration_min": 8.8, "distance_m": 2060.0 }, "geometry": { "type": "LineString", "coordinates": [ [ -79.601374, 43.729966 ], [ -79.601602, 43.730472 ], [ -79.602935, 43.733491 ], [ -79.6032, 43.734134 ], [ -79.603087, 43.734169 ], [ -79.601001, 43.734632 ], [ -79.60071, 43.734698 ], [ -79.60071, 43.734698 ], [ -79.599163, 43.73505 ], [ -79.598859, 43.735118 ], [ -79.598185, 43.735271 ], [ -79.594956, 43.736017 ], [ -79.591918, 43.736722 ], [ -79.591918, 43.736722 ], [ -79.591703, 43.736772 ], [ -79.591075, 43.736939 ], [ -79.590942, 43.736974 ], [ -79.590724, 43.737045 ], [ -79.590522, 43.737121 ], [ -79.590382, 43.73722 ], [ -79.590237, 43.73732 ], [ -79.590123, 43.737449 ], [ -79.590088, 43.73752 ], [ -79.590054, 43.737611 ], [ -79.590028, 43.737738 ], [ -79.58999, 43.738073 ], [ -79.589906, 43.738808 ], [ -79.589867, 43.739086 ], [ -79.589847, 43.739222 ], [ -79.58973, 43.739854 ], [ -79.589703, 43.740001 ], [ -79.589664, 43.74012 ], [ -79.589616, 43.74025 ], [ -79.589232, 43.741093 ], [ -79.589075, 43.741439 ] ] } },
{ "type": "Feature", "properties": { "route": 1.0, "segment": 5, "leg": 1.0, "leg_segment": 5, "mode": "WALK", "route_short_name": "", "note": "arrive Albion", "from_library": "Humberwood", "to_library": "Albion", "segment_depart": "09:25", "segment_arrive": "09:32", "wait_min": 0.0, "duration_min": 7.5, "distance_m": 440.0 }, "geometry": { "type": "LineString", "coordinates": [ [ -79.589034, 43.741404 ], [ -79.589029, 43.741395 ], [ -79.589078, 43.741275 ], [ -79.58906, 43.741272 ], [ -79.589015, 43.741265 ], [ -79.588932, 43.741252 ], [ -79.588922, 43.741238 ], [ -79.588961, 43.741131 ], [ -79.588542, 43.741058 ], [ -79.5881, 43.740935 ], [ -79.587415, 43.740819 ], [ -79.587441, 43.740682 ], [ -79.586881, 43.740596 ], [ -79.58663, 43.740555 ], [ -79.58647, 43.740529 ], [ -79.586218, 43.740488 ], [ -79.585927, 43.740441 ], [ -79.585864, 43.740431 ], [ -79.585838, 43.740426 ], [ -79.585707, 43.740405 ], [ -79.585009, 43.740292 ], [ -79.584348, 43.740175 ] ] } },
{ "type": "Feature", "properties": { "route": 1.0, "segment": 6, "leg": 2.0, "leg_segment": 1, "mode": "WALK", "route_short_name": "", "note": "start Albion", "from_library": "Albion", "to_library": "Rexdale", "segment_depart": "09:59:00", "segment_arrive": "10:06:00", "wait_min": 0.0, "duration_min": 6.9, "distance_m": 433.0 }, "geometry": { "type": "LineString", "coordinates": [ [ -79.584521, 43.739663 ], [ -79.584348, 43.740175 ], [ -79.584046, 43.740121 ], [ -79.583984, 43.740112 ], [ -79.583946, 43.740107 ], [ -79.583918, 43.740103 ], [ -79.583666, 43.740067 ], [ -79.583358, 43.740024 ], [ -79.581823, 43.739775 ], [ -79.581188, 43.739672 ], [ -79.580638, 43.739582 ], [ -79.580561, 43.739568 ], [ -79.58047, 43.739552 ], [ -79.580343, 43.73927 ], [ -79.580335, 43.739253 ], [ -79.58027, 43.739195 ], [ -79.580217, 43.739088 ], [ -79.580217, 43.739088 ] ] } },
{ "type": "Feature", "properties": { "route": 1.0, "segment": 7, "leg": 2.0, "leg_segment": 2, "mode": "BUS", "route_short_name": "45", "note": "", "from_library": "Albion", "to_library": "Rexdale", "segment_depart": "10:08:00", "segment_arrive": "10:13:00", "wait_min": 1.8, "duration_min": 5.6, "distance_m": 1562.0 }, "geometry": { "type": "LineString", "coordinates": [ [ -79.580096, 43.73911 ], [ -79.579869, 43.738647 ], [ -79.579656, 43.738251 ], [ -79.579534, 43.738021 ], [ -79.579079, 43.737131 ], [ -79.578658, 43.736244 ], [ -79.578397, 43.735699 ], [ -79.578397, 43.735699 ], [ -79.5783, 43.735497 ], [ -79.578046, 43.734935 ], [ -79.577505, 43.733828 ], [ -79.577427, 43.733677 ], [ -79.576385, 43.73166 ], [ -79.575879, 43.730609 ], [ -79.575879, 43.730609 ], [ -79.575832, 43.730512 ], [ -79.575369, 43.729599 ], [ -79.574706, 43.728247 ], [ -79.574706, 43.728247 ], [ -79.57465, 43.728132 ], [ -79.573531, 43.725876 ] ] } },
{ "type": "Feature", "properties": { "route": 1.0, "segment": 8, "leg": 2.0, "leg_segment": 3, "mode": "WALK", "route_short_name": "", "note": "arrive Rexdale", "from_library": "Albion", "to_library": "Rexdale", "segment_depart": "10:13:00", "segment_arrive": "10:15:00", "wait_min": 0.0, "duration_min": 1.4, "distance_m": 81.0 }, "geometry": { "type": "LineString", "coordinates": [ [ -79.573657, 43.725844 ], [ -79.573662, 43.725791 ], [ -79.573606, 43.725806 ], [ -79.573494, 43.725836 ], [ -79.573371, 43.725869 ], [ -79.573312, 43.725884 ], [ -79.573499, 43.726259 ], [ -79.573489, 43.726261 ] ] } },
{ "type": "Feature", "properties": { "route": 1.0, "segment": 9, "leg": 3.0, "leg_segment": 1, "mode": "WALK", "route_short_name": "", "note": "start Rexdale", "from_library": "Rexdale", "to_library": "Northern Elms", "segment_depart": "10:40:00", "segment_arrive": "10:42:00", "wait_min": 0.0, "duration_min": 2.0, "distance_m": 150.0 }, "geometry": { "type": "LineString", "coordinates": [ [ -79.573489, 43.726261 ], [ -79.573225, 43.726324 ], [ -79.573171, 43.72632 ], [ -79.573141, 43.726294 ], [ -79.573085, 43.726182 ], [ -79.573026, 43.726066 ], [ -79.572976, 43.725966 ], [ -79.572942, 43.72589 ], [ -79.573273, 43.725801 ], [ -79.573459, 43.725759 ], [ -79.573628, 43.725721 ], [ -79.573643, 43.725753 ], [ -79.573662, 43.725791 ], [ -79.573657, 43.725844 ] ] } },
{ "type": "Feature", "properties": { "route": 1.0, "segment": 10, "leg": 3.0, "leg_segment": 2, "mode": "BUS", "route_short_name": "45", "note": "", "from_library": "Rexdale", "to_library": "Northern Elms", "segment_depart": "10:43:00", "segment_arrive": "10:48:00", "wait_min": 1.7, "duration_min": 5.1, "distance_m": 1642.0 }, "geometry": { "type": "LineString", "coordinates": [ [ -79.573531, 43.725876 ], [ -79.573465, 43.725743 ], [ -79.572668, 43.724124 ], [ -79.572416, 43.723565 ], [ -79.572416, 43.723565 ], [ -79.572356, 43.723431 ], [ -79.571905, 43.722508 ], [ -79.571603, 43.721899 ], [ -79.571603, 43.721899 ], [ -79.571501, 43.721694 ], [ -79.570462, 43.719552 ], [ -79.570462, 43.719552 ], [ -79.570388, 43.719399 ], [ -79.570057, 43.718707 ], [ -79.569241, 43.717001 ], [ -79.568696, 43.715881 ], [ -79.568522, 43.715562 ], [ -79.56823, 43.714926 ], [ -79.56823, 43.714926 ], [ -79.567871, 43.714144 ], [ -79.566803, 43.711927 ] ] } },
{ "type": "Feature", "properties": { "route": 1.0, "segment": 11, "leg": 3.0, "leg_segment": 3, "mode": "WALK", "route_short_name": "", "note": "arrive Northern Elms", "from_library": "Rexdale", "to_library": "Northern Elms", "segment_depart": "10:48:00", "segment_arrive": "10:50:00", "wait_min": 0.0, "duration_min": 1.9, "distance_m": 108.0 }, "geometry": { "type": "LineString", "coordinates": [ [ -79.56695, 43.711884 ], [ -79.566945, 43.711889 ], [ -79.566934, 43.711866 ], [ -79.566958, 43.711819 ], [ -79.566928, 43.711826 ], [ -79.566755, 43.711866 ], [ -79.566643, 43.711782 ], [ -79.566594, 43.711679 ], [ -79.566442, 43.711716 ], [ -79.566156, 43.711779 ], [ -79.566121, 43.711699 ], [ -79.566081, 43.711605 ] ] } },
{ "type": "Feature", "properties": { "route": 1.0, "segment": 12, "leg": 4.0, "leg_segment": 1, "mode": "WALK", "route_short_name": "", "note": "start Northern Elms", "from_library": "Northern Elms", "to_library": "Elmbrook Park", "segment_depart": "11:13", "segment_arrive": "11:17", "wait_min": 0.0, "duration_min": 3.6, "distance_m": 189.0 }, "geometry": { "type": "LineString", "coordinates": [ [ -79.565973, 43.710983 ], [ -79.565827, 43.711022 ], [ -79.566081, 43.711605 ], [ -79.566121, 43.711699 ], [ -79.566156, 43.711779 ], [ -79.566442, 43.711716 ], [ -79.566594, 43.711679 ], [ -79.566643, 43.711782 ], [ -79.566755, 43.711866 ], [ -79.566928, 43.711826 ], [ -79.566958, 43.711819 ], [ -79.566934, 43.711866 ], [ -79.566945, 43.711889 ], [ -79.56695, 43.711884 ] ] } },
{ "type": "Feature", "properties": { "route": 1.0, "segment": 13, "leg": 4.0, "leg_segment": 2, "mode": "BUS", "route_short_name": "45", "note": "", "from_library": "Northern Elms", "to_library": "Elmbrook Park", "segment_depart": "11:18", "segment_arrive": "11:30", "wait_min": 1.4, "duration_min": 11.6, "distance_m": 4040.0 }, "geometry": { "type": "LineString", "coordinates": [ [ -79.566803, 43.711927 ], [ -79.566692, 43.711697 ], [ -79.565571, 43.709288 ], [ -79.565571, 43.709288 ], [ -79.565505, 43.709145 ], [ -79.565119, 43.708289 ], [ -79.565087, 43.708219 ], [ -79.565043, 43.708124 ], [ -79.564819, 43.707647 ], [ -79.564659, 43.707328 ], [ -79.564226, 43.706464 ], [ -79.564152, 43.706315 ], [ -79.564098, 43.706198 ], [ -79.564072, 43.70614 ], [ -79.563587, 43.705066 ], [ -79.563587, 43.705066 ], [ -79.563479, 43.704826 ], [ -79.563271, 43.704394 ], [ -79.563184, 43.704223 ], [ -79.56244, 43.702734 ], [ -79.56244, 43.702734 ], [ -79.562365, 43.702585 ], [ -79.561574, 43.700937 ], [ -79.561564, 43.700916 ], [ -79.561433, 43.700633 ], [ -79.560595, 43.698513 ], [ -79.56049, 43.698295 ], [ -79.56049, 43.698295 ], [ -79.560194, 43.697685 ], [ -79.559912, 43.697052 ], [ -79.559912, 43.697052 ], [ -79.559854, 43.69692 ], [ -79.559168, 43.695476 ], [ -79.558876, 43.694795 ], [ -79.558757, 43.694518 ], [ -79.558757, 43.694518 ], [ -79.558639, 43.694243 ], [ -79.558037, 43.69303 ], [ -79.557678, 43.69223 ], [ -79.557678, 43.69223 ], [ -79.557603, 43.692063 ], [ -79.557241, 43.691228 ], [ -79.556857, 43.690388 ], [ -79.556782, 43.690249 ], [ -79.556782, 43.690249 ], [ -79.556705, 43.690107 ], [ -79.555949, 43.688411 ], [ -79.555949, 43.688411 ], [ -79.555902, 43.688306 ], [ -79.554785, 43.685824 ], [ -79.554785, 43.685824 ], [ -79.554693, 43.685619 ], [ -79.553849, 43.68374 ], [ -79.553849, 43.68374 ], [ -79.553797, 43.683624 ], [ -79.553228, 43.682361 ], [ -79.552915, 43.681636 ], [ -79.552915, 43.681636 ], [ -79.552801, 43.681372 ], [ -79.551758, 43.679054 ], [ -79.551758, 43.679054 ], [ -79.551702, 43.67893 ], [ -79.550997, 43.677421 ] ] } },
{ "type": "Feature", "properties": { "route": 1.0, "segment": 14, "leg": 4.0, "leg_segment": 3, "mode": "WALK", "route_short_name": "", "note": "", "from_library": "Northern Elms", "to_library": "Elmbrook Park", "segment_depart": "11:30", "segment_arrive": "11:31", "wait_min": 0.0, "duration_min": 1.1, "distance_m": 63.0 }, "geometry": { "type": "LineString", "coordinates": [ [ -79.551153, 43.677377 ], [ -79.551183, 43.677351 ], [ -79.551172, 43.677326 ], [ -79.551179, 43.677306 ], [ -79.550964, 43.677362 ], [ -79.550781, 43.67741 ], [ -79.550719, 43.677369 ], [ -79.550673, 43.677253 ] ] } },
{ "type": "Feature", "properties": { "route": 1.0, "segment": 15, "leg": 4.0, "leg_segment": 4, "mode": "BUS", "route_short_name": "32", "note": "", "from_library": "Northern Elms", "to_library": "Elmbrook Park", "segment_depart": "11:41:00", "segment_arrive": "11:48:00", "wait_min": 2.7, "duration_min": 7.1, "distance_m": 3777.0 }, "geometry": { "type": "LineString", "coordinates": [ [ -79.550626, 43.677229 ], [ -79.550881, 43.677172 ], [ -79.55766, 43.675616 ], [ -79.558022, 43.675532 ], [ -79.558022, 43.675532 ], [ -79.560092, 43.675053 ], [ -79.561206, 43.674805 ], [ -79.561248, 43.674796 ], [ -79.561291, 43.674787 ], [ -79.561305, 43.674784 ], [ -79.562916, 43.674513 ], [ -79.562916, 43.674513 ], [ -79.563166, 43.674471 ], [ -79.563508, 43.67444 ], [ -79.563537, 43.674437 ], [ -79.56366, 43.674426 ], [ -79.563812, 43.674413 ], [ -79.563964, 43.674404 ], [ -79.564117, 43.674395 ], [ -79.564269, 43.674381 ], [ -79.564422, 43.674372 ], [ -79.564575, 43.674363 ], [ -79.564727, 43.674354 ], [ -79.56488, 43.674345 ], [ -79.565033, 43.674335 ], [ -79.565186, 43.674331 ], [ -79.565394, 43.67432 ], [ -79.566504, 43.674168 ], [ -79.566586, 43.674168 ], [ -79.566668, 43.674164 ], [ -79.566749, 43.674159 ], [ -79.566831, 43.674159 ], [ -79.566912, 43.67415 ], [ -79.566994, 43.674145 ], [ -79.567075, 43.674141 ], [ -79.567156, 43.674136 ], [ -79.567237, 43.674127 ], [ -79.567318, 43.674118 ], [ -79.567399, 43.674114 ], [ -79.56748, 43.674105 ], [ -79.567498, 43.674105 ], [ -79.567517, 43.674105 ], [ -79.567536, 43.674109 ], [ -79.567555, 43.674109 ], [ -79.567574, 43.674109 ], [ -79.567592, 43.674109 ], [ -79.567611, 43.674109 ], [ -79.56763, 43.674104 ], [ -79.567648, 43.674104 ], [ -79.567667, 43.674104 ], [ -79.567685, 43.6741 ], [ -79.567703, 43.674095 ], [ -79.567721, 43.674091 ], [ -79.567739, 43.674086 ], [ -79.567756, 43.674082 ], [ -79.567773, 43.674077 ], [ -79.56779, 43.674068 ], [ -79.567806, 43.674064 ], [ -79.567822, 43.674055 ], [ -79.567837, 43.674046 ], [ -79.567853, 43.674041 ], [ -79.567867, 43.674032 ], [ -79.567881, 43.674023 ], [ -79.567895, 43.674014 ], [ -79.567908, 43.674001 ], [ -79.56792, 43.673992 ], [ -79.567932, 43.673983 ], [ -79.567943, 43.673969 ], [ -79.567957, 43.673958 ], [ -79.567963, 43.673947 ], [ -79.567972, 43.673933 ], [ -79.567981, 43.673924 ], [ -79.567988, 43.673911 ], [ -79.567995, 43.673897 ], [ -79.568001, 43.673888 ], [ -79.568007, 43.67387 ], [ -79.568012, 43.673857 ], [ -79.568021, 43.673834 ], [ -79.568032, 43.673807 ], [ -79.568043, 43.673785 ], [ -79.568056, 43.673758 ], [ -79.568069, 43.673735 ], [ -79.568082, 43.673713 ], [ -79.568096, 43.673686 ], [ -79.568112, 43.673663 ], [ -79.568128, 43.673641 ], [ -79.568188, 43.673415 ], [ -79.568588, 43.673217 ], [ -79.569079, 43.672976 ], [ -79.569322, 43.672847 ], [ -79.570511, 43.672215 ], [ -79.570559, 43.672183 ], [ -79.570607, 43.672156 ], [ -79.570655, 43.672129 ], [ -79.570705, 43.672102 ], [ -79.570754, 43.67207 ], [ -79.570804, 43.672048 ], [ -79.570854, 43.672021 ], [ -79.570905, 43.671994 ], [ -79.570957, 43.671967 ], [ -79.571009, 43.671944 ], [ -79.571061, 43.671917 ], [ -79.571113, 43.671895 ], [ -79.571113, 43.671895 ], [ -79.571114, 43.671895 ], [ -79.571167, 43.671872 ], [ -79.57122, 43.671845 ], [ -79.57128, 43.671825 ], [ -79.571329, 43.671805 ], [ -79.571383, 43.671782 ], [ -79.571438, 43.67176 ], [ -79.571494, 43.671741 ], [ -79.57155, 43.671719 ], [ -79.571606, 43.671701 ], [ -79.571674, 43.671678 ], [ -79.571742, 43.671656 ], [ -79.571811, 43.671638 ], [ -79.57188, 43.671615 ], [ -79.571949, 43.671597 ], [ -79.572019, 43.671579 ], [ -79.572089, 43.671557 ], [ -79.572159, 43.671543 ], [ -79.572229, 43.671525 ], [ -79.5723, 43.671507 ], [ -79.572371, 43.671493 ], [ -79.572442, 43.671475 ], [ -79.572514, 43.671462 ], [ -79.57256, 43.67145 ], [ -79.572586, 43.671444 ], [ -79.572658, 43.67143 ], [ -79.57273, 43.671421 ], [ -79.572802, 43.671403 ], [ -79.572816, 43.671401 ], [ -79.572875, 43.671394 ], [ -79.572947, 43.67138 ], [ -79.573074, 43.671357 ], [ -79.573294, 43.671317 ], [ -79.573416, 43.671295 ], [ -79.573655, 43.671254 ], [ -79.573894, 43.671209 ], [ -79.574134, 43.671168 ], [ -79.574374, 43.671128 ], [ -79.574614, 43.671087 ], [ -79.57471, 43.671071 ], [ -79.574854, 43.671046 ], [ -79.57502, 43.671018 ], [ -79.575094, 43.671006 ], [ -79.575322, 43.670971 ], [ -79.575335, 43.670969 ], [ -79.575371, 43.670961 ], [ -79.575464, 43.670938 ], [ -79.575518, 43.670928 ], [ -79.575593, 43.670915 ], [ -79.575638, 43.670907 ], [ -79.575722, 43.670893 ], [ -79.575851, 43.670865 ], [ -79.57598, 43.670843 ], [ -79.57611, 43.670816 ], [ -79.57624, 43.670793 ], [ -79.57632, 43.670779 ], [ -79.57637, 43.670771 ], [ -79.5765, 43.670748 ], [ -79.576631, 43.67073 ], [ -79.576762, 43.670707 ], [ -79.576892, 43.670685 ], [ -79.576899, 43.670684 ], [ -79.577023, 43.670667 ], [ -79.577154, 43.670649 ], [ -79.577218, 43.670635 ], [ -79.577274, 43.670622 ], [ -79.577301, 43.670617 ], [ -79.577331, 43.670612 ], [ -79.577388, 43.670603 ], [ -79.577445, 43.670594 ], [ -79.577502, 43.670585 ], [ -79.577559, 43.670576 ], [ -79.577617, 43.670567 ], [ -79.577674, 43.670563 ], [ -79.577732, 43.670554 ], [ -79.57778, 43.670547 ], [ -79.57778, 43.670547 ], [ -79.57779, 43.670545 ], [ -79.577848, 43.67054 ], [ -79.577906, 43.670536 ], [ -79.577964, 43.670531 ], [ -79.578023, 43.670531 ], [ -79.578081, 43.670526 ], [ -79.578139, 43.670522 ], [ -79.578198, 43.670522 ], [ -79.578256, 43.670517 ], [ -79.578315, 43.670517 ], [ -79.578373, 43.670517 ], [ -79.578432, 43.670517 ], [ -79.578464, 43.670517 ], [ -79.57849, 43.670517 ], [ -79.578568, 43.670517 ], [ -79.578645, 43.670517 ], [ -79.578723, 43.670512 ], [ -79.5788, 43.670512 ], [ -79.578878, 43.670512 ], [ -79.578955, 43.670503 ], [ -79.579033, 43.670503 ], [ -79.57911, 43.670499 ], [ -79.579187, 43.670494 ], [ -79.579264, 43.670485 ], [ -79.579341, 43.670481 ], [ -79.579418, 43.670471 ], [ -79.579495, 43.670462 ], [ -79.579572, 43.670458 ], [ -79.579649, 43.670449 ], [ -79.579727, 43.670444 ], [ -79.579806, 43.67044 ], [ -79.579885, 43.67044 ], [ -79.579963, 43.670431 ], [ -79.580042, 43.670426 ], [ -79.580121, 43.670426 ], [ -79.580199, 43.670417 ], [ -79.580278, 43.670408 ], [ -79.580356, 43.670399 ], [ -79.580434, 43.670394 ], [ -79.580512, 43.670385 ], [ -79.58059, 43.670376 ], [ -79.580667, 43.670367 ], [ -79.580745, 43.670358 ], [ -79.580822, 43.670344 ], [ -79.580919, 43.670326 ], [ -79.581395, 43.670264 ], [ -79.583152, 43.669852 ], [ -79.584298, 43.669565 ], [ -79.584757, 43.66945 ], [ -79.585159, 43.669339 ], [ -79.585639, 43.669166 ], [ -79.586175, 43.668904 ], [ -79.586671, 43.668595 ], [ -79.587009, 43.668319 ], [ -79.587521, 43.667822 ], [ -79.587603, 43.667653 ], [ -79.587965, 43.666711 ], [ -79.588556, 43.665298 ], [ -79.588607, 43.665203 ], [ -79.588692, 43.665079 ], [ -79.588793, 43.664958 ], [ -79.588957, 43.664814 ], [ -79.589276, 43.664555 ], [ -79.58935, 43.664495 ], [ -79.589475, 43.664398 ], [ -79.589662, 43.664284 ], [ -79.589831, 43.664164 ], [ -79.58999, 43.664029 ], [ -79.590546, 43.663535 ] ] } },
{ "type": "Feature", "properties": { "route": 1.0, "segment": 16, "leg": 4.0, "leg_segment": 5, "mode": "WALK", "route_short_name": "", "note": "", "from_library": "Northern Elms", "to_library": "Elmbrook Park", "segment_depart": "11:48:00", "segment_arrive": "11:49:00", "wait_min": 0.0, "duration_min": 1.7, "distance_m": 168.0 }, "geometry": { "type": "LineString", "coordinates": [ [ -79.590572, 43.66359 ], [ -79.590577, 43.663601 ], [ -79.590248, 43.663892 ], [ -79.590162, 43.663938 ], [ -79.590202, 43.663862 ], [ -79.590479, 43.663606 ], [ -79.590979, 43.663144 ], [ -79.59105, 43.663127 ] ] } },
{ "type": "Feature", "properties": { "route": 1.0, "segment": 17, "leg": 4.0, "leg_segment": 6, "mode": "BUS", "route_short_name": "112", "note": "", "from_library": "Northern Elms", "to_library": "Elmbrook Park", "segment_depart": "11:55:00", "segment_arrive": "12:03:00", "wait_min": 5.4, "duration_min": 8.0, "distance_m": 2714.0 }, "geometry": { "type": "LineString", "coordinates": [ [ -79.590475, 43.663598 ], [ -79.591448, 43.662734 ], [ -79.59201, 43.662217 ], [ -79.592254, 43.661961 ], [ -79.592678, 43.661525 ], [ -79.592777, 43.661496 ], [ -79.592898, 43.661506 ], [ -79.592948, 43.661558 ], [ -79.592966, 43.661615 ], [ -79.592949, 43.661672 ], [ -79.591653, 43.662828 ], [ -79.591637, 43.662815 ], [ -79.591547, 43.662757 ], [ -79.591446, 43.66269 ], [ -79.591116, 43.662515 ], [ -79.590685, 43.662914 ], [ -79.590685, 43.662914 ], [ -79.589675, 43.663849 ], [ -79.589009, 43.664389 ], [ -79.588767, 43.664615 ], [ -79.588331, 43.664988 ], [ -79.5883, 43.665029 ], [ -79.58806, 43.665329 ], [ -79.587997, 43.665407 ], [ -79.587762, 43.665862 ], [ -79.587665, 43.666093 ], [ -79.587473, 43.666032 ], [ -79.587241, 43.665958 ], [ -79.58698, 43.665893 ], [ -79.58698, 43.665893 ], [ -79.586976, 43.665892 ], [ -79.586817, 43.665825 ], [ -79.586592, 43.665735 ], [ -79.586403, 43.665648 ], [ -79.586256, 43.665581 ], [ -79.586084, 43.665457 ], [ -79.58601, 43.665404 ], [ -79.585904, 43.66531 ], [ -79.585818, 43.665198 ], [ -79.58573, 43.665069 ], [ -79.58568, 43.665001 ], [ -79.585613, 43.664884 ], [ -79.58485, 43.665078 ], [ -79.58485, 43.665078 ], [ -79.584807, 43.665089 ], [ -79.58355, 43.665386 ], [ -79.583017, 43.665504 ], [ -79.582932, 43.665517 ], [ -79.582808, 43.665532 ], [ -79.582696, 43.665536 ], [ -79.582585, 43.665531 ], [ -79.582478, 43.665528 ], [ -79.582372, 43.665518 ], [ -79.582273, 43.665506 ], [ -79.58217, 43.665479 ], [ -79.582074, 43.665455 ], [ -79.581989, 43.66543 ], [ -79.581916, 43.665396 ], [ -79.581821, 43.665349 ], [ -79.58176, 43.665321 ], [ -79.58176, 43.665321 ], [ -79.581749, 43.665316 ], [ -79.581685, 43.665285 ], [ -79.581636, 43.665261 ], [ -79.58153, 43.665209 ], [ -79.581322, 43.665382 ], [ -79.581203, 43.665457 ], [ -79.581067, 43.665545 ], [ -79.580946, 43.665627 ], [ -79.580822, 43.665693 ], [ -79.580677, 43.665766 ], [ -79.580566, 43.665814 ], [ -79.58041, 43.665866 ], [ -79.580236, 43.665917 ], [ -79.580138, 43.66595 ], [ -79.580011, 43.665993 ], [ -79.579594, 43.666124 ], [ -79.579132, 43.666259 ], [ -79.579131, 43.666259 ], [ -79.579131, 43.666259 ], [ -79.578929, 43.666328 ], [ -79.577985, 43.664661 ], [ -79.577609, 43.664006 ], [ -79.577609, 43.664006 ], [ -79.577574, 43.663946 ], [ -79.57753, 43.663869 ], [ -79.577076, 43.663073 ], [ -79.576945, 43.662856 ], [ -79.576872, 43.662749 ], [ -79.576752, 43.662568 ], [ -79.576618, 43.662369 ], [ -79.576618, 43.662369 ], [ -79.576517, 43.662219 ], [ -79.577062, 43.662007 ], [ -79.577184, 43.66196 ], [ -79.577401, 43.661897 ], [ -79.577566, 43.661859 ], [ -79.577706, 43.661823 ], [ -79.578722, 43.661595 ], [ -79.578722, 43.661595 ], [ -79.578858, 43.661565 ], [ -79.579073, 43.661507 ], [ -79.579343, 43.661439 ], [ -79.579534, 43.661391 ], [ -79.579664, 43.661349 ], [ -79.57976, 43.661313 ], [ -79.579936, 43.661232 ], [ -79.580071, 43.661171 ], [ -79.580217, 43.661108 ], [ -79.580595, 43.660898 ] ] } },
{ "type": "Feature", "properties": { "route": 1.0, "segment": 18, "leg": 4.0, "leg_segment": 7, "mode": "WALK", "route_short_name": "", "note": "arrive Elmbrook Park", "from_library": "Northern Elms", "to_library": "Elmbrook Park", "segment_depart": "12:03:00", "segment_arrive": "12:08:00", "wait_min": 0.0, "duration_min": 5.2, "distance_m": 305.0 }, "geometry": { "type": "LineString", "coordinates": [ [ -79.580612, 43.660956 ], [ -79.580619, 43.660976 ], [ -79.580614, 43.660978 ], [ -79.58065, 43.661017 ], [ -79.580675, 43.661003 ], [ -79.580807, 43.660931 ], [ -79.580862, 43.6609 ], [ -79.580894, 43.660882 ], [ -79.580946, 43.660854 ], [ -79.580994, 43.660829 ], [ -79.58103, 43.66081 ], [ -79.581096, 43.660775 ], [ -79.581255, 43.660689 ], [ -79.581339, 43.660644 ], [ -79.581422, 43.660602 ], [ -79.581572, 43.660531 ], [ -79.58168, 43.660483 ], [ -79.581809, 43.660429 ], [ -79.581895, 43.660398 ], [ -79.582004, 43.66036 ], [ -79.58216, 43.660314 ], [ -79.582263, 43.660285 ], [ -79.582428, 43.660244 ], [ -79.583209, 43.660058 ], [ -79.583217, 43.660056 ], [ -79.583367, 43.660024 ], [ -79.583526, 43.659991 ], [ -79.583544, 43.660016 ], [ -79.583583, 43.6601 ], [ -79.583857, 43.660037 ] ] } },
{ "type": "Feature", "properties": { "route": 1.0, "segment": 19, "leg": 5.0, "leg_segment": 1, "mode": "WALK", "route_short_name": "", "note": "start Elmbrook Park", "from_library": "Elmbrook Park", "to_library": "Eatonville", "segment_depart": "12:46:00", "segment_arrive": "12:51:00", "wait_min": 0.0, "duration_min": 5.4, "distance_m": 319.0 }, "geometry": { "type": "LineString", "coordinates": [ [ -79.583799, 43.659913 ], [ -79.583857, 43.660037 ], [ -79.583583, 43.6601 ], [ -79.583544, 43.660016 ], [ -79.583526, 43.659991 ], [ -79.583367, 43.660024 ], [ -79.583217, 43.660056 ], [ -79.583209, 43.660058 ], [ -79.582428, 43.660244 ], [ -79.582263, 43.660285 ], [ -79.58216, 43.660314 ], [ -79.582004, 43.66036 ], [ -79.581895, 43.660398 ], [ -79.581809, 43.660429 ], [ -79.58168, 43.660483 ], [ -79.581572, 43.660531 ], [ -79.581422, 43.660602 ], [ -79.581339, 43.660644 ], [ -79.581255, 43.660689 ], [ -79.581096, 43.660775 ], [ -79.58103, 43.66081 ], [ -79.580994, 43.660829 ], [ -79.580946, 43.660854 ], [ -79.580894, 43.660882 ], [ -79.580862, 43.6609 ], [ -79.580807, 43.660931 ], [ -79.580675, 43.661003 ], [ -79.58065, 43.661017 ], [ -79.580614, 43.660978 ], [ -79.580619, 43.660976 ], [ -79.580612, 43.660956 ] ] } },
{ "type": "Feature", "properties": { "route": 1.0, "segment": 20, "leg": 5.0, "leg_segment": 2, "mode": "BUS", "route_short_name": "112", "note": "", "from_library": "Elmbrook Park", "to_library": "Eatonville", "segment_depart": "12:52:00", "segment_arrive": "12:59:00", "wait_min": 1.3, "duration_min": 6.5, "distance_m": 2433.0 }, "geometry": { "type": "LineString", "coordinates": [ [ -79.580595, 43.660898 ], [ -79.580858, 43.660753 ], [ -79.580693, 43.660606 ], [ -79.580342, 43.660298 ], [ -79.580267, 43.66022 ], [ -79.5802, 43.660146 ], [ -79.580154, 43.660068 ], [ -79.58009, 43.659965 ], [ -79.580017, 43.659816 ], [ -79.57997, 43.659712 ], [ -79.579888, 43.65949 ], [ -79.579835, 43.659379 ], [ -79.57981, 43.659322 ], [ -79.579773, 43.659242 ], [ -79.579731, 43.659141 ], [ -79.579677, 43.659042 ], [ -79.579633, 43.658955 ], [ -79.579612, 43.658925 ], [ -79.579612, 43.658925 ], [ -79.579579, 43.658878 ], [ -79.57951, 43.658795 ], [ -79.579426, 43.658715 ], [ -79.579372, 43.658672 ], [ -79.579202, 43.658576 ], [ -79.578867, 43.65841 ], [ -79.578284, 43.658124 ], [ -79.578161, 43.658049 ], [ -79.578072, 43.657976 ], [ -79.577954, 43.657885 ], [ -79.57785, 43.657782 ], [ -79.57775, 43.657668 ], [ -79.577677, 43.657564 ], [ -79.577619, 43.657435 ], [ -79.577533, 43.657241 ], [ -79.577533, 43.657241 ], [ -79.57742, 43.656989 ], [ -79.57684, 43.655673 ], [ -79.57681, 43.655594 ], [ -79.576795, 43.655561 ], [ -79.576761, 43.655486 ], [ -79.576714, 43.655409 ], [ -79.576654, 43.655328 ], [ -79.576588, 43.655262 ], [ -79.576554, 43.655237 ], [ -79.576554, 43.655237 ], [ -79.576537, 43.655224 ], [ -79.576503, 43.655204 ], [ -79.576396, 43.655154 ], [ -79.576306, 43.655106 ], [ -79.576142, 43.655058 ], [ -79.575929, 43.655028 ], [ -79.575669, 43.655015 ], [ -79.575248, 43.655029 ], [ -79.574956, 43.655056 ], [ -79.573678, 43.655272 ], [ -79.573266, 43.655334 ], [ -79.573109, 43.655324 ], [ -79.572957, 43.655295 ], [ -79.572856, 43.655261 ], [ -79.572761, 43.655224 ], [ -79.572674, 43.655183 ], [ -79.572665, 43.655177 ], [ -79.572665, 43.655177 ], [ -79.572592, 43.655128 ], [ -79.572432, 43.655037 ], [ -79.573011, 43.654456 ], [ -79.573055, 43.65438 ], [ -79.573063, 43.654306 ], [ -79.573048, 43.654224 ], [ -79.573001, 43.654104 ], [ -79.572902, 43.65387 ], [ -79.572541, 43.65302 ], [ -79.57244, 43.652779 ], [ -79.572406, 43.652698 ], [ -79.572406, 43.652698 ], [ -79.57232, 43.652497 ], [ -79.572269, 43.652437 ], [ -79.572205, 43.652387 ], [ -79.57216, 43.652355 ], [ -79.572118, 43.652333 ], [ -79.57204, 43.6523 ], [ -79.571955, 43.652271 ], [ -79.57186, 43.652237 ], [ -79.571783, 43.652215 ], [ -79.571631, 43.65218 ], [ -79.571375, 43.652143 ], [ -79.571217, 43.652114 ], [ -79.570536, 43.651991 ], [ -79.570307, 43.651928 ], [ -79.570168, 43.651892 ], [ -79.570129, 43.651882 ], [ -79.570046, 43.651857 ], [ -79.569962, 43.651818 ], [ -79.56987, 43.651744 ], [ -79.569865, 43.651739 ], [ -79.569865, 43.651739 ], [ -79.569799, 43.651678 ], [ -79.569768, 43.651649 ], [ -79.569713, 43.651584 ], [ -79.569664, 43.651517 ], [ -79.569631, 43.65147 ], [ -79.569585, 43.651398 ], [ -79.569543, 43.651317 ], [ -79.56878, 43.649586 ], [ -79.56878, 43.649586 ], [ -79.568697, 43.649399 ], [ -79.568535, 43.649009 ], [ -79.56816, 43.648155 ], [ -79.568072, 43.647965 ], [ -79.568019, 43.64784 ], [ -79.567966, 43.647699 ], [ -79.567924, 43.647574 ], [ -79.567899, 43.647515 ], [ -79.567878, 43.647424 ], [ -79.567857, 43.647273 ], [ -79.567837, 43.647095 ], [ -79.567837, 43.647095 ], [ -79.567828, 43.647015 ], [ -79.567757, 43.646091 ], [ -79.567732, 43.645973 ], [ -79.567665, 43.645664 ], [ -79.567632, 43.645529 ], [ -79.567623, 43.645499 ], [ -79.567587, 43.645375 ], [ -79.567535, 43.64522 ], [ -79.567356, 43.644802 ], [ -79.567353, 43.644796 ] ] } },
{ "type": "Feature", "properties": { "route": 1.0, "segment": 21, "leg": 5.0, "leg_segment": 3, "mode": "WALK", "route_short_name": "", "note": "", "from_library": "Elmbrook Park", "to_library": "Eatonville", "segment_depart": "12:59:00", "segment_arrive": "13:00:00", "wait_min": 0.0, "duration_min": 0.6, "distance_m": 44.0 }, "geometry": { "type": "LineString", "coordinates": [ [ -79.567501, 43.644668 ], [ -79.567474, 43.644652 ], [ -79.567465, 43.644634 ], [ -79.567441, 43.644582 ], [ -79.567392, 43.644467 ], [ -79.567357, 43.644385 ], [ -79.567243, 43.644409 ] ] } },
{ "type": "Feature", "properties": { "route": 1.0, "segment": 22, "leg": 5.0, "leg_segment": 4, "mode": "BUS", "route_short_name": "50", "note": "", "from_library": "Elmbrook Park", "to_library": "Eatonville", "segment_depart": "13:01:00", "segment_arrive": "13:03:00", "wait_min": 1.6, "duration_min": 1.8, "distance_m": 675.0 }, "geometry": { "type": "LineString", "coordinates": [ [ -79.567456, 43.644491 ], [ -79.56724, 43.644545 ], [ -79.566239, 43.644794 ], [ -79.566002, 43.644853 ], [ -79.565851, 43.644892 ], [ -79.564944, 43.645128 ], [ -79.564005, 43.645372 ], [ -79.563774, 43.645424 ], [ -79.563619, 43.64546 ], [ -79.563388, 43.645512 ], [ -79.563141, 43.645568 ], [ -79.562899, 43.645619 ], [ -79.561662, 43.645902 ], [ -79.561574, 43.645922 ], [ -79.561128, 43.64602 ], [ -79.559982, 43.646295 ], [ -79.559482, 43.646396 ] ] } },
{ "type": "Feature", "properties": { "route": 1.0, "segment": 23, "leg": 5.0, "leg_segment": 5, "mode": "WALK", "route_short_name": "", "note": "arrive Eatonville", "from_library": "Elmbrook Park", "to_library": "Eatonville", "segment_depart": "13:03:00", "segment_arrive": "13:03:00", "wait_min": 0.0, "duration_min": 0.5, "distance_m": 30.0 }, "geometry": { "type": "LineString", "coordinates": [ [ -79.559466, 43.646242 ], [ -79.559449, 43.646256 ], [ -79.559124, 43.646331 ] ] } },
{ "type": "Feature", "properties": { "route": 1.0, "segment": 24, "leg": 6.0, "leg_segment": 1, "mode": "WALK", "route_short_name": "", "note": "start Eatonville", "from_library": "Eatonville", "to_library": "Alderwood", "segment_depart": "13:32:00", "segment_arrive": "13:34:00", "wait_min": 0.0, "duration_min": 2.2, "distance_m": 117.0 }, "geometry": { "type": "LineString", "coordinates": [ [ -79.55908, 43.646242 ], [ -79.559124, 43.646331 ], [ -79.559449, 43.646256 ], [ -79.559651, 43.646215 ], [ -79.559695, 43.646197 ], [ -79.559841, 43.646166 ], [ -79.560001, 43.646132 ], [ -79.559968, 43.646059 ], [ -79.560062, 43.64604 ], [ -79.560003, 43.645905 ], [ -79.56, 43.645908 ] ] } },
{ "type": "Feature", "properties": { "route": 1.0, "segment": 25, "leg": 6.0, "leg_segment": 2, "mode": "BUS", "route_short_name": "111", "note": "", "from_library": "Eatonville", "to_library": "Alderwood", "segment_depart": "13:36:00", "segment_arrive": "13:46:00", "wait_min": 1.9, "duration_min": 10.5, "distance_m": 3298.0 }, "geometry": { "type": "LineString", "coordinates": [ [ -79.559863, 43.645998 ], [ -79.559843, 43.645939 ], [ -79.55978, 43.645804 ], [ -79.559734, 43.645702 ], [ -79.559689, 43.645608 ], [ -79.559615, 43.645514 ], [ -79.559538, 43.645407 ], [ -79.559415, 43.645295 ], [ -79.559322, 43.64521 ], [ -79.5593, 43.645183 ], [ -79.55923, 43.645101 ], [ -79.559126, 43.64498 ], [ -79.559031, 43.64488 ], [ -79.558941, 43.644757 ], [ -79.558876, 43.644641 ], [ -79.558837, 43.644531 ], [ -79.558794, 43.644406 ], [ -79.558744, 43.644233 ], [ -79.558744, 43.644233 ], [ -79.558688, 43.644041 ], [ -79.558616, 43.643772 ], [ -79.558572, 43.643617 ], [ -79.558572, 43.643617 ], [ -79.558565, 43.643594 ], [ -79.558537, 43.643472 ], [ -79.558462, 43.643258 ], [ -79.557989, 43.642192 ], [ -79.557906, 43.642038 ], [ -79.557839, 43.641873 ], [ -79.557773, 43.641695 ], [ -79.557772, 43.641693 ], [ -79.557772, 43.641693 ], [ -79.557688, 43.641477 ], [ -79.557064, 43.640115 ], [ -79.557061, 43.640103 ], [ -79.55701, 43.639927 ], [ -79.556971, 43.639765 ], [ -79.556964, 43.639617 ], [ -79.556943, 43.639488 ], [ -79.556946, 43.639357 ], [ -79.556976, 43.63919 ], [ -79.557057, 43.63883 ], [ -79.557157, 43.63855 ], [ -79.55719, 43.63843 ], [ -79.55719, 43.63843 ], [ -79.557198, 43.6384 ], [ -79.557205, 43.638327 ], [ -79.5572, 43.638252 ], [ -79.557196, 43.638188 ], [ -79.557182, 43.638057 ], [ -79.557128, 43.637835 ], [ -79.557089, 43.637721 ], [ -79.556882, 43.637296 ], [ -79.556882, 43.637296 ], [ -79.556699, 43.636922 ], [ -79.556508, 43.63672 ], [ -79.556472, 43.636633 ], [ -79.556436, 43.636516 ], [ -79.556411, 43.636403 ], [ -79.556406, 43.636297 ], [ -79.556403, 43.636221 ], [ -79.556439, 43.636073 ], [ -79.556506, 43.635884 ], [ -79.556629, 43.635606 ], [ -79.556704, 43.635447 ], [ -79.556797, 43.635219 ], [ -79.556815, 43.63518 ], [ -79.556832, 43.635095 ], [ -79.556857, 43.634997 ], [ -79.556862, 43.63489 ], [ -79.55686, 43.634749 ], [ -79.556846, 43.634643 ], [ -79.556821, 43.634548 ], [ -79.556774, 43.634404 ], [ -79.556774, 43.634404 ], [ -79.556772, 43.634398 ], [ -79.556727, 43.63431 ], [ -79.556703, 43.634258 ], [ -79.556669, 43.634209 ], [ -79.556618, 43.634147 ], [ -79.55608, 43.633569 ], [ -79.556005, 43.63351 ], [ -79.555945, 43.633449 ], [ -79.555884, 43.633403 ], [ -79.555821, 43.633359 ], [ -79.555264, 43.633048 ], [ -79.554702, 43.632796 ], [ -79.553727, 43.632317 ], [ -79.553481, 43.6322 ], [ -79.553421, 43.63211 ], [ -79.553359, 43.63208 ], [ -79.553359, 43.63208 ], [ -79.553249, 43.632026 ], [ -79.55315, 43.632042 ], [ -79.552991, 43.63195 ], [ -79.552956, 43.631861 ], [ -79.55265, 43.63165 ], [ -79.552398, 43.631314 ], [ -79.552198, 43.631374 ], [ -79.5521, 43.631337 ], [ -79.552062, 43.631354 ], [ -79.551851, 43.631388 ], [ -79.551604, 43.631384 ], [ -79.551073, 43.631252 ], [ -79.550876, 43.631177 ], [ -79.550558, 43.631065 ], [ -79.55019, 43.630852 ], [ -79.550047, 43.630661 ], [ -79.549938, 43.630499 ], [ -79.54984, 43.630453 ], [ -79.549805, 43.63037 ], [ -79.549283, 43.630473 ], [ -79.549189, 43.630493 ], [ -79.549189, 43.630493 ], [ -79.54915, 43.630501 ], [ -79.5473, 43.630926 ], [ -79.546914, 43.631015 ], [ -79.546576, 43.631167 ], [ -79.546572, 43.63117 ], [ -79.546499, 43.631207 ], [ -79.546499, 43.631207 ], [ -79.546109, 43.631407 ], [ -79.545322, 43.631801 ], [ -79.544879, 43.63202 ], [ -79.544879, 43.63202 ], [ -79.544691, 43.632113 ], [ -79.543673, 43.632672 ], [ -79.543277, 43.63295 ], [ -79.542705, 43.633454 ], [ -79.542035, 43.634109 ], [ -79.541456, 43.634635 ], [ -79.541456, 43.634635 ], [ -79.541352, 43.634729 ], [ -79.540726, 43.635348 ], [ -79.540566, 43.635535 ], [ -79.540566, 43.635535 ], [ -79.540079, 43.636103 ], [ -79.539175, 43.637147 ] ] } },
{ "type": "Feature", "properties": { "route": 1.0, "segment": 26, "leg": 6.0, "leg_segment": 3, "mode": "WALK", "route_short_name": "", "note": "", "from_library": "Eatonville", "to_library": "Alderwood", "segment_depart": "13:46:00", "segment_arrive": "13:48:00", "wait_min": 0.0, "duration_min": 1.5, "distance_m": 93.0 }, "geometry": { "type": "LineString", "coordinates": [ [ -79.539088, 43.637002 ], [ -79.539076, 43.636981 ], [ -79.538895, 43.637184 ], [ -79.53901, 43.637237 ], [ -79.538918, 43.63735 ], [ -79.539039, 43.637394 ], [ -79.539149, 43.637445 ], [ -79.539093, 43.637512 ], [ -79.539041, 43.63757 ] ] } },
{ "type": "Feature", "properties": { "route": 1.0, "segment": 27, "leg": 6.0, "leg_segment": 4, "mode": "BUS", "route_short_name": "123", "note": "", "from_library": "Eatonville", "to_library": "Alderwood", "segment_depart": "13:50:00", "segment_arrive": "14:13:00", "wait_min": 2.4, "duration_min": 22.7, "distance_m": 6855.0 }, "geometry": { "type": "LineString", "coordinates": [ [ -79.538963, 43.637393 ], [ -79.538989, 43.637362 ], [ -79.540034, 43.636155 ], [ -79.540034, 43.636155 ], [ -79.540079, 43.636103 ], [ -79.540726, 43.635348 ], [ -79.541305, 43.634775 ], [ -79.541305, 43.634775 ], [ -79.541352, 43.634729 ], [ -79.542035, 43.634109 ], [ -79.542705, 43.633454 ], [ -79.543277, 43.63295 ], [ -79.543673, 43.632672 ], [ -79.544691, 43.632113 ], [ -79.544603, 43.632004 ], [ -79.544512, 43.631859 ], [ -79.544461, 43.631783 ], [ -79.544461, 43.631783 ], [ -79.544395, 43.631685 ], [ -79.544312, 43.631574 ], [ -79.544247, 43.631494 ], [ -79.544127, 43.631356 ], [ -79.543994, 43.631231 ], [ -79.543884, 43.631112 ], [ -79.543822, 43.631028 ], [ -79.543759, 43.630923 ], [ -79.543697, 43.630776 ], [ -79.543527, 43.630406 ], [ -79.543488, 43.630275 ], [ -79.543469, 43.630192 ], [ -79.543456, 43.630095 ], [ -79.543442, 43.629988 ], [ -79.543434, 43.629717 ], [ -79.543417, 43.629509 ], [ -79.543265, 43.628815 ], [ -79.543259, 43.628735 ], [ -79.543229, 43.628602 ], [ -79.543183, 43.628447 ], [ -79.542904, 43.627703 ], [ -79.542884, 43.627656 ], [ -79.542884, 43.627656 ], [ -79.542608, 43.627007 ], [ -79.542167, 43.62596 ], [ -79.542123, 43.625855 ], [ -79.542123, 43.625855 ], [ -79.541751, 43.62497 ], [ -79.540904, 43.623055 ], [ -79.540788, 43.622775 ], [ -79.540788, 43.622775 ], [ -79.540659, 43.622465 ], [ -79.542665, 43.62201 ], [ -79.542695, 43.622003 ], [ -79.542695, 43.622003 ], [ -79.545185, 43.621431 ], [ -79.545185, 43.621431 ], [ -79.545456, 43.621369 ], [ -79.549115, 43.620534 ], [ -79.549115, 43.620534 ], [ -79.549404, 43.620468 ], [ -79.551927, 43.619877 ], [ -79.552098, 43.619839 ], [ -79.552098, 43.619839 ], [ -79.552463, 43.619757 ], [ -79.552648, 43.619715 ], [ -79.552885, 43.619662 ], [ -79.553137, 43.619605 ], [ -79.553436, 43.619538 ], [ -79.553739, 43.619467 ], [ -79.55505, 43.619173 ], [ -79.55505, 43.619173 ], [ -79.556645, 43.618816 ], [ -79.556798, 43.618777 ], [ -79.556918, 43.618745 ], [ -79.557012, 43.618718 ], [ -79.557102, 43.618687 ], [ -79.557191, 43.618652 ], [ -79.557272, 43.618606 ], [ -79.557341, 43.618555 ], [ -79.557438, 43.618472 ], [ -79.557534, 43.618382 ], [ -79.557534, 43.618382 ], [ -79.557542, 43.618375 ], [ -79.55762, 43.618295 ], [ -79.557642, 43.618257 ], [ -79.557659, 43.618208 ], [ -79.557662, 43.618132 ], [ -79.557655, 43.618029 ], [ -79.557656, 43.618007 ], [ -79.557657, 43.61798 ], [ -79.557657, 43.617957 ], [ -79.557656, 43.617935 ], [ -79.557655, 43.617912 ], [ -79.557652, 43.61789 ], [ -79.557649, 43.617867 ], [ -79.557645, 43.617845 ], [ -79.557639, 43.617822 ], [ -79.557634, 43.6178 ], [ -79.557627, 43.617777 ], [ -79.557616, 43.617747 ], [ -79.557354, 43.61704 ], [ -79.557061, 43.616359 ], [ -79.557061, 43.616359 ], [ -79.556949, 43.6161 ], [ -79.556352, 43.614701 ], [ -79.556352, 43.614701 ], [ -79.556143, 43.61421 ], [ -79.556159, 43.614209 ], [ -79.556219, 43.614204 ], [ -79.55628, 43.6142 ], [ -79.556341, 43.6142 ], [ -79.556402, 43.6142 ], [ -79.556463, 43.6142 ], [ -79.556524, 43.614195 ], [ -79.556586, 43.614195 ], [ -79.556596, 43.614193 ], [ -79.556721, 43.614191 ], [ -79.556857, 43.614191 ], [ -79.556993, 43.614181 ], [ -79.557128, 43.614177 ], [ -79.557263, 43.614172 ], [ -79.557399, 43.614163 ], [ -79.557463, 43.614161 ], [ -79.557527, 43.614163 ], [ -79.557859, 43.614153 ], [ -79.558205, 43.614124 ], [ -79.558548, 43.614111 ], [ -79.558964, 43.614081 ], [ -79.559364, 43.613977 ], [ -79.559364, 43.613977 ], [ -79.559604, 43.613914 ], [ -79.559844, 43.613836 ], [ -79.56015, 43.613699 ], [ -79.560491, 43.613532 ], [ -79.560788, 43.61339 ], [ -79.560968, 43.613296 ], [ -79.561884, 43.612792 ], [ -79.562105, 43.612652 ], [ -79.562666, 43.6123 ], [ -79.56257, 43.612234 ], [ -79.562527, 43.612189 ], [ -79.562468, 43.612122 ], [ -79.562434, 43.612082 ], [ -79.5624, 43.612047 ], [ -79.562368, 43.612009 ], [ -79.562336, 43.611967 ], [ -79.562304, 43.611929 ], [ -79.562273, 43.611893 ], [ -79.562254, 43.611869 ], [ -79.562254, 43.611869 ], [ -79.562241, 43.611852 ], [ -79.562208, 43.611814 ], [ -79.562176, 43.611777 ], [ -79.562142, 43.611738 ], [ -79.562112, 43.611699 ], [ -79.56208, 43.611662 ], [ -79.562051, 43.611619 ], [ -79.562023, 43.611578 ], [ -79.561993, 43.61154 ], [ -79.561966, 43.611503 ], [ -79.56194, 43.611458 ], [ -79.561915, 43.611418 ], [ -79.56189, 43.611376 ], [ -79.561866, 43.611335 ], [ -79.56184, 43.611296 ], [ -79.561814, 43.611255 ], [ -79.56179, 43.611215 ], [ -79.561766, 43.611171 ], [ -79.561741, 43.61113 ], [ -79.561717, 43.611089 ], [ -79.561693, 43.611047 ], [ -79.56167, 43.611005 ], [ -79.561647, 43.610965 ], [ -79.561622, 43.610924 ], [ -79.561597, 43.61088 ], [ -79.561574, 43.610839 ], [ -79.561551, 43.610797 ], [ -79.561529, 43.610753 ], [ -79.561507, 43.610711 ], [ -79.561485, 43.610671 ], [ -79.561463, 43.610629 ], [ -79.56144, 43.610587 ], [ -79.561417, 43.610545 ], [ -79.561396, 43.610505 ], [ -79.561376, 43.61046 ], [ -79.561355, 43.610417 ], [ -79.561331, 43.610378 ], [ -79.561306, 43.610337 ], [ -79.561281, 43.610293 ], [ -79.561255, 43.610255 ], [ -79.561227, 43.610212 ], [ -79.561198, 43.610173 ], [ -79.561167, 43.610133 ], [ -79.561136, 43.610098 ], [ -79.561111, 43.610055 ], [ -79.561083, 43.610013 ], [ -79.561052, 43.609974 ], [ -79.56102, 43.609935 ], [ -79.560987, 43.609897 ], [ -79.560952, 43.609862 ], [ -79.560914, 43.609827 ], [ -79.560873, 43.609793 ], [ -79.560831, 43.609759 ], [ -79.56079, 43.609728 ], [ -79.560745, 43.609695 ], [ -79.560697, 43.609666 ], [ -79.560648, 43.609638 ], [ -79.560599, 43.60961 ], [ -79.560551, 43.609582 ], [ -79.560503, 43.609553 ], [ -79.560455, 43.609524 ], [ -79.560407, 43.609496 ], [ -79.560359, 43.609467 ], [ -79.560311, 43.609439 ], [ -79.560264, 43.609412 ], [ -79.559965, 43.609787 ], [ -79.559875, 43.609871 ], [ -79.559734, 43.609929 ], [ -79.559584, 43.609934 ], [ -79.559299, 43.609884 ], [ -79.559094, 43.609843 ], [ -79.558903, 43.609833 ], [ -79.558701, 43.60984 ], [ -79.558443, 43.609857 ], [ -79.558443, 43.609857 ], [ -79.558403, 43.60986 ], [ -79.558088, 43.609901 ], [ -79.558034, 43.609911 ], [ -79.558034, 43.609911 ], [ -79.557783, 43.609955 ], [ -79.557783, 43.609955 ], [ -79.557623, 43.609983 ], [ -79.557036, 43.610089 ], [ -79.556892, 43.610118 ], [ -79.556409, 43.608982 ], [ -79.556249, 43.609024 ], [ -79.555118, 43.60927 ], [ -79.554602, 43.609377 ], [ -79.553959, 43.609515 ], [ -79.55362, 43.609588 ], [ -79.55244, 43.609856 ], [ -79.55244, 43.609856 ], [ -79.552137, 43.609925 ], [ -79.551457, 43.61008 ], [ -79.550167, 43.610372 ], [ -79.549462, 43.610532 ], [ -79.549462, 43.610532 ], [ -79.549231, 43.610585 ], [ -79.549132, 43.610607 ], [ -79.548987, 43.610343 ], [ -79.548754, 43.609743 ], [ -79.548717, 43.609639 ], [ -79.548685, 43.609554 ], [ -79.548666, 43.609521 ], [ -79.548649, 43.609473 ], [ -79.548642, 43.609443 ], [ -79.548634, 43.609406 ], [ -79.548628, 43.609381 ], [ -79.548631, 43.609352 ], [ -79.548638, 43.609289 ], [ -79.548661, 43.609208 ], [ -79.548663, 43.609167 ], [ -79.548653, 43.609113 ], [ -79.548631, 43.609064 ], [ -79.548612, 43.609037 ], [ -79.548574, 43.609001 ], [ -79.548543, 43.608984 ], [ -79.548509, 43.608978 ], [ -79.548467, 43.608971 ], [ -79.548416, 43.608971 ], [ -79.548368, 43.608978 ], [ -79.548302, 43.609002 ], [ -79.548275, 43.608933 ], [ -79.548173, 43.608677 ], [ -79.548046, 43.608305 ], [ -79.547995, 43.608169 ], [ -79.547995, 43.608169 ], [ -79.547726, 43.607458 ], [ -79.547352, 43.606573 ], [ -79.547241, 43.606301 ], [ -79.547241, 43.606301 ], [ -79.547124, 43.606017 ], [ -79.546966, 43.605687 ], [ -79.5466, 43.604816 ], [ -79.54627, 43.604085 ], [ -79.54627, 43.604085 ], [ -79.546175, 43.603873 ], [ -79.545837, 43.6031 ], [ -79.545335, 43.601903 ] ] } },
{ "type": "Feature", "properties": { "route": 1.0, "segment": 28, "leg": 6.0, "leg_segment": 5, "mode": "WALK", "route_short_name": "", "note": "arrive Alderwood", "from_library": "Eatonville", "to_library": "Alderwood", "segment_depart": "14:13:00", "segment_arrive": "14:18:00", "wait_min": 0.0, "duration_min": 4.8, "distance_m": 280.0 }, "geometry": { "type": "LineString", "coordinates": [ [ -79.54543, 43.601827 ], [ -79.545434, 43.601793 ], [ -79.545442, 43.601784 ], [ -79.545457, 43.601779 ], [ -79.545896, 43.601683 ], [ -79.546018, 43.601661 ], [ -79.546454, 43.601546 ], [ -79.546523, 43.601535 ], [ -79.546581, 43.601526 ], [ -79.546627, 43.601517 ], [ -79.546726, 43.601494 ], [ -79.546992, 43.601434 ], [ -79.548126, 43.601183 ], [ -79.548249, 43.601465 ], [ -79.548065, 43.601511 ] ] } },
{ "type": "Feature", "properties": { "route": 1.0, "segment": 29, "leg": 7.0, "leg_segment": 1, "mode": "WALK", "route_short_name": "", "note": "start Alderwood", "from_library": "Alderwood", "to_library": "Long Branch", "segment_depart": "14:51:00", "segment_arrive": "14:57:00", "wait_min": 0.0, "duration_min": 6.1, "distance_m": 359.0 }, "geometry": { "type": "LineString", "coordinates": [ [ -79.547123, 43.601731 ], [ -79.548065, 43.601511 ], [ -79.548249, 43.601465 ], [ -79.548126, 43.601183 ], [ -79.546992, 43.601434 ], [ -79.546726, 43.601494 ], [ -79.546627, 43.601517 ], [ -79.546581, 43.601526 ], [ -79.546523, 43.601535 ], [ -79.546454, 43.601546 ], [ -79.546018, 43.601661 ], [ -79.545896, 43.601683 ], [ -79.545457, 43.601779 ], [ -79.545442, 43.601784 ], [ -79.545434, 43.601793 ], [ -79.54543, 43.601827 ] ] } },
{ "type": "Feature", "properties": { "route": 1.0, "segment": 30, "leg": 7.0, "leg_segment": 2, "mode": "BUS", "route_short_name": "123", "note": "", "from_library": "Alderwood", "to_library": "Long Branch", "segment_depart": "14:59:00", "segment_arrive": "15:02:00", "wait_min": 1.3, "duration_min": 2.8, "distance_m": 1254.0 }, "geometry": { "type": "LineString", "coordinates": [ [ -79.545335, 43.601903 ], [ -79.545243, 43.601682 ], [ -79.545112, 43.601405 ], [ -79.545112, 43.601405 ], [ -79.544846, 43.600843 ], [ -79.544466, 43.600004 ], [ -79.544214, 43.599434 ], [ -79.544214, 43.599434 ], [ -79.544151, 43.599292 ], [ -79.543739, 43.598375 ], [ -79.543281, 43.597335 ], [ -79.542895, 43.596508 ], [ -79.542818, 43.596342 ], [ -79.542818, 43.596342 ], [ -79.542548, 43.595761 ], [ -79.542058, 43.594761 ], [ -79.541772, 43.594177 ], [ -79.54162, 43.593847 ], [ -79.541561, 43.593516 ], [ -79.541496, 43.593273 ], [ -79.541494, 43.593224 ], [ -79.541503, 43.593156 ], [ -79.541518, 43.593098 ], [ -79.541541, 43.593057 ], [ -79.541581, 43.592999 ], [ -79.541613, 43.592961 ], [ -79.541648, 43.592931 ], [ -79.541709, 43.592891 ], [ -79.541827, 43.592832 ], [ -79.541922, 43.592797 ], [ -79.542036, 43.592769 ], [ -79.542208, 43.592738 ], [ -79.542427, 43.59268 ], [ -79.542519, 43.59265 ], [ -79.542624, 43.592616 ], [ -79.542699, 43.592579 ], [ -79.542759, 43.592542 ], [ -79.542794, 43.592508 ], [ -79.542816, 43.592473 ], [ -79.542829, 43.592437 ], [ -79.542835, 43.592391 ], [ -79.542822, 43.592288 ], [ -79.543093, 43.592251 ], [ -79.543235, 43.592219 ], [ -79.543378, 43.592188 ], [ -79.543483, 43.592162 ], [ -79.543605, 43.592125 ], [ -79.543696, 43.59209 ] ] } },
{ "type": "Feature", "properties": { "route": 1.0, "segment": 31, "leg": 7.0, "leg_segment": 3, "mode": "TRAM", "route_short_name": "507", "note": "", "from_library": "Alderwood", "to_library": "Long Branch", "segment_depart": "15:07:00", "segment_arrive": "15:12:00", "wait_min": 5.0, "duration_min": 5.1, "distance_m": 1196.0 }, "geometry": { "type": "LineString", "coordinates": [ [ -79.543696, 43.59209 ], [ -79.543771, 43.592061 ], [ -79.543858, 43.592019 ], [ -79.54389, 43.591999 ], [ -79.543916, 43.591971 ], [ -79.543931, 43.591928 ], [ -79.543931, 43.591883 ], [ -79.543912, 43.591845 ], [ -79.543872, 43.591816 ], [ -79.54381, 43.591794 ], [ -79.543736, 43.591789 ], [ -79.543702, 43.591795 ], [ -79.54358, 43.591893 ], [ -79.543402, 43.592008 ], [ -79.543255, 43.592101 ], [ -79.543247, 43.592105 ], [ -79.54306, 43.592204 ], [ -79.543043, 43.592215 ], [ -79.542891, 43.592272 ], [ -79.542834, 43.592295 ], [ -79.542568, 43.592402 ], [ -79.542421, 43.592447 ], [ -79.542155, 43.5925 ], [ -79.541795, 43.592582 ], [ -79.540601, 43.59284 ], [ -79.539402, 43.593099 ], [ -79.538616, 43.593291 ], [ -79.538393, 43.593345 ], [ -79.538351, 43.593355 ], [ -79.538351, 43.593355 ], [ -79.53818, 43.593396 ], [ -79.536999, 43.593658 ], [ -79.535608, 43.593988 ], [ -79.534134, 43.594333 ], [ -79.534134, 43.594333 ], [ -79.534016, 43.594361 ], [ -79.5324, 43.594736 ], [ -79.530991, 43.595057 ], [ -79.53041, 43.595179 ] ] } },
{ "type": "Feature", "properties": { "route": 1.0, "segment": 32, "leg": 7.0, "leg_segment": 4, "mode": "WALK", "route_short_name": "", "note": "arrive Long Branch", "from_library": "Alderwood", "to_library": "Long Branch", "segment_depart": "15:12:00", "segment_arrive": "15:14:00", "wait_min": 0.0, "duration_min": 2.1, "distance_m": 118.0 }, "geometry": { "type": "LineString", "coordinates": [ [ -79.530407, 43.595155 ], [ -79.530372, 43.595173 ], [ -79.530326, 43.595071 ], [ -79.530748, 43.594973 ], [ -79.530809, 43.59511 ], [ -79.530814, 43.595124 ], [ -79.53098, 43.595087 ], [ -79.530985, 43.595099 ], [ -79.531022, 43.595199 ], [ -79.531085, 43.595185 ], [ -79.531209, 43.595157 ], [ -79.531236, 43.595214 ] ] } },
{ "type": "Feature", "properties": { "route": 1.0, "segment": 33, "leg": 8.0, "leg_segment": 1, "mode": "WALK", "route_short_name": "", "note": "start Long Branch", "from_library": "Long Branch", "to_library": "New Toronto", "segment_depart": "15:36:00", "segment_arrive": "15:38:00", "wait_min": 0.0, "duration_min": 2.5, "distance_m": 150.0 }, "geometry": { "type": "LineString", "coordinates": [ [ -79.531555, 43.595078 ], [ -79.531548, 43.595116 ], [ -79.531528, 43.595139 ], [ -79.53149, 43.595157 ], [ -79.531236, 43.595214 ], [ -79.531209, 43.595157 ], [ -79.531085, 43.595185 ], [ -79.531022, 43.595199 ], [ -79.530985, 43.595099 ], [ -79.53098, 43.595087 ], [ -79.530814, 43.595124 ], [ -79.530809, 43.59511 ], [ -79.530748, 43.594973 ], [ -79.530326, 43.595071 ], [ -79.530372, 43.595173 ], [ -79.530407, 43.595155 ] ] } },
{ "type": "Feature", "properties": { "route": 1.0, "segment": 34, "leg": 8.0, "leg_segment": 2, "mode": "TRAM", "route_short_name": "507", "note": "", "from_library": "Long Branch", "to_library": "New Toronto", "segment_depart": "15:40:00", "segment_arrive": "15:46:00", "wait_min": 1.5, "duration_min": 5.9, "distance_m": 1553.0 }, "geometry": { "type": "LineString", "coordinates": [ [ -79.53041, 43.595179 ], [ -79.530305, 43.595201 ], [ -79.529768, 43.595323 ], [ -79.528302, 43.595669 ], [ -79.527711, 43.595794 ], [ -79.527711, 43.595794 ], [ -79.527616, 43.595814 ], [ -79.525052, 43.596405 ], [ -79.525052, 43.596405 ], [ -79.524995, 43.596418 ], [ -79.524411, 43.59653 ], [ -79.523697, 43.596696 ], [ -79.522493, 43.596955 ], [ -79.521725, 43.597127 ], [ -79.52142, 43.597186 ], [ -79.52142, 43.597186 ], [ -79.521318, 43.597206 ], [ -79.520241, 43.597443 ], [ -79.519144, 43.597699 ], [ -79.518047, 43.597947 ], [ -79.517191, 43.598143 ], [ -79.517191, 43.598143 ], [ -79.51695, 43.598198 ], [ -79.516026, 43.598388 ], [ -79.51506, 43.598595 ], [ -79.514443, 43.598728 ], [ -79.513947, 43.598834 ], [ -79.512977, 43.599069 ], [ -79.512912, 43.599085 ], [ -79.512367, 43.599209 ], [ -79.51197, 43.599299 ] ] } },
{ "type": "Feature", "properties": { "route": 1.0, "segment": 35, "leg": 8.0, "leg_segment": 3, "mode": "WALK", "route_short_name": "", "note": "arrive New Toronto", "from_library": "Long Branch", "to_library": "New Toronto", "segment_depart": "15:46:00", "segment_arrive": "15:48:00", "wait_min": 0.0, "duration_min": 2.7, "distance_m": 156.0 }, "geometry": { "type": "LineString", "coordinates": [ [ -79.51196, 43.599214 ], [ -79.511906, 43.599208 ], [ -79.511808, 43.599229 ], [ -79.511691, 43.599255 ], [ -79.511492, 43.5993 ], [ -79.510557, 43.599507 ], [ -79.510542, 43.599472 ], [ -79.510437, 43.599174 ] ] } },
{ "type": "Feature", "properties": { "route": 1.0, "segment": 36, "leg": 9.0, "leg_segment": 1, "mode": "WALK", "route_short_name": "", "note": "start New Toronto", "from_library": "New Toronto", "to_library": "Mimico Centennial", "segment_depart": "16:10:00", "segment_arrive": "16:13:00", "wait_min": 0.0, "duration_min": 2.9, "distance_m": 188.0 }, "geometry": { "type": "LineString", "coordinates": [ [ -79.510437, 43.599174 ], [ -79.509534, 43.599371 ], [ -79.509546, 43.5994 ], [ -79.509648, 43.599675 ], [ -79.509661, 43.599704 ], [ -79.508797, 43.599888 ], [ -79.508796, 43.599877 ] ] } },
{ "type": "Feature", "properties": { "route": 1.0, "segment": 37, "leg": 9.0, "leg_segment": 2, "mode": "TRAM", "route_short_name": "507", "note": "", "from_library": "New Toronto", "to_library": "Mimico Centennial", "segment_depart": "16:14:00", "segment_arrive": "16:23:00", "wait_min": 1.2, "duration_min": 9.2, "distance_m": 2672.0 }, "geometry": { "type": "LineString", "coordinates": [ [ -79.508807, 43.59998 ], [ -79.508647, 43.600014 ], [ -79.508632, 43.600017 ], [ -79.507618, 43.600221 ], [ -79.506432, 43.600494 ], [ -79.505403, 43.600731 ], [ -79.505403, 43.600731 ], [ -79.505274, 43.600761 ], [ -79.504143, 43.601006 ], [ -79.503123, 43.601238 ], [ -79.503123, 43.601238 ], [ -79.50303, 43.601259 ], [ -79.501881, 43.601513 ], [ -79.500875, 43.601734 ], [ -79.500875, 43.601734 ], [ -79.500763, 43.601759 ], [ -79.499653, 43.601999 ], [ -79.499504, 43.602029 ], [ -79.498604, 43.602237 ], [ -79.498604, 43.602237 ], [ -79.498499, 43.602261 ], [ -79.497958, 43.60236 ], [ -79.497274, 43.602404 ], [ -79.496001, 43.602532 ], [ -79.495852, 43.602568 ], [ -79.495726, 43.602594 ], [ -79.495588, 43.602626 ], [ -79.495285, 43.602736 ], [ -79.494701, 43.602969 ], [ -79.493834, 43.603341 ], [ -79.493269, 43.603603 ], [ -79.493269, 43.603603 ], [ -79.493165, 43.603651 ], [ -79.492989, 43.603725 ], [ -79.492787, 43.603833 ], [ -79.492569, 43.603981 ], [ -79.492339, 43.604112 ], [ -79.492106, 43.604283 ], [ -79.491857, 43.604503 ], [ -79.491633, 43.604715 ], [ -79.49145, 43.60494 ], [ -79.4913, 43.605151 ], [ -79.491147, 43.605399 ], [ -79.491007, 43.605673 ], [ -79.490855, 43.605966 ], [ -79.490734, 43.606236 ], [ -79.49063, 43.606501 ], [ -79.490559, 43.606744 ], [ -79.490525, 43.606974 ], [ -79.490412, 43.608024 ], [ -79.490412, 43.608024 ], [ -79.490381, 43.608306 ], [ -79.490343, 43.608563 ], [ -79.490274, 43.60967 ], [ -79.490133, 43.610466 ], [ -79.490092, 43.610733 ], [ -79.490092, 43.610733 ], [ -79.490059, 43.610943 ], [ -79.490029, 43.611151 ], [ -79.489887, 43.612105 ], [ -79.489882, 43.612141 ], [ -79.489786, 43.61273 ], [ -79.489713, 43.613005 ], [ -79.489633, 43.613221 ], [ -79.489465, 43.613455 ], [ -79.489392, 43.613611 ], [ -79.489392, 43.613611 ], [ -79.489314, 43.613779 ], [ -79.489162, 43.614044 ], [ -79.488694, 43.614895 ] ] } },
{ "type": "Feature", "properties": { "route": 1.0, "segment": 38, "leg": 9.0, "leg_segment": 3, "mode": "WALK", "route_short_name": "", "note": "arrive Mimico Centennial", "from_library": "New Toronto", "to_library": "Mimico Centennial", "segment_depart": "16:23:00", "segment_arrive": "16:32:00", "wait_min": 0.0, "duration_min": 8.3, "distance_m": 478.0 }, "geometry": { "type": "LineString", "coordinates": [ [ -79.488619, 43.614817 ], [ -79.488602, 43.614798 ], [ -79.488577, 43.614841 ], [ -79.488597, 43.614845 ], [ -79.488696, 43.614871 ], [ -79.488713, 43.614876 ], [ -79.488733, 43.614881 ], [ -79.488842, 43.61491 ], [ -79.488856, 43.614913 ], [ -79.488867, 43.614893 ], [ -79.489216, 43.614951 ], [ -79.489256, 43.615012 ], [ -79.489296, 43.615018 ], [ -79.489432, 43.615041 ], [ -79.489547, 43.61506 ], [ -79.489736, 43.615091 ], [ -79.489945, 43.615125 ], [ -79.490109, 43.615152 ], [ -79.49019, 43.615166 ], [ -79.490349, 43.615192 ], [ -79.490526, 43.615217 ], [ -79.490591, 43.615223 ], [ -79.490786, 43.615243 ], [ -79.490828, 43.615246 ], [ -79.490915, 43.615249 ], [ -79.49099, 43.615243 ], [ -79.491068, 43.61523 ], [ -79.491123, 43.615206 ], [ -79.491158, 43.615184 ], [ -79.491461, 43.614967 ], [ -79.491566, 43.614913 ], [ -79.491697, 43.614866 ], [ -79.491853, 43.614842 ], [ -79.492016, 43.614843 ], [ -79.492476, 43.614892 ], [ -79.492495, 43.614887 ], [ -79.492505, 43.614888 ], [ -79.49261, 43.614907 ], [ -79.492688, 43.61492 ], [ -79.492697, 43.614922 ], [ -79.493412, 43.615032 ], [ -79.493547, 43.615042 ], [ -79.49371, 43.615055 ], [ -79.49382, 43.615046 ], [ -79.493788, 43.614979 ], [ -79.493793, 43.614888 ], [ -79.493795, 43.614865 ] ] } },
{ "type": "Feature", "properties": { "route": 2.0, "segment": 1, "leg": 1.0, "leg_segment": 1, "mode": "WALK", "route_short_name": "", "note": "start Humber Summit", "from_library": "Humber Summit", "to_library": "Woodview Park", "segment_depart": "09:17:00", "segment_arrive": "09:22:00", "wait_min": 0.0, "duration_min": 4.5, "distance_m": 250.0 }, "geometry": { "type": "LineString", "coordinates": [ [ -79.571546, 43.759166 ], [ -79.571495, 43.759194 ], [ -79.571437, 43.759189 ], [ -79.571389, 43.759274 ], [ -79.57142, 43.759329 ], [ -79.57145, 43.759366 ], [ -79.57133, 43.759394 ], [ -79.5714, 43.759499 ], [ -79.571226, 43.759527 ], [ -79.57127, 43.759592 ], [ -79.571127, 43.759623 ], [ -79.57138, 43.760065 ], [ -79.570954, 43.760163 ], [ -79.570626, 43.760236 ], [ -79.570208, 43.760332 ], [ -79.570177, 43.760335 ], [ -79.570148, 43.76033 ], [ -79.570146, 43.760335 ], [ -79.570189, 43.760326 ] ] } },
{ "type": "Feature", "properties": { "route": 2.0, "segment": 2, "leg": 1.0, "leg_segment": 2, "mode": "BUS", "route_short_name": "166", "note": "", "from_library": "Humber Summit", "to_library": "Woodview Park", "segment_depart": "09:23:00", "segment_arrive": "09:30:00", "wait_min": 1.3, "duration_min": 6.9, "distance_m": 2612.0 }, "geometry": { "type": "LineString", "coordinates": [ [ -79.570198, 43.7604 ], [ -79.570088, 43.760425 ], [ -79.569853, 43.760449 ], [ -79.569657, 43.760472 ], [ -79.569423, 43.760507 ], [ -79.569278, 43.760537 ], [ -79.567636, 43.760898 ], [ -79.56756, 43.76092 ], [ -79.567463, 43.760937 ], [ -79.567384, 43.760954 ], [ -79.567313, 43.760962 ], [ -79.567225, 43.76096 ], [ -79.567151, 43.760958 ], [ -79.567064, 43.760948 ], [ -79.56697, 43.760921 ], [ -79.566898, 43.760892 ], [ -79.566792, 43.760869 ], [ -79.566232, 43.760651 ], [ -79.566232, 43.760651 ], [ -79.566065, 43.760586 ], [ -79.564425, 43.762622 ], [ -79.563367, 43.762186 ], [ -79.563367, 43.762186 ], [ -79.560468, 43.760992 ], [ -79.560468, 43.760992 ], [ -79.558222, 43.760067 ], [ -79.558222, 43.760067 ], [ -79.558057, 43.759999 ], [ -79.55792, 43.759923 ], [ -79.557815, 43.759873 ], [ -79.557653, 43.759799 ], [ -79.557568, 43.759736 ], [ -79.557425, 43.759649 ], [ -79.555884, 43.758731 ], [ -79.555884, 43.758731 ], [ -79.554951, 43.758174 ], [ -79.554821, 43.758086 ], [ -79.55472, 43.758032 ], [ -79.554623, 43.757963 ], [ -79.554532, 43.7579 ], [ -79.554436, 43.757858 ], [ -79.554325, 43.757802 ], [ -79.554279, 43.757783 ], [ -79.554244, 43.757768 ], [ -79.554244, 43.757768 ], [ -79.554189, 43.757744 ], [ -79.551365, 43.75657 ], [ -79.551365, 43.75657 ], [ -79.548305, 43.755298 ], [ -79.548305, 43.755298 ], [ -79.544734, 43.753813 ], [ -79.544642, 43.753777 ], [ -79.544524, 43.753744 ], [ -79.544144, 43.753648 ], [ -79.543852, 43.753559 ], [ -79.543743, 43.753525 ], [ -79.543616, 43.753483 ], [ -79.543294, 43.753365 ], [ -79.543172, 43.753332 ] ] } },
{ "type": "Feature", "properties": { "route": 2.0, "segment": 3, "leg": 1.0, "leg_segment": 3, "mode": "WALK", "route_short_name": "", "note": "", "from_library": "Humber Summit", "to_library": "Woodview Park", "segment_depart": "09:30:00", "segment_arrive": "09:31:00", "wait_min": 0.0, "duration_min": 1.0, "distance_m": 65.0 }, "geometry": { "type": "LineString", "coordinates": [ [ -79.543188, 43.753219 ], [ -79.543187, 43.753228 ], [ -79.543129, 43.75321 ], [ -79.543055, 43.753199 ], [ -79.543097, 43.753284 ], [ -79.543004, 43.753275 ], [ -79.542923, 43.753336 ], [ -79.542881, 43.753342 ], [ -79.542902, 43.753439 ], [ -79.542882, 43.753489 ], [ -79.542902, 43.753439 ] ] } },
{ "type": "Feature", "properties": { "route": 2.0, "segment": 4, "leg": 1.0, "leg_segment": 4, "mode": "BUS", "route_short_name": "165", "note": "", "from_library": "Humber Summit", "to_library": "Woodview Park", "segment_depart": "09:36:00", "segment_arrive": "09:42:00", "wait_min": 4.8, "duration_min": 5.8, "distance_m": 1479.0 }, "geometry": { "type": "LineString", "coordinates": [ [ -79.542755, 43.753555 ], [ -79.542699, 43.753328 ], [ -79.54237, 43.752082 ], [ -79.542293, 43.7517 ], [ -79.542293, 43.7517 ], [ -79.541635, 43.748411 ], [ -79.541635, 43.748411 ], [ -79.541598, 43.748226 ], [ -79.541555, 43.748033 ], [ -79.541439, 43.747521 ], [ -79.54141, 43.747396 ], [ -79.541314, 43.746971 ], [ -79.541116, 43.746094 ], [ -79.541116, 43.746094 ], [ -79.541085, 43.745955 ], [ -79.540375, 43.742922 ], [ -79.540375, 43.742922 ], [ -79.540327, 43.742718 ], [ -79.540122, 43.741786 ], [ -79.53979, 43.740422 ] ] } },
{ "type": "Feature", "properties": { "route": 2.0, "segment": 5, "leg": 1.0, "leg_segment": 5, "mode": "WALK", "route_short_name": "", "note": "arrive Woodview Park", "from_library": "Humber Summit", "to_library": "Woodview Park", "segment_depart": "09:42:00", "segment_arrive": "09:44:00", "wait_min": 0.0, "duration_min": 1.9, "distance_m": 109.0 }, "geometry": { "type": "LineString", "coordinates": [ [ -79.539904, 43.740369 ], [ -79.539928, 43.740359 ], [ -79.539918, 43.74031 ], [ -79.539914, 43.740292 ], [ -79.539894, 43.74023 ], [ -79.539742, 43.740243 ], [ -79.539679, 43.739969 ], [ -79.539627, 43.739744 ], [ -79.539457, 43.739769 ], [ -79.539344, 43.739786 ] ] } },
{ "type": "Feature", "properties": { "route": 2.0, "segment": 6, "leg": 2.0, "leg_segment": 1, "mode": "WALK", "route_short_name": "", "note": "start Woodview Park", "from_library": "Woodview Park", "to_library": "Richview", "segment_depart": "10:06:00", "segment_arrive": "10:09:00", "wait_min": 0.0, "duration_min": 2.6, "distance_m": 180.0 }, "geometry": { "type": "LineString", "coordinates": [ [ -79.538131, 43.739625 ], [ -79.538248, 43.739911 ], [ -79.539344, 43.739786 ], [ -79.539457, 43.739769 ], [ -79.539554, 43.74019 ], [ -79.539566, 43.740185 ] ] } },
{ "type": "Feature", "properties": { "route": 2.0, "segment": 7, "leg": 2.0, "leg_segment": 2, "mode": "BUS", "route_short_name": "165", "note": "", "from_library": "Woodview Park", "to_library": "Richview", "segment_depart": "10:10:00", "segment_arrive": "10:17:00", "wait_min": 1.4, "duration_min": 6.9, "distance_m": 1308.0 }, "geometry": { "type": "LineString", "coordinates": [ [ -79.539716, 43.740116 ], [ -79.539745, 43.740239 ], [ -79.540122, 43.741786 ], [ -79.540289, 43.742546 ], [ -79.540289, 43.742546 ], [ -79.540327, 43.742718 ], [ -79.541044, 43.745781 ], [ -79.541044, 43.745781 ], [ -79.541085, 43.745955 ], [ -79.541314, 43.746971 ], [ -79.54135, 43.74713 ], [ -79.54135, 43.74713 ], [ -79.54141, 43.747396 ], [ -79.541439, 43.747521 ], [ -79.541555, 43.748033 ], [ -79.541574, 43.748118 ], [ -79.541574, 43.748118 ], [ -79.541598, 43.748226 ], [ -79.542301, 43.751738 ] ] } },
{ "type": "Feature", "properties": { "route": 2.0, "segment": 8, "leg": 2.0, "leg_segment": 3, "mode": "WALK", "route_short_name": "", "note": "", "from_library": "Woodview Park", "to_library": "Richview", "segment_depart": "10:17:00", "segment_arrive": "10:19:00", "wait_min": 0.0, "duration_min": 1.5, "distance_m": 84.0 }, "geometry": { "type": "LineString", "coordinates": [ [ -79.542165, 43.75179 ], [ -79.542156, 43.751782 ], [ -79.542144, 43.75181 ], [ -79.542137, 43.751857 ], [ -79.542134, 43.751876 ], [ -79.542246, 43.751858 ], [ -79.542267, 43.751969 ], [ -79.542436, 43.75195 ], [ -79.542645, 43.751912 ], [ -79.54266, 43.751973 ], [ -79.542669, 43.752007 ], [ -79.542673, 43.752025 ], [ -79.542676, 43.752035 ], [ -79.542679, 43.752049 ], [ -79.542687, 43.752082 ] ] } },
{ "type": "Feature", "properties": { "route": 2.0, "segment": 9, "leg": 2.0, "leg_segment": 4, "mode": "TRAM", "route_short_name": "6", "note": "", "from_library": "Woodview Park", "to_library": "Richview", "segment_depart": "10:24:00", "segment_arrive": "10:33:00", "wait_min": 4.9, "duration_min": 9.0, "distance_m": 2200.0 }, "geometry": { "type": "LineString", "coordinates": [ [ -79.542673, 43.752026 ], [ -79.543043, 43.751947 ], [ -79.543518, 43.751862 ], [ -79.544084, 43.751747 ], [ -79.544564, 43.751648 ], [ -79.545039, 43.751542 ], [ -79.545566, 43.751396 ], [ -79.545698, 43.751369 ], [ -79.545924, 43.751322 ], [ -79.547519, 43.750981 ], [ -79.549075, 43.750648 ], [ -79.552316, 43.749944 ], [ -79.552583, 43.749886 ], [ -79.552583, 43.749886 ], [ -79.557633, 43.748794 ], [ -79.557764, 43.748767 ], [ -79.557764, 43.748767 ], [ -79.558784, 43.748557 ], [ -79.562359, 43.747765 ], [ -79.562498, 43.747734 ], [ -79.562498, 43.747734 ], [ -79.564415, 43.74731 ], [ -79.564714, 43.747232 ], [ -79.565076, 43.747135 ], [ -79.565546, 43.747011 ], [ -79.565783, 43.746948 ], [ -79.566033, 43.74689 ], [ -79.566125, 43.746868 ], [ -79.566545, 43.74674 ], [ -79.566901, 43.746634 ], [ -79.567339, 43.746541 ], [ -79.567711, 43.74643 ], [ -79.568154, 43.746346 ], [ -79.56828, 43.74632 ], [ -79.568621, 43.746247 ], [ -79.568853, 43.746192 ] ] } },
{ "type": "Feature", "properties": { "route": 2.0, "segment": 10, "leg": 2.0, "leg_segment": 5, "mode": "WALK", "route_short_name": "", "note": "", "from_library": "Woodview Park", "to_library": "Richview", "segment_depart": "10:33:00", "segment_arrive": "10:34:00", "wait_min": 0.0, "duration_min": 1.1, "distance_m": 83.0 }, "geometry": { "type": "LineString", "coordinates": [ [ -79.568861, 43.746257 ], [ -79.568829, 43.746255 ], [ -79.568829, 43.746217 ], [ -79.568828, 43.746204 ], [ -79.568827, 43.746192 ], [ -79.568828, 43.746173 ], [ -79.568828, 43.746134 ], [ -79.568829, 43.746068 ], [ -79.56883, 43.746004 ], [ -79.568827, 43.745985 ], [ -79.568793, 43.745985 ], [ -79.568772, 43.745972 ], [ -79.568749, 43.745943 ], [ -79.568755, 43.74588 ], [ -79.568756, 43.74577 ], [ -79.568755, 43.74588 ], [ -79.568749, 43.745943 ], [ -79.568772, 43.745972 ] ] } },
{ "type": "Feature", "properties": { "route": 2.0, "segment": 11, "leg": 2.0, "leg_segment": 6, "mode": "BUS", "route_short_name": "37", "note": "", "from_library": "Woodview Park", "to_library": "Richview", "segment_depart": "10:37:00", "segment_arrive": "10:58:00", "wait_min": 3.1, "duration_min": 20.7, "distance_m": 7296.0 }, "geometry": { "type": "LineString", "coordinates": [ [ -79.568604, 43.745774 ], [ -79.568602, 43.745581 ], [ -79.568564, 43.745162 ], [ -79.568503, 43.744843 ], [ -79.568429, 43.744505 ], [ -79.568333, 43.744051 ], [ -79.568178, 43.743565 ], [ -79.568017, 43.743092 ], [ -79.567863, 43.742737 ], [ -79.567736, 43.742458 ], [ -79.56766, 43.742288 ], [ -79.56766, 43.742288 ], [ -79.566919, 43.74063 ], [ -79.566834, 43.740456 ], [ -79.566834, 43.740456 ], [ -79.566684, 43.740146 ], [ -79.56633, 43.73938 ], [ -79.566082, 43.738868 ], [ -79.565735, 43.738152 ], [ -79.565734, 43.73815 ], [ -79.565576, 43.737802 ], [ -79.565576, 43.737802 ], [ -79.565571, 43.737792 ], [ -79.565295, 43.737229 ], [ -79.565007, 43.736543 ], [ -79.564144, 43.734535 ], [ -79.564144, 43.734535 ], [ -79.563936, 43.734052 ], [ -79.563467, 43.732998 ], [ -79.563057, 43.732095 ], [ -79.563057, 43.732095 ], [ -79.562936, 43.731829 ], [ -79.562122, 43.730054 ], [ -79.561677, 43.729045 ], [ -79.560824, 43.727192 ], [ -79.560824, 43.727192 ], [ -79.560745, 43.72702 ], [ -79.560194, 43.725895 ], [ -79.559954, 43.725347 ], [ -79.559954, 43.725347 ], [ -79.559747, 43.724874 ], [ -79.558912, 43.723105 ], [ -79.558833, 43.722957 ], [ -79.558833, 43.722957 ], [ -79.55869, 43.722687 ], [ -79.5585, 43.722327 ], [ -79.558446, 43.722206 ], [ -79.558247, 43.721751 ], [ -79.558206, 43.721658 ], [ -79.558206, 43.721658 ], [ -79.558127, 43.721481 ], [ -79.557555, 43.720302 ], [ -79.557534, 43.720253 ], [ -79.55744, 43.720023 ], [ -79.556667, 43.718413 ], [ -79.5566, 43.71827 ], [ -79.5566, 43.71827 ], [ -79.556099, 43.717206 ], [ -79.556099, 43.717206 ], [ -79.555974, 43.716941 ], [ -79.555678, 43.716289 ], [ -79.555116, 43.715102 ], [ -79.555018, 43.714896 ], [ -79.555018, 43.714896 ], [ -79.554063, 43.712897 ], [ -79.553502, 43.711723 ], [ -79.553431, 43.711529 ], [ -79.553371, 43.711393 ], [ -79.552762, 43.710327 ], [ -79.552699, 43.710201 ], [ -79.552637, 43.710075 ], [ -79.552616, 43.710034 ], [ -79.552576, 43.709953 ], [ -79.552542, 43.709881 ], [ -79.552516, 43.709827 ], [ -79.552471, 43.709733 ], [ -79.552457, 43.709701 ], [ -79.552419, 43.70962 ], [ -79.552398, 43.709575 ], [ -79.552347, 43.709463 ], [ -79.552341, 43.709449 ], [ -79.552284, 43.709328 ], [ -79.552228, 43.709197 ], [ -79.552201, 43.709125 ], [ -79.552173, 43.709071 ], [ -79.552141, 43.708995 ], [ -79.552119, 43.708945 ], [ -79.552065, 43.708819 ], [ -79.552012, 43.708693 ], [ -79.551746, 43.708095 ], [ -79.551685, 43.707962 ], [ -79.551685, 43.707962 ], [ -79.551272, 43.707059 ], [ -79.551117, 43.706718 ], [ -79.551046, 43.706565 ], [ -79.55043, 43.705103 ], [ -79.550327, 43.704874 ], [ -79.550072, 43.704437 ], [ -79.550008, 43.704293 ], [ -79.550008, 43.704293 ], [ -79.549558, 43.703276 ], [ -79.548751, 43.701503 ], [ -79.548751, 43.701503 ], [ -79.548667, 43.701318 ], [ -79.548042, 43.699897 ], [ -79.548042, 43.699897 ], [ -79.547966, 43.699725 ], [ -79.547321, 43.698416 ], [ -79.546977, 43.697723 ], [ -79.546838, 43.697352 ], [ -79.546838, 43.697352 ], [ -79.546722, 43.697044 ], [ -79.545835, 43.695155 ], [ -79.545164, 43.693645 ], [ -79.544883, 43.693073 ], [ -79.5448, 43.692895 ], [ -79.5448, 43.692895 ], [ -79.544586, 43.692434 ], [ -79.544176, 43.691523 ], [ -79.544176, 43.691523 ], [ -79.544099, 43.691351 ], [ -79.542864, 43.688614 ], [ -79.542747, 43.688344 ], [ -79.542747, 43.688344 ], [ -79.541395, 43.685216 ], [ -79.541216, 43.684813 ], [ -79.541216, 43.684813 ], [ -79.541147, 43.684659 ], [ -79.54058, 43.683381 ] ] } },
{ "type": "Feature", "properties": { "route": 2.0, "segment": 12, "leg": 2.0, "leg_segment": 7, "mode": "WALK", "route_short_name": "", "note": "arrive Richview", "from_library": "Woodview Park", "to_library": "Richview", "segment_depart": "10:58:00", "segment_arrive": "10:58:00", "wait_min": 0.0, "duration_min": 0.8, "distance_m": 48.0 }, "geometry": { "type": "LineString", "coordinates": [ [ -79.540697, 43.683282 ], [ -79.540673, 43.683246 ], [ -79.540832, 43.683619 ] ] } },
{ "type": "Feature", "properties": { "route": 2.0, "segment": 13, "leg": 3.0, "leg_segment": 1, "mode": "WALK", "route_short_name": "", "note": "start Richview", "from_library": "Richview", "to_library": "Brentwood", "segment_depart": "11:24:00", "segment_arrive": "11:26:00", "wait_min": 0.0, "duration_min": 1.7, "distance_m": 144.0 }, "geometry": { "type": "LineString", "coordinates": [ [ -79.541919, 43.68344 ], [ -79.541028, 43.683639 ], [ -79.541016, 43.683611 ], [ -79.540931, 43.68363 ], [ -79.540917, 43.6836 ], [ -79.540832, 43.683619 ], [ -79.540673, 43.683246 ], [ -79.540697, 43.683282 ] ] } },
{ "type": "Feature", "properties": { "route": 2.0, "segment": 14, "leg": 3.0, "leg_segment": 2, "mode": "BUS", "route_short_name": "37", "note": "", "from_library": "Richview", "to_library": "Brentwood", "segment_depart": "11:27:00", "segment_arrive": "11:36:00", "wait_min": 1.4, "duration_min": 8.4, "distance_m": 4463.0 }, "geometry": { "type": "LineString", "coordinates": [ [ -79.54058, 43.683381 ], [ -79.540492, 43.683183 ], [ -79.539832, 43.681577 ], [ -79.539103, 43.680036 ], [ -79.539103, 43.680036 ], [ -79.539005, 43.679829 ], [ -79.538389, 43.678462 ], [ -79.538389, 43.678462 ], [ -79.537117, 43.675638 ], [ -79.537054, 43.675499 ], [ -79.537054, 43.675499 ], [ -79.535661, 43.672411 ], [ -79.535661, 43.672411 ], [ -79.53558, 43.672232 ], [ -79.534931, 43.670777 ], [ -79.533932, 43.668562 ], [ -79.533932, 43.668562 ], [ -79.533848, 43.668375 ], [ -79.533076, 43.666647 ], [ -79.533042, 43.666575 ], [ -79.533042, 43.666575 ], [ -79.532953, 43.666386 ], [ -79.532024, 43.664275 ], [ -79.531622, 43.663426 ], [ -79.531256, 43.662622 ], [ -79.531179, 43.662405 ], [ -79.53108, 43.662184 ], [ -79.53108, 43.662184 ], [ -79.53087, 43.661714 ], [ -79.53056, 43.660956 ], [ -79.53056, 43.660956 ], [ -79.530502, 43.660814 ], [ -79.530196, 43.66016 ], [ -79.530118, 43.659972 ], [ -79.529846, 43.659342 ], [ -79.529846, 43.659342 ], [ -79.529816, 43.659272 ], [ -79.52978, 43.659202 ], [ -79.529226, 43.657859 ], [ -79.528814, 43.656943 ], [ -79.528814, 43.656943 ], [ -79.528754, 43.656808 ], [ -79.527976, 43.655021 ], [ -79.527976, 43.655021 ], [ -79.527913, 43.654875 ], [ -79.527299, 43.653453 ], [ -79.527299, 43.653453 ], [ -79.527217, 43.653263 ], [ -79.526728, 43.652108 ], [ -79.526699, 43.652043 ], [ -79.526695, 43.652035 ], [ -79.526389, 43.651356 ], [ -79.526214, 43.650942 ], [ -79.526162, 43.650828 ], [ -79.526162, 43.650828 ], [ -79.526138, 43.650774 ], [ -79.525981, 43.65043 ], [ -79.525158, 43.64855 ], [ -79.525158, 43.64855 ], [ -79.525082, 43.648376 ], [ -79.524448, 43.647005 ], [ -79.524297, 43.646645 ], [ -79.523807, 43.645504 ], [ -79.523303, 43.645624 ] ] } },
{ "type": "Feature", "properties": { "route": 2.0, "segment": 15, "leg": 3.0, "leg_segment": 3, "mode": "WALK", "route_short_name": "", "note": "arrive Brentwood", "from_library": "Richview", "to_library": "Brentwood", "segment_depart": "11:36:00", "segment_arrive": "11:50:00", "wait_min": 0.0, "duration_min": 14.2, "distance_m": 838.0 }, "geometry": { "type": "LineString", "coordinates": [ [ -79.523297, 43.645578 ], [ -79.523296, 43.645577 ], [ -79.523054, 43.645623 ], [ -79.522119, 43.645828 ], [ -79.521014, 43.646071 ], [ -79.520824, 43.646089 ], [ -79.520719, 43.646092 ], [ -79.520301, 43.646104 ], [ -79.519786, 43.646121 ], [ -79.519635, 43.646103 ], [ -79.519577, 43.646087 ], [ -79.519475, 43.646051 ], [ -79.519363, 43.645986 ], [ -79.519256, 43.6459 ], [ -79.519173, 43.645789 ], [ -79.519053, 43.645804 ], [ -79.518938, 43.645816 ], [ -79.518902, 43.645811 ], [ -79.518796, 43.645833 ], [ -79.518338, 43.645929 ], [ -79.517592, 43.646083 ], [ -79.517488, 43.646106 ], [ -79.516817, 43.64625 ], [ -79.516697, 43.646276 ], [ -79.516518, 43.646315 ], [ -79.515612, 43.646516 ], [ -79.515355, 43.646585 ], [ -79.515213, 43.646622 ], [ -79.514827, 43.646724 ], [ -79.514637, 43.646771 ], [ -79.514472, 43.646808 ], [ -79.514369, 43.646819 ], [ -79.513925, 43.646915 ], [ -79.513903, 43.646928 ], [ -79.51405, 43.64726 ] ] } },
{ "type": "Feature", "properties": { "route": 2.0, "segment": 16, "leg": 4.0, "leg_segment": 1, "mode": "WALK", "route_short_name": "", "note": "start Brentwood", "from_library": "Brentwood", "to_library": "Humber Bay", "segment_depart": "12:20:00", "segment_arrive": "12:23:00", "wait_min": 0.0, "duration_min": 2.9, "distance_m": 177.0 }, "geometry": { "type": "LineString", "coordinates": [ [ -79.514189, 43.647574 ], [ -79.51405, 43.64726 ], [ -79.513903, 43.646928 ], [ -79.513925, 43.646915 ], [ -79.514369, 43.646819 ], [ -79.514472, 43.646808 ], [ -79.514637, 43.646771 ], [ -79.514594, 43.646662 ], [ -79.514779, 43.646618 ], [ -79.514841, 43.646604 ], [ -79.514834, 43.646546 ] ] } },
{ "type": "Feature", "properties": { "route": 2.0, "segment": 17, "leg": 4.0, "leg_segment": 2, "mode": "BUS", "route_short_name": "149", "note": "", "from_library": "Brentwood", "to_library": "Humber Bay", "segment_depart": "12:24:00", "segment_arrive": "12:27:00", "wait_min": 1.2, "duration_min": 3.5, "distance_m": 769.0 }, "geometry": { "type": "LineString", "coordinates": [ [ -79.514841, 43.646606 ], [ -79.514571, 43.64667 ], [ -79.514233, 43.646721 ], [ -79.513752, 43.646833 ], [ -79.513589, 43.646875 ], [ -79.512451, 43.647122 ], [ -79.511559, 43.647319 ], [ -79.511559, 43.647319 ], [ -79.511363, 43.647362 ], [ -79.510247, 43.64761 ], [ -79.510022, 43.647669 ], [ -79.509173, 43.647849 ], [ -79.508909, 43.647934 ], [ -79.508003, 43.648101 ], [ -79.507758, 43.648169 ], [ -79.506596, 43.648425 ], [ -79.505702, 43.648633 ] ] } },
{ "type": "Feature", "properties": { "route": 2.0, "segment": 18, "leg": 4.0, "leg_segment": 3, "mode": "WALK", "route_short_name": "", "note": "", "from_library": "Brentwood", "to_library": "Humber Bay", "segment_depart": "12:27:00", "segment_arrive": "12:29:00", "wait_min": 0.0, "duration_min": 1.3, "distance_m": 73.0 }, "geometry": { "type": "LineString", "coordinates": [ [ -79.505687, 43.648508 ], [ -79.505687, 43.648509 ], [ -79.505572, 43.648536 ], [ -79.505525, 43.648519 ], [ -79.5055, 43.648491 ], [ -79.505488, 43.648463 ], [ -79.505375, 43.648176 ], [ -79.505319, 43.648042 ], [ -79.505303, 43.64802 ] ] } },
{ "type": "Feature", "properties": { "route": 2.0, "segment": 19, "leg": 4.0, "leg_segment": 4, "mode": "BUS", "route_short_name": "66", "note": "", "from_library": "Brentwood", "to_library": "Humber Bay", "segment_depart": "12:31:00", "segment_arrive": "12:39:00", "wait_min": 2.1, "duration_min": 8.0, "distance_m": 2653.0 }, "geometry": { "type": "LineString", "coordinates": [ [ -79.505224, 43.648075 ], [ -79.505124, 43.647809 ], [ -79.504755, 43.646981 ], [ -79.504407, 43.646122 ], [ -79.504407, 43.646122 ], [ -79.50437, 43.646031 ], [ -79.504003, 43.64523 ], [ -79.503668, 43.644415 ], [ -79.503368, 43.643753 ], [ -79.503368, 43.643753 ], [ -79.503315, 43.643637 ], [ -79.503006, 43.642899 ], [ -79.502745, 43.642251 ], [ -79.502676, 43.642084 ], [ -79.502504, 43.641715 ], [ -79.502504, 43.641715 ], [ -79.502449, 43.641598 ], [ -79.50212, 43.640828 ], [ -79.501831, 43.640158 ], [ -79.501649, 43.639695 ], [ -79.501649, 43.639695 ], [ -79.501595, 43.639559 ], [ -79.501252, 43.638821 ], [ -79.501004, 43.638186 ], [ -79.500851, 43.637835 ], [ -79.500761, 43.637609 ], [ -79.500761, 43.637609 ], [ -79.500713, 43.637489 ], [ -79.500446, 43.636908 ], [ -79.500419, 43.636814 ], [ -79.500132, 43.636121 ], [ -79.499821, 43.635427 ], [ -79.499671, 43.635058 ], [ -79.499654, 43.635026 ], [ -79.499654, 43.635026 ], [ -79.499652, 43.635022 ], [ -79.499632, 43.634991 ], [ -79.499616, 43.634964 ], [ -79.499592, 43.634946 ], [ -79.499565, 43.634932 ], [ -79.499533, 43.634914 ], [ -79.499482, 43.634905 ], [ -79.499404, 43.634896 ], [ -79.499349, 43.634896 ], [ -79.499266, 43.634905 ], [ -79.499188, 43.63491 ], [ -79.49888, 43.634964 ], [ -79.497945, 43.635163 ], [ -79.497945, 43.635163 ], [ -79.497846, 43.635184 ], [ -79.497683, 43.635234 ], [ -79.496218, 43.635535 ], [ -79.495801, 43.635642 ], [ -79.495801, 43.635642 ], [ -79.495621, 43.635688 ], [ -79.495419, 43.635702 ], [ -79.494411, 43.635936 ], [ -79.494094, 43.636007 ], [ -79.494094, 43.636007 ], [ -79.493427, 43.636156 ], [ -79.493027, 43.635238 ], [ -79.492872, 43.63489 ], [ -79.492872, 43.63489 ], [ -79.492788, 43.634703 ], [ -79.492449, 43.633906 ], [ -79.492138, 43.633187 ], [ -79.492138, 43.633187 ], [ -79.492072, 43.633033 ], [ -79.491707, 43.632187 ], [ -79.49116, 43.630954 ] ] } },
{ "type": "Feature", "properties": { "route": 2.0, "segment": 20, "leg": 4.0, "leg_segment": 5, "mode": "WALK", "route_short_name": "", "note": "arrive Humber Bay", "from_library": "Brentwood", "to_library": "Humber Bay", "segment_depart": "12:39:00", "segment_arrive": "12:39:00", "wait_min": 0.0, "duration_min": 0.4, "distance_m": 21.0 }, "geometry": { "type": "LineString", "coordinates": [ [ -79.491255, 43.630874 ], [ -79.491273, 43.630859 ], [ -79.491258, 43.630822 ], [ -79.49124, 43.630795 ], [ -79.49121, 43.630754 ], [ -79.491182, 43.630716 ], [ -79.491177, 43.630703 ] ] } },
{ "type": "Feature", "properties": { "route": 2.0, "segment": 21, "leg": 5.0, "leg_segment": 1, "mode": "WALK", "route_short_name": "", "note": "start Humber Bay", "from_library": "Humber Bay", "to_library": "Swansea Memorial", "segment_depart": "13:20:00", "segment_arrive": "13:25:00", "wait_min": 0.0, "duration_min": 5.1, "distance_m": 315.0 }, "geometry": { "type": "LineString", "coordinates": [ [ -79.491177, 43.630703 ], [ -79.491152, 43.630657 ], [ -79.491137, 43.630579 ], [ -79.491123, 43.630518 ], [ -79.490955, 43.630127 ], [ -79.490829, 43.630159 ], [ -79.490771, 43.630032 ], [ -79.490401, 43.629186 ], [ -79.490349, 43.62909 ], [ -79.490296, 43.629017 ], [ -79.490223, 43.628934 ], [ -79.490124, 43.628956 ], [ -79.490108, 43.628962 ], [ -79.490086, 43.628959 ], [ -79.49005, 43.628956 ], [ -79.489971, 43.628948 ], [ -79.489954, 43.628946 ], [ -79.489944, 43.628988 ], [ -79.489912, 43.629016 ], [ -79.489403, 43.629126 ], [ -79.489218, 43.629167 ], [ -79.489215, 43.629138 ] ] } },
{ "type": "Feature", "properties": { "route": 2.0, "segment": 22, "leg": 5.0, "leg_segment": 2, "mode": "BUS", "route_short_name": "80", "note": "", "from_library": "Humber Bay", "to_library": "Swansea Memorial", "segment_depart": "13:30:00", "segment_arrive": "13:36:00", "wait_min": 4.6, "duration_min": 6.6, "distance_m": 2144.0 }, "geometry": { "type": "LineString", "coordinates": [ [ -79.489232, 43.629287 ], [ -79.486725, 43.629831 ], [ -79.48524, 43.630146 ], [ -79.48441, 43.630338 ], [ -79.48441, 43.630338 ], [ -79.484251, 43.630375 ], [ -79.483064, 43.630636 ], [ -79.482262, 43.630805 ], [ -79.482262, 43.630805 ], [ -79.481506, 43.630964 ], [ -79.480484, 43.631158 ], [ -79.480049, 43.63123 ], [ -79.47839, 43.631508 ], [ -79.47819, 43.631531 ], [ -79.477699, 43.631621 ], [ -79.477203, 43.631751 ], [ -79.476868, 43.631923 ], [ -79.476624, 43.632106 ], [ -79.476399, 43.63234 ], [ -79.476215, 43.632579 ], [ -79.475849, 43.633057 ], [ -79.475528, 43.633476 ], [ -79.475437, 43.633555 ], [ -79.475346, 43.633637 ], [ -79.475256, 43.633718 ], [ -79.475166, 43.633803 ], [ -79.475116, 43.633848 ], [ -79.475076, 43.633884 ], [ -79.474988, 43.633969 ], [ -79.474812, 43.634141 ], [ -79.474727, 43.634222 ], [ -79.474641, 43.634307 ], [ -79.474556, 43.634397 ], [ -79.47447, 43.634483 ], [ -79.474386, 43.634568 ], [ -79.474304, 43.634653 ], [ -79.474221, 43.63474 ], [ -79.474114, 43.634847 ], [ -79.474017, 43.634951 ], [ -79.473918, 43.635053 ], [ -79.473819, 43.635157 ], [ -79.473719, 43.63526 ], [ -79.473618, 43.635365 ], [ -79.473513, 43.635468 ], [ -79.473482, 43.635486 ], [ -79.473405, 43.635567 ], [ -79.47335, 43.635616 ], [ -79.473295, 43.635666 ], [ -79.473238, 43.635715 ], [ -79.473181, 43.635764 ], [ -79.473123, 43.635809 ], [ -79.473065, 43.635855 ], [ -79.473006, 43.635904 ], [ -79.472947, 43.63595 ], [ -79.472925, 43.635967 ], [ -79.472925, 43.635967 ], [ -79.472887, 43.635995 ], [ -79.472826, 43.63604 ], [ -79.472764, 43.636085 ], [ -79.472703, 43.636133 ], [ -79.472641, 43.636175 ], [ -79.472577, 43.63622 ], [ -79.472525, 43.636251 ], [ -79.47247, 43.636287 ], [ -79.472416, 43.636319 ], [ -79.472362, 43.636355 ], [ -79.472306, 43.636386 ], [ -79.47225, 43.636417 ], [ -79.472194, 43.636448 ], [ -79.472137, 43.636476 ], [ -79.47208, 43.636507 ], [ -79.472021, 43.636538 ], [ -79.471963, 43.636566 ], [ -79.471905, 43.636597 ], [ -79.471845, 43.636625 ], [ -79.471787, 43.636651 ], [ -79.471726, 43.636679 ], [ -79.471665, 43.63671 ], [ -79.471604, 43.636732 ], [ -79.471543, 43.63676 ], [ -79.471481, 43.636786 ], [ -79.471419, 43.636808 ], [ -79.471357, 43.636836 ], [ -79.471294, 43.636859 ], [ -79.471232, 43.636881 ], [ -79.471168, 43.636903 ], [ -79.471104, 43.636926 ], [ -79.471031, 43.636951 ], [ -79.470974, 43.636971 ], [ -79.470911, 43.636988 ], [ -79.470845, 43.637011 ], [ -79.470779, 43.637029 ], [ -79.470714, 43.637051 ], [ -79.470648, 43.63707 ], [ -79.470581, 43.637083 ], [ -79.470522, 43.637101 ], [ -79.470515, 43.637103 ], [ -79.470438, 43.637115 ], [ -79.470353, 43.637132 ], [ -79.470267, 43.637146 ], [ -79.470182, 43.637159 ], [ -79.470096, 43.637172 ], [ -79.470025, 43.637184 ], [ -79.470025, 43.637184 ], [ -79.470011, 43.637186 ], [ -79.469926, 43.637199 ], [ -79.469903, 43.637203 ], [ -79.46984, 43.637214 ], [ -79.469753, 43.637222 ], [ -79.469667, 43.637231 ], [ -79.469582, 43.637245 ], [ -79.469496, 43.637253 ], [ -79.469408, 43.637259 ], [ -79.469284, 43.637276 ], [ -79.46916, 43.63729 ], [ -79.469037, 43.637307 ], [ -79.468968, 43.637318 ], [ -79.468913, 43.637326 ], [ -79.468789, 43.63734 ], [ -79.468666, 43.637362 ], [ -79.468543, 43.63738 ], [ -79.46842, 43.637398 ], [ -79.468391, 43.637403 ], [ -79.468298, 43.637419 ], [ -79.468175, 43.637438 ], [ -79.468052, 43.637461 ], [ -79.46793, 43.637483 ], [ -79.467809, 43.637501 ], [ -79.467686, 43.637523 ], [ -79.467566, 43.637546 ], [ -79.467444, 43.637573 ], [ -79.46727, 43.637599 ], [ -79.467157, 43.637618 ], [ -79.467055, 43.637636 ], [ -79.466953, 43.637658 ], [ -79.466851, 43.637676 ], [ -79.46675, 43.637698 ], [ -79.466648, 43.637721 ], [ -79.466642, 43.637722 ] ] } },
{ "type": "Feature", "properties": { "route": 2.0, "segment": 23, "leg": 5.0, "leg_segment": 3, "mode": "WALK", "route_short_name": "", "note": "", "from_library": "Humber Bay", "to_library": "Swansea Memorial", "segment_depart": "13:36:00", "segment_arrive": "13:44:00", "wait_min": 0.0, "duration_min": 7.3, "distance_m": 435.0 }, "geometry": { "type": "LineString", "coordinates": [ [ -79.46663, 43.637601 ], [ -79.466575, 43.637619 ], [ -79.467039, 43.637519 ], [ -79.467129, 43.637498 ], [ -79.467258, 43.637474 ], [ -79.467358, 43.637456 ], [ -79.467932, 43.637351 ], [ -79.468646, 43.637239 ], [ -79.468754, 43.637224 ], [ -79.468828, 43.637213 ], [ -79.469431, 43.637127 ], [ -79.46956, 43.637088 ], [ -79.469771, 43.637073 ], [ -79.469835, 43.637137 ], [ -79.469912, 43.637213 ], [ -79.469939, 43.63724 ], [ -79.470002, 43.637302 ], [ -79.470073, 43.637372 ], [ -79.470231, 43.637355 ], [ -79.4703, 43.637413 ], [ -79.470401, 43.637518 ], [ -79.470714, 43.637826 ], [ -79.470913, 43.638024 ], [ -79.47105, 43.63816 ] ] } },
{ "type": "Feature", "properties": { "route": 2.0, "segment": 24, "leg": 5.0, "leg_segment": 4, "mode": "BUS", "route_short_name": "77", "note": "", "from_library": "Humber Bay", "to_library": "Swansea Memorial", "segment_depart": "13:48:00", "segment_arrive": "13:54:00", "wait_min": 4.8, "duration_min": 5.8, "distance_m": 1649.0 }, "geometry": { "type": "LineString", "coordinates": [ [ -79.471102, 43.638225 ], [ -79.471042, 43.638254 ], [ -79.471725, 43.638953 ], [ -79.472119, 43.639329 ], [ -79.472382, 43.639567 ], [ -79.472663, 43.639834 ], [ -79.472663, 43.639834 ], [ -79.47296, 43.640117 ], [ -79.473171, 43.640297 ], [ -79.47337, 43.640418 ], [ -79.473711, 43.640656 ], [ -79.473924, 43.640776 ], [ -79.47406, 43.640878 ], [ -79.474177, 43.640993 ], [ -79.474306, 43.641117 ], [ -79.474462, 43.641316 ], [ -79.474462, 43.641316 ], [ -79.474544, 43.641421 ], [ -79.474568, 43.641447 ], [ -79.474551, 43.641473 ], [ -79.474537, 43.641502 ], [ -79.474531, 43.641541 ], [ -79.474525, 43.641565 ], [ -79.474532, 43.641593 ], [ -79.474552, 43.641628 ], [ -79.474589, 43.641664 ], [ -79.474643, 43.641689 ], [ -79.474694, 43.641706 ], [ -79.474732, 43.641711 ], [ -79.474782, 43.641714 ], [ -79.474828, 43.641708 ], [ -79.474877, 43.641687 ], [ -79.475054, 43.641837 ], [ -79.475947, 43.642419 ], [ -79.475947, 43.642419 ], [ -79.476007, 43.642458 ], [ -79.476252, 43.642637 ], [ -79.477445, 43.643422 ], [ -79.477616, 43.643537 ], [ -79.477723, 43.643614 ], [ -79.477816, 43.643711 ], [ -79.477857, 43.643773 ], [ -79.477902, 43.643859 ], [ -79.478013, 43.644079 ], [ -79.478273, 43.64468 ], [ -79.478273, 43.64468 ], [ -79.478383, 43.644933 ], [ -79.47771, 43.645072 ], [ -79.477146, 43.645188 ], [ -79.476596, 43.645316 ], [ -79.476596, 43.645316 ], [ -79.476028, 43.645449 ], [ -79.47514, 43.645629 ], [ -79.474202, 43.645858 ], [ -79.474317, 43.64615 ], [ -79.474317, 43.64615 ], [ -79.47486, 43.647534 ], [ -79.475305, 43.648566 ] ] } },
{ "type": "Feature", "properties": { "route": 2.0, "segment": 25, "leg": 5.0, "leg_segment": 5, "mode": "WALK", "route_short_name": "", "note": "arrive Swansea Memorial", "from_library": "Humber Bay", "to_library": "Swansea Memorial", "segment_depart": "13:54:00", "segment_arrive": "13:58:00", "wait_min": 0.0, "duration_min": 4.2, "distance_m": 244.0 }, "geometry": { "type": "LineString", "coordinates": [ [ -79.4752, 43.648653 ], [ -79.475203, 43.648651 ], [ -79.475221, 43.648699 ], [ -79.475208, 43.64873 ], [ -79.47529, 43.648711 ], [ -79.475376, 43.648691 ], [ -79.475388, 43.648695 ], [ -79.475417, 43.6487 ], [ -79.475494, 43.648684 ], [ -79.475876, 43.648597 ], [ -79.476102, 43.648545 ], [ -79.476133, 43.648521 ], [ -79.476208, 43.648506 ], [ -79.476294, 43.648488 ], [ -79.476334, 43.648497 ], [ -79.476407, 43.648483 ], [ -79.477022, 43.648344 ], [ -79.477049, 43.648324 ], [ -79.477124, 43.648309 ], [ -79.477215, 43.648292 ], [ -79.477259, 43.648295 ], [ -79.477808, 43.648175 ], [ -79.477977, 43.648138 ] ] } },
{ "type": "Feature", "properties": { "route": 2.0, "segment": 26, "leg": 6.0, "leg_segment": 1, "mode": "WALK", "route_short_name": "", "note": "start Swansea Memorial arrive Runnymede", "from_library": "Swansea Memorial", "to_library": "Runnymede", "segment_depart": "14:19:00", "segment_arrive": "14:32:00", "wait_min": 0.0, "duration_min": 13.5, "distance_m": 813.0 }, "geometry": { "type": "LineString", "coordinates": [ [ -79.477441, 43.647568 ], [ -79.477526, 43.647579 ], [ -79.477662, 43.647572 ], [ -79.477696, 43.647592 ], [ -79.477766, 43.64777 ], [ -79.477813, 43.647799 ], [ -79.477855, 43.647838 ], [ -79.477892, 43.64793 ], [ -79.477917, 43.647991 ], [ -79.477977, 43.648138 ], [ -79.477994, 43.648181 ], [ -79.477234, 43.648345 ], [ -79.477146, 43.648364 ], [ -79.47707, 43.648381 ], [ -79.476315, 43.648547 ], [ -79.47634, 43.648617 ], [ -79.47626, 43.648634 ], [ -79.476188, 43.64865 ], [ -79.476213, 43.648669 ], [ -79.477068, 43.65077 ], [ -79.477081, 43.650803 ], [ -79.477087, 43.650833 ], [ -79.477069, 43.650858 ], [ -79.476467, 43.650996 ], [ -79.47637, 43.651018 ], [ -79.476384, 43.651112 ], [ -79.476398, 43.6512 ], [ -79.476298, 43.651229 ], [ -79.476164, 43.651264 ], [ -79.475298, 43.651455 ], [ -79.475187, 43.651478 ], [ -79.475087, 43.651498 ], [ -79.474168, 43.651695 ], [ -79.474067, 43.651717 ], [ -79.473977, 43.651737 ], [ -79.473966, 43.651739 ], [ -79.473826, 43.651771 ], [ -79.473832, 43.651787 ], [ -79.473834, 43.651793 ], [ -79.473836, 43.6518 ], [ -79.473842, 43.651815 ], [ -79.473836, 43.6518 ] ] } },
{ "type": "Feature", "properties": { "route": 2.0, "segment": 27, "leg": 7.0, "leg_segment": 1, "mode": "WALK", "route_short_name": "", "note": "start Runnymede", "from_library": "Runnymede", "to_library": "High Park", "segment_depart": "14:57:00", "segment_arrive": "15:00:00", "wait_min": 0.0, "duration_min": 2.6, "distance_m": 144.0 }, "geometry": { "type": "LineString", "coordinates": [ [ -79.473842, 43.651815 ], [ -79.473836, 43.6518 ], [ -79.473834, 43.651793 ], [ -79.473832, 43.651787 ], [ -79.473826, 43.651771 ], [ -79.473966, 43.651739 ], [ -79.473977, 43.651737 ], [ -79.474067, 43.651717 ], [ -79.474208, 43.652026 ], [ -79.474263, 43.652014 ], [ -79.474328, 43.65217 ], [ -79.474988, 43.652014 ], [ -79.474992, 43.652049 ] ] } },
{ "type": "Feature", "properties": { "route": 2.0, "segment": 28, "leg": 7.0, "leg_segment": 2, "mode": "SUBWAY", "route_short_name": "2", "note": "", "from_library": "Runnymede", "to_library": "High Park", "segment_depart": "15:02:00", "segment_arrive": "15:06:00", "wait_min": 1.9, "duration_min": 4.8, "distance_m": 2013.0 }, "geometry": { "type": "LineString", "coordinates": [ [ -79.474999, 43.652111 ], [ -79.474795, 43.652156 ], [ -79.474509, 43.652225 ], [ -79.47329, 43.652496 ], [ -79.472209, 43.652744 ], [ -79.4716, 43.652876 ], [ -79.47045, 43.653144 ], [ -79.469133, 43.653436 ], [ -79.467322, 43.653817 ], [ -79.466995, 43.653886 ], [ -79.466995, 43.653886 ], [ -79.466551, 43.65398 ], [ -79.465718, 43.654155 ], [ -79.464124, 43.654517 ], [ -79.46276, 43.654819 ], [ -79.461455, 43.655112 ], [ -79.460467, 43.655323 ], [ -79.459875, 43.655461 ], [ -79.459235, 43.655609 ], [ -79.459074, 43.655638 ], [ -79.458698, 43.655716 ], [ -79.458698, 43.655716 ], [ -79.45747, 43.655972 ], [ -79.457314, 43.656009 ], [ -79.455369, 43.656457 ], [ -79.454227, 43.656714 ], [ -79.453457, 43.656891 ], [ -79.453016, 43.656998 ], [ -79.451275, 43.657456 ], [ -79.451098, 43.657502 ] ] } },
{ "type": "Feature", "properties": { "route": 2.0, "segment": 29, "leg": 7.0, "leg_segment": 3, "mode": "WALK", "route_short_name": "", "note": "", "from_library": "Runnymede", "to_library": "High Park", "segment_depart": "15:06:00", "segment_arrive": "15:10:00", "wait_min": 0.0, "duration_min": 3.6, "distance_m": 215.0 }, "geometry": { "type": "LineString", "coordinates": [ [ -79.451091, 43.657449 ], [ -79.451114, 43.657417 ], [ -79.451107, 43.657403 ], [ -79.451283, 43.65736 ], [ -79.452791, 43.656992 ], [ -79.452809, 43.656988 ], [ -79.452823, 43.656962 ], [ -79.452835, 43.656959 ], [ -79.452852, 43.656959 ], [ -79.452992, 43.656925 ], [ -79.453, 43.656917 ], [ -79.453038, 43.656914 ], [ -79.453071, 43.656911 ], [ -79.453093, 43.656911 ], [ -79.45318, 43.656892 ], [ -79.453177, 43.656883 ], [ -79.453191, 43.656881 ], [ -79.453226, 43.656882 ], [ -79.453264, 43.65689 ], [ -79.45334, 43.656873 ], [ -79.453415, 43.656858 ], [ -79.453549, 43.656833 ] ] } },
{ "type": "Feature", "properties": { "route": 2.0, "segment": 30, "leg": 7.0, "leg_segment": 4, "mode": "TRAM", "route_short_name": "504", "note": "", "from_library": "Runnymede", "to_library": "High Park", "segment_depart": "15:12:00", "segment_arrive": "15:22:00", "wait_min": 1.7, "duration_min": 10.5, "distance_m": 1447.0 }, "geometry": { "type": "LineString", "coordinates": [ [ -79.453581, 43.656711 ], [ -79.453727, 43.656725 ], [ -79.453836, 43.6568 ], [ -79.453921, 43.657031 ], [ -79.453912, 43.657036 ], [ -79.453207, 43.657182 ], [ -79.452713, 43.657286 ], [ -79.452663, 43.657101 ], [ -79.452605, 43.656884 ], [ -79.452453, 43.656321 ], [ -79.452188, 43.655192 ], [ -79.451846, 43.653882 ], [ -79.451778, 43.653557 ], [ -79.45163, 43.653104 ], [ -79.45163, 43.653104 ], [ -79.451443, 43.652533 ], [ -79.451388, 43.652349 ], [ -79.451303, 43.652119 ], [ -79.451211, 43.65188 ], [ -79.451069, 43.651515 ], [ -79.450865, 43.650985 ], [ -79.450865, 43.650985 ], [ -79.450659, 43.65045 ], [ -79.45035, 43.649662 ], [ -79.45007, 43.648947 ], [ -79.450062, 43.648927 ], [ -79.450062, 43.648927 ], [ -79.450027, 43.648832 ], [ -79.449726, 43.648054 ], [ -79.449393, 43.647204 ], [ -79.449059, 43.646337 ], [ -79.448917, 43.645972 ] ] } },
{ "type": "Feature", "properties": { "route": 2.0, "segment": 31, "leg": 7.0, "leg_segment": 5, "mode": "WALK", "route_short_name": "", "note": "arrive High Park", "from_library": "Runnymede", "to_library": "High Park", "segment_depart": "15:22:00", "segment_arrive": "15:24:00", "wait_min": 0.0, "duration_min": 1.6, "distance_m": 92.0 }, "geometry": { "type": "LineString", "coordinates": [ [ -79.448985, 43.645921 ], [ -79.449006, 43.645905 ], [ -79.448955, 43.645773 ], [ -79.448835, 43.645462 ], [ -79.448819, 43.645423 ], [ -79.448805, 43.645384 ], [ -79.448769, 43.645293 ], [ -79.448786, 43.645288 ], [ -79.44878, 43.645129 ] ] } },
{ "type": "Feature", "properties": { "route": 2.0, "segment": 32, "leg": 8.0, "leg_segment": 1, "mode": "WALK", "route_short_name": "", "note": "start High Park", "from_library": "High Park", "to_library": "Parkdale", "segment_depart": "15:49:00", "segment_arrive": "15:50:00", "wait_min": 0.0, "duration_min": 1.7, "distance_m": 96.0 }, "geometry": { "type": "LineString", "coordinates": [ [ -79.44882, 43.645122 ], [ -79.44878, 43.645129 ], [ -79.448786, 43.645288 ], [ -79.448769, 43.645293 ], [ -79.448805, 43.645384 ], [ -79.448819, 43.645423 ], [ -79.448835, 43.645462 ], [ -79.448955, 43.645773 ], [ -79.449006, 43.645905 ], [ -79.448985, 43.645921 ] ] } },
{ "type": "Feature", "properties": { "route": 2.0, "segment": 33, "leg": 8.0, "leg_segment": 2, "mode": "TRAM", "route_short_name": "504", "note": "", "from_library": "High Park", "to_library": "Parkdale", "segment_depart": "15:52:00", "segment_arrive": "15:56:00", "wait_min": 1.6, "duration_min": 4.4, "distance_m": 808.0 }, "geometry": { "type": "LineString", "coordinates": [ [ -79.448917, 43.645972 ], [ -79.448712, 43.645446 ], [ -79.448371, 43.644552 ], [ -79.448041, 43.643707 ], [ -79.447781, 43.643029 ], [ -79.447781, 43.643029 ], [ -79.447704, 43.64283 ], [ -79.447353, 43.641932 ], [ -79.447016, 43.641076 ], [ -79.446874, 43.640706 ], [ -79.446874, 43.640706 ], [ -79.446679, 43.640199 ], [ -79.446413, 43.639515 ], [ -79.446361, 43.639385 ], [ -79.446352, 43.639363 ], [ -79.446286, 43.6392 ], [ -79.44622, 43.639036 ], [ -79.446201, 43.638973 ] ] } },
{ "type": "Feature", "properties": { "route": 2.0, "segment": 34, "leg": 8.0, "leg_segment": 3, "mode": "WALK", "route_short_name": "", "note": "", "from_library": "High Park", "to_library": "Parkdale", "segment_depart": "15:56:00", "segment_arrive": "15:58:00", "wait_min": 0.0, "duration_min": 1.8, "distance_m": 142.0 }, "geometry": { "type": "LineString", "coordinates": [ [ -79.446287, 43.638925 ], [ -79.446273, 43.638957 ], [ -79.446202, 43.638971 ], [ -79.446201, 43.638972 ], [ -79.446174, 43.638977 ], [ -79.44614, 43.638889 ], [ -79.446125, 43.63885 ], [ -79.446125, 43.63885 ], [ -79.446104, 43.638853 ], [ -79.446073, 43.638859 ], [ -79.446008, 43.63887 ], [ -79.445964, 43.638858 ], [ -79.445952, 43.638814 ], [ -79.445945, 43.63879 ], [ -79.445943, 43.638781 ], [ -79.445941, 43.638774 ], [ -79.445938, 43.638762 ], [ -79.445919, 43.638694 ], [ -79.445907, 43.638705 ], [ -79.445884, 43.638711 ], [ -79.445426, 43.638799 ], [ -79.445884, 43.638711 ], [ -79.445907, 43.638705 ], [ -79.445919, 43.638694 ] ] } },
{ "type": "Feature", "properties": { "route": 2.0, "segment": 35, "leg": 8.0, "leg_segment": 4, "mode": "TRAM", "route_short_name": "501", "note": "", "from_library": "High Park", "to_library": "Parkdale", "segment_depart": "16:01:00", "segment_arrive": "16:08:00", "wait_min": 2.9, "duration_min": 7.4, "distance_m": 1086.0 }, "geometry": { "type": "LineString", "coordinates": [ [ -79.445433, 43.638868 ], [ -79.443882, 43.63917 ], [ -79.443882, 43.63917 ], [ -79.443825, 43.639181 ], [ -79.442496, 43.639437 ], [ -79.442221, 43.63949 ], [ -79.441279, 43.639669 ], [ -79.441279, 43.639669 ], [ -79.441181, 43.639688 ], [ -79.440964, 43.639739 ], [ -79.439863, 43.639951 ], [ -79.439114, 43.640103 ], [ -79.437922, 43.640332 ], [ -79.437519, 43.640406 ], [ -79.437519, 43.640406 ], [ -79.437277, 43.640451 ], [ -79.436668, 43.640583 ], [ -79.435973, 43.64072 ], [ -79.435413, 43.640842 ], [ -79.434672, 43.640993 ], [ -79.434672, 43.640993 ], [ -79.434516, 43.641025 ], [ -79.434166, 43.641094 ], [ -79.433152, 43.6413 ], [ -79.43242, 43.641463 ] ] } },
{ "type": "Feature", "properties": { "route": 2.0, "segment": 36, "leg": 8.0, "leg_segment": 5, "mode": "WALK", "route_short_name": "", "note": "arrive Parkdale", "from_library": "High Park", "to_library": "Parkdale", "segment_depart": "16:08:00", "segment_arrive": "16:08:00", "wait_min": 0.0, "duration_min": 0.0, "distance_m": 2.0 }, "geometry": { "type": "LineString", "coordinates": [ [ -79.432411, 43.641387 ], [ -79.432389, 43.641387 ] ] } },
{ "type": "Feature", "properties": { "route": 2.0, "segment": 37, "leg": 9.0, "leg_segment": 1, "mode": "WALK", "route_short_name": "", "note": "start Parkdale", "from_library": "Parkdale", "to_library": "Bloor/Gladstone", "segment_depart": "16:31:00", "segment_arrive": "16:38:00", "wait_min": 0.0, "duration_min": 6.4, "distance_m": 396.0 }, "geometry": { "type": "LineString", "coordinates": [ [ -79.432994, 43.641265 ], [ -79.432389, 43.641387 ], [ -79.432237, 43.64142 ], [ -79.431618, 43.641543 ], [ -79.431545, 43.641557 ], [ -79.431479, 43.641571 ], [ -79.431459, 43.641575 ], [ -79.430159, 43.641833 ], [ -79.430074, 43.641848 ], [ -79.429997, 43.641863 ], [ -79.429929, 43.641876 ], [ -79.429643, 43.641933 ], [ -79.42876, 43.642109 ], [ -79.42872, 43.642116 ], [ -79.428694, 43.642111 ], [ -79.428594, 43.642135 ], [ -79.428588, 43.642136 ], [ -79.428531, 43.642149 ], [ -79.42847, 43.642162 ], [ -79.428463, 43.642114 ], [ -79.428461, 43.642099 ], [ -79.428448, 43.642064 ], [ -79.428435, 43.642046 ], [ -79.428421, 43.642012 ], [ -79.428427, 43.642008 ] ] } },
{ "type": "Feature", "properties": { "route": 2.0, "segment": 38, "leg": 9.0, "leg_segment": 2, "mode": "BUS", "route_short_name": "929", "note": "", "from_library": "Parkdale", "to_library": "Bloor/Gladstone", "segment_depart": "16:39:00", "segment_arrive": "16:51:00", "wait_min": 1.6, "duration_min": 11.3, "distance_m": 2095.0 }, "geometry": { "type": "LineString", "coordinates": [ [ -79.428533, 43.641928 ], [ -79.428644, 43.642208 ], [ -79.428751, 43.642551 ], [ -79.428892, 43.643031 ], [ -79.429203, 43.643819 ], [ -79.42935, 43.6442 ], [ -79.429519, 43.644636 ], [ -79.429677, 43.645041 ], [ -79.429698, 43.645096 ], [ -79.429845, 43.645473 ], [ -79.430037, 43.645965 ], [ -79.43038, 43.646844 ], [ -79.430628, 43.647475 ], [ -79.430718, 43.647711 ], [ -79.431353, 43.649386 ], [ -79.431353, 43.649386 ], [ -79.431453, 43.649651 ], [ -79.431593, 43.650009 ], [ -79.431947, 43.650919 ], [ -79.432056, 43.651196 ], [ -79.432257, 43.651725 ], [ -79.432562, 43.652569 ], [ -79.432656, 43.652818 ], [ -79.432656, 43.652818 ], [ -79.432696, 43.652922 ], [ -79.432747, 43.653054 ], [ -79.432932, 43.653483 ], [ -79.432969, 43.653602 ], [ -79.433067, 43.653865 ], [ -79.433207, 43.654238 ], [ -79.433365, 43.65468 ], [ -79.433508, 43.65505 ], [ -79.433508, 43.65505 ], [ -79.433538, 43.655127 ], [ -79.434213, 43.656865 ], [ -79.434213, 43.656865 ], [ -79.434225, 43.656895 ], [ -79.434277, 43.657029 ], [ -79.434313, 43.657122 ], [ -79.434509, 43.657636 ], [ -79.43478, 43.658346 ], [ -79.435004, 43.658934 ], [ -79.435365, 43.659883 ], [ -79.435458, 43.660101 ] ] } },
{ "type": "Feature", "properties": { "route": 2.0, "segment": 39, "leg": 9.0, "leg_segment": 3, "mode": "WALK", "route_short_name": "", "note": "arrive Bloor/Gladstone", "from_library": "Parkdale", "to_library": "Bloor/Gladstone", "segment_depart": "16:51:00", "segment_arrive": "16:51:00", "wait_min": 0.0, "duration_min": 0.8, "distance_m": 47.0 }, "geometry": { "type": "LineString", "coordinates": [ [ -79.435337, 43.660199 ], [ -79.435326, 43.660208 ], [ -79.43524, 43.66001 ], [ -79.435202, 43.659989 ], [ -79.435173, 43.659902 ], [ -79.435147, 43.659826 ] ] } },
{ "type": "Feature", "properties": { "route": 3.0, "segment": 1, "leg": 1.0, "leg_segment": 1, "mode": "WALK", "route_short_name": "", "note": "start York Woods", "from_library": "York Woods", "to_library": "Jane/Sheppard", "segment_depart": "09:06:00", "segment_arrive": "09:09:00", "wait_min": 0.0, "duration_min": 3.0, "distance_m": 201.0 }, "geometry": { "type": "LineString", "coordinates": [ [ -79.50695, 43.758452 ], [ -79.50691, 43.75852 ], [ -79.506993, 43.758884 ], [ -79.507097, 43.759303 ], [ -79.507115, 43.759368 ], [ -79.507746, 43.759234 ], [ -79.507897, 43.759212 ], [ -79.50792, 43.759267 ], [ -79.507934, 43.759299 ], [ -79.507962, 43.759367 ], [ -79.50811, 43.759341 ], [ -79.508094, 43.759356 ] ] } },
{ "type": "Feature", "properties": { "route": 3.0, "segment": 2, "leg": 1.0, "leg_segment": 2, "mode": "TRAM", "route_short_name": "6", "note": "", "from_library": "York Woods", "to_library": "Jane/Sheppard", "segment_depart": "09:11:00", "segment_arrive": "09:17:00", "wait_min": 1.9, "duration_min": 5.7, "distance_m": 1372.0 }, "geometry": { "type": "LineString", "coordinates": [ [ -79.508081, 43.759248 ], [ -79.508874, 43.759067 ], [ -79.509554, 43.758911 ], [ -79.513445, 43.758059 ], [ -79.513545, 43.758036 ], [ -79.513545, 43.758036 ], [ -79.515363, 43.757612 ], [ -79.515606, 43.757555 ], [ -79.515823, 43.757508 ], [ -79.51601, 43.757469 ], [ -79.516161, 43.757441 ], [ -79.516289, 43.75742 ], [ -79.516445, 43.757386 ], [ -79.51679, 43.757338 ], [ -79.516959, 43.75731 ], [ -79.517731, 43.757234 ], [ -79.518001, 43.757215 ], [ -79.518001, 43.757215 ], [ -79.518078, 43.757209 ], [ -79.518564, 43.757162 ], [ -79.518967, 43.75713 ], [ -79.519332, 43.757048 ], [ -79.51955, 43.757005 ], [ -79.520702, 43.756732 ], [ -79.522508, 43.756348 ], [ -79.524287, 43.755928 ], [ -79.524492, 43.75588 ] ] } },
{ "type": "Feature", "properties": { "route": 3.0, "segment": 3, "leg": 1.0, "leg_segment": 3, "mode": "WALK", "route_short_name": "", "note": "", "from_library": "York Woods", "to_library": "Jane/Sheppard", "segment_depart": "09:17:00", "segment_arrive": "09:18:00", "wait_min": 0.0, "duration_min": 0.5, "distance_m": 141.0 }, "geometry": { "type": "LineString", "coordinates": [ [ -79.524499, 43.755933 ], [ -79.52451, 43.755926 ], [ -79.524516, 43.75594 ], [ -79.524536, 43.755987 ], [ -79.524557, 43.756035 ], [ -79.524544, 43.756071 ], [ -79.524495, 43.756115 ], [ -79.524574, 43.756329 ], [ -79.524603, 43.756379 ], [ -79.524638, 43.756427 ], [ -79.524752, 43.75655 ], [ -79.524844, 43.756623 ], [ -79.524961, 43.756687 ], [ -79.5251, 43.756743 ], [ -79.525221, 43.756779 ], [ -79.525361, 43.756802 ], [ -79.525437, 43.756814 ] ] } },
{ "type": "Feature", "properties": { "route": 3.0, "segment": 4, "leg": 1.0, "leg_segment": 4, "mode": "BUS", "route_short_name": "84", "note": "", "from_library": "York Woods", "to_library": "Jane/Sheppard", "segment_depart": "09:22:00", "segment_arrive": "09:32:00", "wait_min": 4.9, "duration_min": 10.0, "distance_m": 3514.0 }, "geometry": { "type": "LineString", "coordinates": [ [ -79.524424, 43.756239 ], [ -79.524416, 43.756225 ], [ -79.524356, 43.756114 ], [ -79.524343, 43.756086 ], [ -79.524276, 43.755921 ], [ -79.52396, 43.755207 ], [ -79.52396, 43.755207 ], [ -79.523915, 43.755104 ], [ -79.523864, 43.754899 ], [ -79.523852, 43.754816 ], [ -79.523851, 43.754694 ], [ -79.523877, 43.75457 ], [ -79.523938, 43.754462 ], [ -79.524025, 43.754336 ], [ -79.524108, 43.75423 ], [ -79.524199, 43.754131 ], [ -79.52431, 43.754049 ], [ -79.52443, 43.753976 ], [ -79.525911, 43.75326 ], [ -79.525911, 43.75326 ], [ -79.526035, 43.7532 ], [ -79.526177, 43.753124 ], [ -79.526275, 43.753031 ], [ -79.526401, 43.752921 ], [ -79.526513, 43.752758 ], [ -79.526568, 43.752622 ], [ -79.526563, 43.752466 ], [ -79.526558, 43.752431 ], [ -79.526326, 43.751438 ], [ -79.52631, 43.751332 ], [ -79.52632, 43.7512 ], [ -79.526349, 43.751082 ], [ -79.52637, 43.751002 ], [ -79.526814, 43.750095 ], [ -79.526814, 43.750095 ], [ -79.526958, 43.749801 ], [ -79.527007, 43.749687 ], [ -79.527039, 43.749588 ], [ -79.527062, 43.74948 ], [ -79.527054, 43.749368 ], [ -79.527029, 43.749238 ], [ -79.527018, 43.749192 ], [ -79.526436, 43.746842 ], [ -79.526436, 43.746842 ], [ -79.526408, 43.74673 ], [ -79.526259, 43.74603 ], [ -79.525984, 43.744871 ], [ -79.525966, 43.744641 ], [ -79.525968, 43.744551 ], [ -79.525984, 43.744464 ], [ -79.526009, 43.744388 ], [ -79.526058, 43.744309 ], [ -79.526132, 43.744202 ], [ -79.526199, 43.744101 ], [ -79.526265, 43.744012 ], [ -79.526297, 43.743895 ], [ -79.526279, 43.743782 ], [ -79.526273, 43.74374 ], [ -79.526094, 43.742981 ], [ -79.526094, 43.742981 ], [ -79.52568, 43.741233 ], [ -79.525661, 43.741135 ], [ -79.525641, 43.741 ], [ -79.52566, 43.740896 ], [ -79.525694, 43.740803 ], [ -79.525735, 43.740695 ], [ -79.525797, 43.740593 ], [ -79.525852, 43.740497 ], [ -79.525873, 43.740408 ], [ -79.525877, 43.740295 ], [ -79.525859, 43.740225 ], [ -79.525798, 43.739977 ], [ -79.525798, 43.739977 ], [ -79.52534, 43.738121 ], [ -79.525283, 43.737967 ], [ -79.525224, 43.737865 ], [ -79.525202, 43.737834 ], [ -79.525154, 43.737766 ], [ -79.525072, 43.73769 ], [ -79.524968, 43.737632 ], [ -79.524892, 43.737588 ], [ -79.524622, 43.737481 ], [ -79.524622, 43.737481 ], [ -79.524063, 43.73726 ], [ -79.523984, 43.737233 ], [ -79.523937, 43.737205 ], [ -79.523903, 43.737157 ], [ -79.523869, 43.737116 ], [ -79.523788, 43.736958 ], [ -79.522364, 43.737288 ], [ -79.520123, 43.737799 ], [ -79.519566, 43.737926 ], [ -79.519566, 43.737926 ], [ -79.516718, 43.738577 ], [ -79.516718, 43.738577 ], [ -79.516683, 43.738585 ], [ -79.513509, 43.739313 ], [ -79.513509, 43.739313 ], [ -79.51321, 43.739382 ], [ -79.512957, 43.739447 ], [ -79.512804, 43.73947 ], [ -79.512662, 43.739487 ], [ -79.512593, 43.739498 ], [ -79.512593, 43.739498 ], [ -79.512507, 43.739511 ], [ -79.512358, 43.739536 ], [ -79.512221, 43.739536 ], [ -79.512092, 43.739529 ], [ -79.511963, 43.739521 ], [ -79.511858, 43.739516 ], [ -79.511753, 43.739505 ], [ -79.511645, 43.739493 ], [ -79.511535, 43.739481 ], [ -79.511393, 43.739465 ], [ -79.511296, 43.739445 ], [ -79.511157, 43.739451 ], [ -79.511043, 43.739444 ], [ -79.51092, 43.739449 ], [ -79.510774, 43.739466 ], [ -79.510635, 43.739483 ], [ -79.510508, 43.739498 ], [ -79.51037, 43.739518 ], [ -79.510181, 43.739559 ], [ -79.509992, 43.7396 ], [ -79.509798, 43.739639 ] ] } },
{ "type": "Feature", "properties": { "route": 3.0, "segment": 5, "leg": 1.0, "leg_segment": 5, "mode": "WALK", "route_short_name": "", "note": "arrive Jane/Sheppard", "from_library": "York Woods", "to_library": "Jane/Sheppard", "segment_depart": "09:32:00", "segment_arrive": "09:33:00", "wait_min": 0.0, "duration_min": 0.7, "distance_m": 40.0 }, "geometry": { "type": "LineString", "coordinates": [ [ -79.509788, 43.73954 ], [ -79.509738, 43.739542 ], [ -79.509708, 43.739549 ], [ -79.509618, 43.739568 ], [ -79.509655, 43.739668 ], [ -79.509709, 43.739791 ] ] } },
{ "type": "Feature", "properties": { "route": 3.0, "segment": 6, "leg": 2.0, "leg_segment": 1, "mode": "WALK", "route_short_name": "", "note": "start Jane/Sheppard", "from_library": "Jane/Sheppard", "to_library": "Black Creek", "segment_depart": "10:00:00", "segment_arrive": "10:06:00", "wait_min": 0.0, "duration_min": 6.3, "distance_m": 392.0 }, "geometry": { "type": "LineString", "coordinates": [ [ -79.50937, 43.740294 ], [ -79.509527, 43.74022 ], [ -79.509871, 43.740135 ], [ -79.509709, 43.739791 ], [ -79.509758, 43.739778 ], [ -79.50983, 43.739761 ], [ -79.510356, 43.739629 ], [ -79.510408, 43.739617 ], [ -79.510664, 43.739579 ], [ -79.511055, 43.739556 ], [ -79.511318, 43.739566 ], [ -79.511439, 43.739583 ], [ -79.511872, 43.739636 ], [ -79.512109, 43.739648 ], [ -79.512317, 43.739644 ], [ -79.512625, 43.739619 ], [ -79.512974, 43.739553 ], [ -79.513014, 43.739561 ], [ -79.513144, 43.739534 ], [ -79.51333, 43.739497 ], [ -79.513356, 43.739492 ], [ -79.513407, 43.739482 ], [ -79.513403, 43.739514 ] ] } },
{ "type": "Feature", "properties": { "route": 3.0, "segment": 7, "leg": 2.0, "leg_segment": 2, "mode": "BUS", "route_short_name": "35", "note": "", "from_library": "Jane/Sheppard", "to_library": "Black Creek", "segment_depart": "10:08:00", "segment_arrive": "10:14:00", "wait_min": 2.0, "duration_min": 5.5, "distance_m": 1905.0 }, "geometry": { "type": "LineString", "coordinates": [ [ -79.513269, 43.739579 ], [ -79.513221, 43.739389 ], [ -79.513107, 43.738989 ], [ -79.513107, 43.738989 ], [ -79.512449, 43.736688 ], [ -79.512311, 43.73619 ], [ -79.512245, 43.73593 ], [ -79.511969, 43.734762 ], [ -79.511969, 43.734762 ], [ -79.511923, 43.734567 ], [ -79.51154, 43.732892 ], [ -79.511353, 43.732126 ], [ -79.511353, 43.732126 ], [ -79.511278, 43.731816 ], [ -79.511069, 43.730888 ], [ -79.510712, 43.729303 ], [ -79.510637, 43.729002 ], [ -79.510637, 43.729002 ], [ -79.510256, 43.727484 ], [ -79.510256, 43.727484 ], [ -79.509607, 43.724893 ], [ -79.509557, 43.724692 ], [ -79.509557, 43.724692 ], [ -79.509472, 43.724349 ], [ -79.509363, 43.72391 ], [ -79.509248, 43.723446 ], [ -79.509065, 43.722708 ] ] } },
{ "type": "Feature", "properties": { "route": 3.0, "segment": 8, "leg": 2.0, "leg_segment": 3, "mode": "WALK", "route_short_name": "", "note": "arrive Black Creek", "from_library": "Jane/Sheppard", "to_library": "Black Creek", "segment_depart": "10:14:00", "segment_arrive": "10:20:00", "wait_min": 0.0, "duration_min": 6.2, "distance_m": 363.0 }, "geometry": { "type": "LineString", "coordinates": [ [ -79.509187, 43.72265 ], [ -79.509194, 43.722647 ], [ -79.5091, 43.722259 ], [ -79.509026, 43.72194 ], [ -79.508987, 43.72176 ], [ -79.509187, 43.721708 ], [ -79.509286, 43.72166 ], [ -79.509813, 43.721538 ], [ -79.510135, 43.721463 ], [ -79.510148, 43.721493 ], [ -79.510942, 43.721303 ], [ -79.510895, 43.7212 ], [ -79.511012, 43.721174 ], [ -79.511089, 43.721157 ], [ -79.511278, 43.721115 ], [ -79.511291, 43.721139 ], [ -79.511388, 43.721372 ], [ -79.511424, 43.721457 ], [ -79.511461, 43.721541 ] ] } },
{ "type": "Feature", "properties": { "route": 3.0, "segment": 9, "leg": 3.0, "leg_segment": 1, "mode": "WALK", "route_short_name": "", "note": "start Black Creek", "from_library": "Black Creek", "to_library": "Weston", "segment_depart": "10:41", "segment_arrive": "10:48", "wait_min": 0.0, "duration_min": 6.5, "distance_m": 397.0 }, "geometry": { "type": "LineString", "coordinates": [ [ -79.511563, 43.721792 ], [ -79.511461, 43.721541 ], [ -79.511424, 43.721457 ], [ -79.511388, 43.721372 ], [ -79.511291, 43.721139 ], [ -79.511278, 43.721115 ], [ -79.511089, 43.721157 ], [ -79.511012, 43.721174 ], [ -79.510895, 43.7212 ], [ -79.510836, 43.721046 ], [ -79.510788, 43.720922 ], [ -79.510776, 43.72089 ], [ -79.509972, 43.721075 ], [ -79.509895, 43.720923 ], [ -79.509848, 43.72095 ], [ -79.509755, 43.720951 ], [ -79.509509, 43.721003 ], [ -79.509125, 43.721075 ], [ -79.509088, 43.720965 ], [ -79.50906, 43.720881 ], [ -79.508853, 43.72092 ], [ -79.508835, 43.720853 ], [ -79.508805, 43.720765 ], [ -79.508741, 43.720727 ], [ -79.508658, 43.72042 ], [ -79.508641, 43.720429 ] ] } },
{ "type": "Feature", "properties": { "route": 3.0, "segment": 10, "leg": 3.0, "leg_segment": 2, "mode": "BUS", "route_short_name": "935", "note": "", "from_library": "Black Creek", "to_library": "Weston", "segment_depart": "10:56", "segment_arrive": "11:01", "wait_min": 7.7, "duration_min": 5.7, "distance_m": 1963.0 }, "geometry": { "type": "LineString", "coordinates": [ [ -79.508523, 43.720487 ], [ -79.508158, 43.719077 ], [ -79.507972, 43.718402 ], [ -79.507879, 43.717979 ], [ -79.50783, 43.717755 ], [ -79.507791, 43.71758 ], [ -79.507747, 43.717378 ], [ -79.507492, 43.71649 ], [ -79.507331, 43.715869 ], [ -79.507331, 43.715869 ], [ -79.507224, 43.715456 ], [ -79.506965, 43.714496 ], [ -79.506848, 43.714064 ], [ -79.506695, 43.71365 ], [ -79.506434, 43.712705 ], [ -79.506229, 43.711983 ], [ -79.506144, 43.711675 ], [ -79.506117, 43.711574 ], [ -79.506075, 43.71142 ], [ -79.505971, 43.711041 ], [ -79.505788, 43.710201 ], [ -79.505631, 43.709523 ], [ -79.505631, 43.709523 ], [ -79.505566, 43.709245 ], [ -79.505345, 43.708414 ], [ -79.505114, 43.707551 ], [ -79.505057, 43.707366 ], [ -79.504832, 43.706645 ], [ -79.504597, 43.705828 ], [ -79.504405, 43.705159 ], [ -79.504248, 43.704473 ], [ -79.503906, 43.703144 ] ] } },
{ "type": "Feature", "properties": { "route": 3.0, "segment": 11, "leg": 3.0, "leg_segment": 3, "mode": "WALK", "route_short_name": "", "note": "", "from_library": "Black Creek", "to_library": "Weston", "segment_depart": "11:01", "segment_arrive": "11:02", "wait_min": 0.0, "duration_min": 1.0, "distance_m": 76.0 }, "geometry": { "type": "LineString", "coordinates": [ [ -79.503968, 43.703114 ], [ -79.503977, 43.703109 ], [ -79.503974, 43.703097 ], [ -79.503984, 43.703069 ], [ -79.504013, 43.703036 ], [ -79.504026, 43.703013 ], [ -79.503883, 43.703021 ], [ -79.503737, 43.70303 ], [ -79.503635, 43.703036 ], [ -79.503595, 43.703021 ], [ -79.503555, 43.703015 ], [ -79.503445, 43.703031 ], [ -79.503555, 43.703015 ], [ -79.503595, 43.703021 ], [ -79.503635, 43.703036 ] ] } },
{ "type": "Feature", "properties": { "route": 3.0, "segment": 12, "leg": 3.0, "leg_segment": 4, "mode": "BUS", "route_short_name": "52", "note": "", "from_library": "Black Creek", "to_library": "Weston", "segment_depart": "11:04", "segment_arrive": "11:09", "wait_min": 1.9, "duration_min": 5.1, "distance_m": 1370.0 }, "geometry": { "type": "LineString", "coordinates": [ [ -79.503442, 43.702937 ], [ -79.503574, 43.702931 ], [ -79.503676, 43.702909 ], [ -79.503828, 43.702871 ], [ -79.504319, 43.702833 ], [ -79.504442, 43.702824 ], [ -79.504872, 43.702784 ], [ -79.504979, 43.702763 ], [ -79.50603, 43.702512 ], [ -79.507026, 43.702272 ], [ -79.50812, 43.702018 ], [ -79.50812, 43.702018 ], [ -79.50832, 43.701972 ], [ -79.511062, 43.701331 ], [ -79.512114, 43.701085 ], [ -79.512592, 43.700977 ], [ -79.512592, 43.700977 ], [ -79.513791, 43.700708 ], [ -79.515314, 43.700349 ], [ -79.515997, 43.700196 ], [ -79.515997, 43.700196 ], [ -79.516191, 43.700152 ], [ -79.517028, 43.699953 ], [ -79.517028, 43.699953 ], [ -79.519711, 43.699316 ] ] } },
{ "type": "Feature", "properties": { "route": 3.0, "segment": 13, "leg": 3.0, "leg_segment": 5, "mode": "WALK", "route_short_name": "", "note": "arrive Weston", "from_library": "Black Creek", "to_library": "Weston", "segment_depart": "11:09", "segment_arrive": "11:15", "wait_min": 0.0, "duration_min": 5.6, "distance_m": 327.0 }, "geometry": { "type": "LineString", "coordinates": [ [ -79.519719, 43.699382 ], [ -79.519721, 43.699397 ], [ -79.519772, 43.699385 ], [ -79.519796, 43.699385 ], [ -79.519892, 43.699357 ], [ -79.520025, 43.69932 ], [ -79.520014, 43.699339 ], [ -79.52001, 43.699363 ], [ -79.520014, 43.699389 ], [ -79.520024, 43.69941 ], [ -79.52007, 43.699453 ], [ -79.520438, 43.699775 ], [ -79.520529, 43.699854 ], [ -79.520551, 43.699891 ], [ -79.520564, 43.69993 ], [ -79.520557, 43.699961 ], [ -79.520526, 43.699996 ], [ -79.520238, 43.700281 ], [ -79.520432, 43.700402 ], [ -79.520404, 43.700426 ], [ -79.520508, 43.700491 ], [ -79.52054, 43.700464 ], [ -79.5209, 43.70068 ], [ -79.520933, 43.700724 ], [ -79.520931, 43.7008 ], [ -79.520687, 43.701298 ], [ -79.52068, 43.701377 ], [ -79.520669, 43.701474 ] ] } },
{ "type": "Feature", "properties": { "route": 3.0, "segment": 14, "leg": 4.0, "leg_segment": 1, "mode": "WALK", "route_short_name": "", "note": "start Weston", "from_library": "Weston", "to_library": "Mount Dennis", "segment_depart": "11:30:00", "segment_arrive": "11:32:00", "wait_min": 0.0, "duration_min": 2.3, "distance_m": 174.0 }, "geometry": { "type": "LineString", "coordinates": [ [ -79.520173, 43.701921 ], [ -79.520669, 43.701474 ], [ -79.52068, 43.701377 ], [ -79.520687, 43.701298 ], [ -79.520617, 43.701281 ], [ -79.519661, 43.701033 ], [ -79.519637, 43.701024 ], [ -79.51964, 43.701011 ] ] } },
{ "type": "Feature", "properties": { "route": 3.0, "segment": 15, "leg": 4.0, "leg_segment": 2, "mode": "BUS", "route_short_name": "89", "note": "", "from_library": "Weston", "to_library": "Mount Dennis", "segment_depart": "11:33:00", "segment_arrive": "11:44:00", "wait_min": 1.1, "duration_min": 10.7, "distance_m": 2979.0 }, "geometry": { "type": "LineString", "coordinates": [ [ -79.519629, 43.701094 ], [ -79.519394, 43.701033 ], [ -79.51778, 43.700594 ], [ -79.516537, 43.700248 ], [ -79.516537, 43.700248 ], [ -79.516191, 43.700152 ], [ -79.515354, 43.699813 ], [ -79.514569, 43.699525 ], [ -79.514154, 43.699364 ], [ -79.512507, 43.698784 ], [ -79.511445, 43.698388 ], [ -79.511445, 43.698388 ], [ -79.511305, 43.698336 ], [ -79.510903, 43.698196 ], [ -79.510676, 43.698117 ], [ -79.510533, 43.69805 ], [ -79.510322, 43.697947 ], [ -79.510084, 43.697795 ], [ -79.509835, 43.697628 ], [ -79.50955, 43.697377 ], [ -79.509452, 43.697297 ], [ -79.509183, 43.697061 ], [ -79.508877, 43.696808 ], [ -79.508373, 43.696385 ], [ -79.508373, 43.696385 ], [ -79.508189, 43.696231 ], [ -79.507285, 43.695469 ], [ -79.506738, 43.695012 ], [ -79.506738, 43.695012 ], [ -79.506369, 43.694704 ], [ -79.505605, 43.694046 ], [ -79.50523, 43.693734 ], [ -79.504974, 43.6935 ], [ -79.504854, 43.693399 ], [ -79.504854, 43.693399 ], [ -79.504661, 43.693237 ], [ -79.504484, 43.693089 ], [ -79.504058, 43.692762 ], [ -79.50376, 43.692554 ], [ -79.503466, 43.692377 ], [ -79.503302, 43.692303 ], [ -79.503302, 43.692303 ], [ -79.503145, 43.692232 ], [ -79.50289, 43.692099 ], [ -79.502766, 43.692044 ], [ -79.502508, 43.691931 ], [ -79.501861, 43.691677 ], [ -79.50133, 43.691467 ], [ -79.50133, 43.691467 ], [ -79.50114, 43.691391 ], [ -79.500881, 43.691295 ], [ -79.500084, 43.690981 ], [ -79.499082, 43.690547 ], [ -79.498837, 43.69044 ], [ -79.498837, 43.69044 ], [ -79.498682, 43.690372 ], [ -79.497883, 43.690049 ], [ -79.496705, 43.689574 ], [ -79.496533, 43.689504 ], [ -79.496533, 43.689504 ], [ -79.49621, 43.689372 ], [ -79.496011, 43.689284 ], [ -79.495064, 43.688949 ], [ -79.494472, 43.688744 ], [ -79.494472, 43.688744 ], [ -79.494204, 43.688651 ], [ -79.493971, 43.688553 ], [ -79.493132, 43.688298 ], [ -79.492616, 43.688115 ], [ -79.49201, 43.687916 ], [ -79.491878, 43.687874 ], [ -79.491878, 43.687874 ], [ -79.490906, 43.687564 ], [ -79.490681, 43.687466 ], [ -79.490418, 43.687374 ], [ -79.490158, 43.687252 ], [ -79.489854, 43.68712 ], [ -79.489522, 43.686987 ], [ -79.488928, 43.687121 ] ] } },
{ "type": "Feature", "properties": { "route": 3.0, "segment": 16, "leg": 4.0, "leg_segment": 3, "mode": "WALK", "route_short_name": "", "note": "arrive Mount Dennis", "from_library": "Weston", "to_library": "Mount Dennis", "segment_depart": "11:44:00", "segment_arrive": "11:45:00", "wait_min": 0.0, "duration_min": 1.1, "distance_m": 59.0 }, "geometry": { "type": "LineString", "coordinates": [ [ -79.488921, 43.68706 ], [ -79.488922, 43.687067 ], [ -79.489091, 43.687029 ], [ -79.489237, 43.686996 ], [ -79.489168, 43.686957 ], [ -79.489131, 43.686936 ], [ -79.489115, 43.686919 ], [ -79.489114, 43.686885 ], [ -79.489104, 43.686861 ], [ -79.489081, 43.686844 ], [ -79.488985, 43.686796 ] ] } },
{ "type": "Feature", "properties": { "route": 3.0, "segment": 17, "leg": 5.0, "leg_segment": 1, "mode": "WALK", "route_short_name": "", "note": "start Mount Dennis", "from_library": "Mount Dennis", "to_library": "Evelyn Gregory", "segment_depart": "12:18:00", "segment_arrive": "12:21:00", "wait_min": 0.0, "duration_min": 2.8, "distance_m": 242.0 }, "geometry": { "type": "LineString", "coordinates": [ [ -79.487367, 43.686007 ], [ -79.48844, 43.686526 ], [ -79.488985, 43.686796 ], [ -79.489081, 43.686844 ], [ -79.489104, 43.686861 ], [ -79.489114, 43.686885 ], [ -79.489115, 43.686919 ], [ -79.489151, 43.686914 ], [ -79.489353, 43.686869 ], [ -79.48948, 43.686837 ], [ -79.489125, 43.686663 ], [ -79.489128, 43.686654 ] ] } },
{ "type": "Feature", "properties": { "route": 3.0, "segment": 18, "leg": 5.0, "leg_segment": 2, "mode": "BUS", "route_short_name": "89", "note": "", "from_library": "Mount Dennis", "to_library": "Evelyn Gregory", "segment_depart": "12:23:00", "segment_arrive": "12:26:00", "wait_min": 1.9, "duration_min": 3.3, "distance_m": 799.0 }, "geometry": { "type": "LineString", "coordinates": [ [ -79.489097, 43.686768 ], [ -79.487509, 43.68595 ], [ -79.487509, 43.68595 ], [ -79.487311, 43.685848 ], [ -79.486869, 43.685669 ], [ -79.485937, 43.685211 ], [ -79.485937, 43.685211 ], [ -79.485661, 43.685075 ], [ -79.485437, 43.684961 ], [ -79.483989, 43.684222 ], [ -79.483323, 43.683936 ], [ -79.483323, 43.683936 ], [ -79.48329, 43.683922 ], [ -79.483148, 43.683863 ], [ -79.482448, 43.683727 ], [ -79.481319, 43.683511 ], [ -79.480472, 43.683379 ] ] } },
{ "type": "Feature", "properties": { "route": 3.0, "segment": 19, "leg": 5.0, "leg_segment": 3, "mode": "WALK", "route_short_name": "", "note": "", "from_library": "Mount Dennis", "to_library": "Evelyn Gregory", "segment_depart": "12:26:00", "segment_arrive": "12:27:00", "wait_min": 0.0, "duration_min": 0.8, "distance_m": 65.0 }, "geometry": { "type": "LineString", "coordinates": [ [ -79.480482, 43.683252 ], [ -79.480482, 43.683252 ], [ -79.480407, 43.683237 ], [ -79.480415, 43.683307 ], [ -79.480426, 43.6834 ], [ -79.480432, 43.683442 ], [ -79.480433, 43.683464 ], [ -79.480487, 43.683476 ], [ -79.480504, 43.683483 ], [ -79.480483, 43.683505 ], [ -79.480466, 43.683522 ], [ -79.480465, 43.683524 ], [ -79.480455, 43.683564 ], [ -79.48048, 43.683715 ] ] } },
{ "type": "Feature", "properties": { "route": 3.0, "segment": 20, "leg": 5.0, "leg_segment": 4, "mode": "BUS", "route_short_name": "168", "note": "", "from_library": "Mount Dennis", "to_library": "Evelyn Gregory", "segment_depart": "12:28:00", "segment_arrive": "12:31:00", "wait_min": 1.2, "duration_min": 2.6, "distance_m": 928.0 }, "geometry": { "type": "LineString", "coordinates": [ [ -79.48039, 43.683601 ], [ -79.480328, 43.683472 ], [ -79.480306, 43.683358 ], [ -79.479992, 43.683316 ], [ -79.479971, 43.683313 ], [ -79.479821, 43.683263 ], [ -79.479602, 43.683188 ], [ -79.479407, 43.683131 ], [ -79.479092, 43.683056 ], [ -79.478924, 43.682997 ], [ -79.478777, 43.682929 ], [ -79.478669, 43.682885 ], [ -79.478241, 43.682685 ], [ -79.478036, 43.682561 ], [ -79.477817, 43.682418 ], [ -79.477591, 43.682269 ], [ -79.477374, 43.682114 ], [ -79.47711, 43.681917 ], [ -79.476751, 43.681609 ], [ -79.476729, 43.681587 ], [ -79.476402, 43.681263 ], [ -79.476571, 43.6812 ], [ -79.476638, 43.681183 ], [ -79.476705, 43.681174 ], [ -79.476774, 43.681177 ], [ -79.476819, 43.681188 ], [ -79.476853, 43.681204 ], [ -79.476878, 43.681222 ], [ -79.476896, 43.68125 ], [ -79.476907, 43.681276 ], [ -79.476909, 43.681306 ], [ -79.476896, 43.681342 ], [ -79.476875, 43.681387 ], [ -79.47687, 43.681395 ], [ -79.47687, 43.681395 ], [ -79.476852, 43.681425 ], [ -79.476825, 43.681461 ], [ -79.476811, 43.6815 ], [ -79.476729, 43.681587 ], [ -79.476751, 43.681609 ], [ -79.476528, 43.681658 ], [ -79.476184, 43.681711 ], [ -79.476063, 43.681723 ], [ -79.474872, 43.681834 ], [ -79.474376, 43.681886 ], [ -79.474376, 43.681886 ], [ -79.474083, 43.681916 ], [ -79.473752, 43.681942 ], [ -79.471709, 43.682118 ] ] } },
{ "type": "Feature", "properties": { "route": 3.0, "segment": 21, "leg": 5.0, "leg_segment": 5, "mode": "WALK", "route_short_name": "", "note": "arrive Evelyn Gregory", "from_library": "Mount Dennis", "to_library": "Evelyn Gregory", "segment_depart": "12:31:00", "segment_arrive": "12:40:00", "wait_min": 0.0, "duration_min": 9.1, "distance_m": 537.0 }, "geometry": { "type": "LineString", "coordinates": [ [ -79.471705, 43.682039 ], [ -79.471673, 43.682046 ], [ -79.471705, 43.682114 ], [ -79.471752, 43.682212 ], [ -79.471746, 43.682233 ], [ -79.471745, 43.682256 ], [ -79.471749, 43.682269 ], [ -79.471762, 43.682301 ], [ -79.471965, 43.68276 ], [ -79.471992, 43.682817 ], [ -79.472019, 43.682835 ], [ -79.472047, 43.68291 ], [ -79.471935, 43.682938 ], [ -79.472061, 43.683232 ], [ -79.472273, 43.68374 ], [ -79.472359, 43.683927 ], [ -79.472402, 43.684026 ], [ -79.472482, 43.684202 ], [ -79.472766, 43.684873 ], [ -79.472652, 43.684899 ], [ -79.472623, 43.684923 ], [ -79.472238, 43.685011 ], [ -79.472253, 43.685053 ], [ -79.472269, 43.68509 ], [ -79.472619, 43.685914 ], [ -79.472638, 43.685957 ], [ -79.472656, 43.685999 ], [ -79.472317, 43.686076 ], [ -79.472319, 43.686154 ] ] } },
{ "type": "Feature", "properties": { "route": 3.0, "segment": 22, "leg": 6.0, "leg_segment": 1, "mode": "WALK", "route_short_name": "", "note": "start Evelyn Gregory", "from_library": "Evelyn Gregory", "to_library": "St. Clair/Silverthorn", "segment_depart": "13:05:00", "segment_arrive": "13:14:00", "wait_min": 0.0, "duration_min": 9.4, "distance_m": 546.0 }, "geometry": { "type": "LineString", "coordinates": [ [ -79.472321, 43.686242 ], [ -79.472319, 43.686154 ], [ -79.472317, 43.686076 ], [ -79.472656, 43.685999 ], [ -79.472638, 43.685957 ], [ -79.472619, 43.685914 ], [ -79.472269, 43.68509 ], [ -79.472253, 43.685053 ], [ -79.472238, 43.685011 ], [ -79.472623, 43.684923 ], [ -79.472652, 43.684899 ], [ -79.472766, 43.684873 ], [ -79.472482, 43.684202 ], [ -79.472402, 43.684026 ], [ -79.472359, 43.683927 ], [ -79.472273, 43.68374 ], [ -79.472061, 43.683232 ], [ -79.471935, 43.682938 ], [ -79.472047, 43.68291 ], [ -79.472019, 43.682835 ], [ -79.471992, 43.682817 ], [ -79.471965, 43.68276 ], [ -79.471762, 43.682301 ], [ -79.471749, 43.682269 ], [ -79.471745, 43.682256 ], [ -79.471746, 43.682233 ], [ -79.471752, 43.682212 ], [ -79.471705, 43.682114 ], [ -79.471673, 43.682046 ], [ -79.471705, 43.682039 ] ] } },
{ "type": "Feature", "properties": { "route": 3.0, "segment": 23, "leg": 6.0, "leg_segment": 2, "mode": "BUS", "route_short_name": "168", "note": "", "from_library": "Evelyn Gregory", "to_library": "St. Clair/Silverthorn", "segment_depart": "13:16:00", "segment_arrive": "13:23:00", "wait_min": 1.6, "duration_min": 7.0, "distance_m": 1338.0 }, "geometry": { "type": "LineString", "coordinates": [ [ -79.471709, 43.682118 ], [ -79.471587, 43.682129 ], [ -79.470293, 43.682217 ], [ -79.469231, 43.682309 ], [ -79.469231, 43.682309 ], [ -79.469135, 43.682317 ], [ -79.468971, 43.682294 ], [ -79.468875, 43.682275 ], [ -79.468732, 43.682231 ], [ -79.46785, 43.681952 ], [ -79.467664, 43.681888 ], [ -79.467659, 43.681836 ], [ -79.467641, 43.681787 ], [ -79.467593, 43.681705 ], [ -79.467457, 43.681573 ], [ -79.467457, 43.681573 ], [ -79.466598, 43.680746 ], [ -79.466598, 43.680746 ], [ -79.466442, 43.680595 ], [ -79.465999, 43.680194 ], [ -79.46579, 43.679953 ], [ -79.465674, 43.679842 ], [ -79.465596, 43.679766 ], [ -79.465448, 43.679573 ], [ -79.465173, 43.679073 ], [ -79.464881, 43.67852 ], [ -79.464881, 43.67852 ], [ -79.464811, 43.678387 ], [ -79.464165, 43.6773 ], [ -79.464049, 43.677073 ], [ -79.463969, 43.676876 ], [ -79.463921, 43.676729 ], [ -79.463921, 43.676729 ], [ -79.463917, 43.676716 ], [ -79.463879, 43.676567 ], [ -79.46364, 43.675684 ], [ -79.463218, 43.674195 ], [ -79.463163, 43.674004 ], [ -79.463072, 43.673654 ] ] } },
{ "type": "Feature", "properties": { "route": 3.0, "segment": 24, "leg": 6.0, "leg_segment": 3, "mode": "WALK", "route_short_name": "", "note": "arrive St. Clair/Silverthorn", "from_library": "Evelyn Gregory", "to_library": "St. Clair/Silverthorn", "segment_depart": "13:23:00", "segment_arrive": "13:25:00", "wait_min": 0.0, "duration_min": 2.5, "distance_m": 148.0 }, "geometry": { "type": "LineString", "coordinates": [ [ -79.463123, 43.673628 ], [ -79.463145, 43.673643 ], [ -79.46305, 43.673662 ], [ -79.462927, 43.673686 ], [ -79.462209, 43.673844 ], [ -79.461646, 43.673965 ], [ -79.461565, 43.673982 ], [ -79.461499, 43.673997 ], [ -79.461406, 43.674018 ] ] } },
{ "type": "Feature", "properties": { "route": 3.0, "segment": 25, "leg": 7.0, "leg_segment": 1, "mode": "WALK", "route_short_name": "", "note": "start St. Clair/Silverthorn", "from_library": "St. Clair/Silverthorn", "to_library": "Dufferin/St. Clair", "segment_depart": "13:51:00", "segment_arrive": "13:52:00", "wait_min": 0.0, "duration_min": 1.3, "distance_m": 134.0 }, "geometry": { "type": "LineString", "coordinates": [ [ -79.461406, 43.674018 ], [ -79.46016, 43.674296 ], [ -79.460143, 43.674254 ], [ -79.460129, 43.67422 ], [ -79.46012, 43.674199 ], [ -79.460109, 43.674171 ], [ -79.460101, 43.674151 ], [ -79.46009, 43.674122 ], [ -79.460065, 43.67406 ], [ -79.460091, 43.674054 ] ] } },
{ "type": "Feature", "properties": { "route": 3.0, "segment": 26, "leg": 7.0, "leg_segment": 2, "mode": "TRAM", "route_short_name": "512", "note": "", "from_library": "St. Clair/Silverthorn", "to_library": "Dufferin/St. Clair", "segment_depart": "13:54:00", "segment_arrive": "14:00:00", "wait_min": 2.0, "duration_min": 5.5, "distance_m": 834.0 }, "geometry": { "type": "LineString", "coordinates": [ [ -79.460105, 43.674176 ], [ -79.460017, 43.674195 ], [ -79.458969, 43.674432 ], [ -79.458719, 43.674488 ], [ -79.457734, 43.674703 ], [ -79.457734, 43.674703 ], [ -79.457647, 43.674722 ], [ -79.457125, 43.674844 ], [ -79.456623, 43.674955 ], [ -79.456305, 43.675025 ], [ -79.456088, 43.675072 ], [ -79.456001, 43.675091 ], [ -79.455966, 43.675099 ], [ -79.455325, 43.675236 ], [ -79.4549, 43.675326 ], [ -79.4549, 43.675326 ], [ -79.454774, 43.675353 ], [ -79.453504, 43.675649 ], [ -79.451244, 43.676159 ], [ -79.451144, 43.676181 ], [ -79.450601, 43.676304 ], [ -79.450462, 43.676007 ] ] } },
{ "type": "Feature", "properties": { "route": 3.0, "segment": 27, "leg": 7.0, "leg_segment": 3, "mode": "WALK", "route_short_name": "", "note": "", "from_library": "St. Clair/Silverthorn", "to_library": "Dufferin/St. Clair", "segment_depart": "14:00:00", "segment_arrive": "14:01:00", "wait_min": 0.0, "duration_min": 1.3, "distance_m": 103.0 }, "geometry": { "type": "LineString", "coordinates": [ [ -79.45052, 43.675956 ], [ -79.45053, 43.675948 ], [ -79.4506, 43.676118 ], [ -79.450631, 43.676141 ], [ -79.450893, 43.676089 ], [ -79.451088, 43.67605 ], [ -79.451067, 43.675965 ], [ -79.45106, 43.675931 ], [ -79.451008, 43.675804 ], [ -79.45098, 43.675755 ], [ -79.450922, 43.67572 ] ] } },
{ "type": "Feature", "properties": { "route": 3.0, "segment": 28, "leg": 7.0, "leg_segment": 4, "mode": "TRAM", "route_short_name": "512", "note": "", "from_library": "St. Clair/Silverthorn", "to_library": "Dufferin/St. Clair", "segment_depart": "14:06:00", "segment_arrive": "14:12:00", "wait_min": 4.6, "duration_min": 6.2, "distance_m": 753.0 }, "geometry": { "type": "LineString", "coordinates": [ [ -79.451069, 43.675956 ], [ -79.451144, 43.676181 ], [ -79.450601, 43.676304 ], [ -79.450029, 43.676424 ], [ -79.450029, 43.676424 ], [ -79.449827, 43.676467 ], [ -79.449426, 43.676556 ], [ -79.448635, 43.676733 ], [ -79.448153, 43.67684 ], [ -79.44743, 43.677007 ], [ -79.446857, 43.67713 ], [ -79.446857, 43.67713 ], [ -79.446222, 43.677266 ], [ -79.445663, 43.677371 ], [ -79.445069, 43.677503 ], [ -79.443081, 43.677961 ], [ -79.442483, 43.678081 ] ] } },
{ "type": "Feature", "properties": { "route": 3.0, "segment": 29, "leg": 7.0, "leg_segment": 5, "mode": "WALK", "route_short_name": "", "note": "arrive Dufferin/St. Clair", "from_library": "St. Clair/Silverthorn", "to_library": "Dufferin/St. Clair", "segment_depart": "14:12:00", "segment_arrive": "14:14:00", "wait_min": 0.0, "duration_min": 2.5, "distance_m": 148.0 }, "geometry": { "type": "LineString", "coordinates": [ [ -79.442476, 43.678011 ], [ -79.442474, 43.677995 ], [ -79.442907, 43.677903 ], [ -79.442892, 43.677863 ], [ -79.442933, 43.677838 ], [ -79.442933, 43.677822 ], [ -79.442913, 43.677764 ], [ -79.442902, 43.677731 ], [ -79.442902, 43.677717 ], [ -79.442886, 43.677678 ], [ -79.442862, 43.677647 ], [ -79.44283, 43.677572 ], [ -79.442564, 43.676967 ] ] } },
{ "type": "Feature", "properties": { "route": 3.0, "segment": 30, "leg": 8.0, "leg_segment": 1, "mode": "WALK", "route_short_name": "", "note": "start Dufferin/St. Clair", "from_library": "Dufferin/St. Clair", "to_library": "Davenport", "segment_depart": "14:50:00", "segment_arrive": "14:59:00", "wait_min": 0.0, "duration_min": 8.6, "distance_m": 497.0 }, "geometry": { "type": "LineString", "coordinates": [ [ -79.442526, 43.676972 ], [ -79.442564, 43.676967 ], [ -79.442486, 43.676788 ], [ -79.442336, 43.676435 ], [ -79.442437, 43.676409 ], [ -79.442404, 43.676332 ], [ -79.442371, 43.676251 ], [ -79.442082, 43.675584 ], [ -79.442056, 43.675528 ], [ -79.44203, 43.67547 ], [ -79.441722, 43.674731 ], [ -79.44157, 43.674372 ], [ -79.441411, 43.673999 ], [ -79.441093, 43.673261 ], [ -79.441008, 43.673066 ], [ -79.440972, 43.672983 ], [ -79.440935, 43.6729 ], [ -79.441036, 43.672877 ], [ -79.441076, 43.672875 ], [ -79.441115, 43.672867 ], [ -79.441114, 43.672861 ] ] } },
{ "type": "Feature", "properties": { "route": 3.0, "segment": 31, "leg": 8.0, "leg_segment": 2, "mode": "BUS", "route_short_name": "127", "note": "", "from_library": "Dufferin/St. Clair", "to_library": "Davenport", "segment_depart": "15:00:00", "segment_arrive": "15:04:00", "wait_min": 1.2, "duration_min": 4.2, "distance_m": 1042.0 }, "geometry": { "type": "LineString", "coordinates": [ [ -79.441125, 43.672951 ], [ -79.440985, 43.672983 ], [ -79.439796, 43.673248 ], [ -79.439514, 43.673315 ], [ -79.438448, 43.673665 ], [ -79.438448, 43.673665 ], [ -79.438384, 43.673686 ], [ -79.438336, 43.673701 ], [ -79.43808, 43.673781 ], [ -79.437641, 43.673898 ], [ -79.43746, 43.673934 ], [ -79.437316, 43.673957 ], [ -79.43713, 43.673967 ], [ -79.435917, 43.674135 ], [ -79.435043, 43.674236 ], [ -79.435043, 43.674236 ], [ -79.434639, 43.674283 ], [ -79.433771, 43.6744 ], [ -79.433429, 43.674449 ], [ -79.432609, 43.674564 ], [ -79.432161, 43.674596 ], [ -79.43148, 43.674674 ], [ -79.430972, 43.674715 ], [ -79.430421, 43.674724 ], [ -79.430421, 43.674724 ], [ -79.430215, 43.674728 ], [ -79.428681, 43.674746 ], [ -79.428502, 43.674735 ] ] } },
{ "type": "Feature", "properties": { "route": 3.0, "segment": 32, "leg": 8.0, "leg_segment": 3, "mode": "WALK", "route_short_name": "", "note": "arrive Davenport", "from_library": "Dufferin/St. Clair", "to_library": "Davenport", "segment_depart": "15:04:00", "segment_arrive": "15:04:00", "wait_min": 0.0, "duration_min": 0.2, "distance_m": 13.0 }, "geometry": { "type": "LineString", "coordinates": [ [ -79.428504, 43.674677 ], [ -79.428504, 43.674675 ], [ -79.428401, 43.674675 ], [ -79.42835, 43.674667 ] ] } },
{ "type": "Feature", "properties": { "route": 3.0, "segment": 33, "leg": 9.0, "leg_segment": 1, "mode": "WALK", "route_short_name": "", "note": "start Davenport", "from_library": "Davenport", "to_library": "Wychwood", "segment_depart": "15:28:00", "segment_arrive": "15:29:00", "wait_min": 0.0, "duration_min": 0.4, "distance_m": 41.0 }, "geometry": { "type": "LineString", "coordinates": [ [ -79.42824, 43.674426 ], [ -79.428331, 43.674636 ], [ -79.42835, 43.674667 ], [ -79.428401, 43.674675 ], [ -79.428504, 43.674675 ], [ -79.428504, 43.674677 ] ] } },
{ "type": "Feature", "properties": { "route": 3.0, "segment": 34, "leg": 9.0, "leg_segment": 2, "mode": "BUS", "route_short_name": "127", "note": "", "from_library": "Davenport", "to_library": "Wychwood", "segment_depart": "15:30:00", "segment_arrive": "15:34:00", "wait_min": 1.5, "duration_min": 4.2, "distance_m": 1042.0 }, "geometry": { "type": "LineString", "coordinates": [ [ -79.428502, 43.674735 ], [ -79.428317, 43.674723 ], [ -79.427629, 43.674763 ], [ -79.427151, 43.674787 ], [ -79.42672, 43.674851 ], [ -79.426251, 43.674924 ], [ -79.425353, 43.675074 ], [ -79.42511, 43.675102 ], [ -79.424063, 43.675317 ], [ -79.423212, 43.675523 ], [ -79.423212, 43.675523 ], [ -79.423082, 43.675554 ], [ -79.420038, 43.676418 ], [ -79.41998, 43.676433 ], [ -79.41998, 43.676433 ], [ -79.419614, 43.676531 ], [ -79.419179, 43.676614 ], [ -79.418973, 43.676648 ], [ -79.41894, 43.676653 ], [ -79.418714, 43.676674 ], [ -79.41831, 43.67671 ], [ -79.41782, 43.676747 ], [ -79.417466, 43.676766 ], [ -79.417061, 43.676748 ], [ -79.41665, 43.676721 ], [ -79.416116, 43.67672 ], [ -79.415963, 43.676721 ] ] } },
{ "type": "Feature", "properties": { "route": 3.0, "segment": 35, "leg": 9.0, "leg_segment": 3, "mode": "WALK", "route_short_name": "", "note": "", "from_library": "Davenport", "to_library": "Wychwood", "segment_depart": "15:34:00", "segment_arrive": "15:35:00", "wait_min": 0.0, "duration_min": 0.8, "distance_m": 53.0 }, "geometry": { "type": "LineString", "coordinates": [ [ -79.415963, 43.676626 ], [ -79.415963, 43.676621 ], [ -79.415932, 43.67662 ], [ -79.415847, 43.676596 ], [ -79.415736, 43.676602 ], [ -79.415719, 43.676603 ], [ -79.415699, 43.676604 ], [ -79.415582, 43.676611 ], [ -79.415586, 43.676536 ], [ -79.415579, 43.676517 ], [ -79.415586, 43.676536 ], [ -79.415582, 43.676611 ] ] } },
{ "type": "Feature", "properties": { "route": 3.0, "segment": 36, "leg": 9.0, "leg_segment": 4, "mode": "BUS", "route_short_name": "7", "note": "", "from_library": "Davenport", "to_library": "Wychwood", "segment_depart": "15:39:00", "segment_arrive": "15:43:00", "wait_min": 4.1, "duration_min": 4.0, "distance_m": 724.0 }, "geometry": { "type": "LineString", "coordinates": [ [ -79.415668, 43.67645 ], [ -79.415775, 43.676723 ], [ -79.416426, 43.678325 ], [ -79.416566, 43.678771 ], [ -79.416746, 43.679241 ], [ -79.416914, 43.679672 ], [ -79.416914, 43.679672 ], [ -79.41697, 43.679817 ], [ -79.417078, 43.680097 ], [ -79.417468, 43.681044 ], [ -79.417655, 43.681562 ], [ -79.417686, 43.681624 ], [ -79.4178, 43.681918 ], [ -79.418109, 43.682703 ], [ -79.418116, 43.68272 ] ] } },
{ "type": "Feature", "properties": { "route": 3.0, "segment": 37, "leg": 9.0, "leg_segment": 5, "mode": "WALK", "route_short_name": "", "note": "arrive Wychwood", "from_library": "Davenport", "to_library": "Wychwood", "segment_depart": "15:43:00", "segment_arrive": "15:45:00", "wait_min": 0.0, "duration_min": 1.7, "distance_m": 101.0 }, "geometry": { "type": "LineString", "coordinates": [ [ -79.41807, 43.682754 ], [ -79.418031, 43.682778 ], [ -79.417914, 43.68241 ], [ -79.417779, 43.682054 ], [ -79.417607, 43.682085 ] ] } },
{ "type": "Feature", "properties": { "route": 4.0, "segment": 1, "leg": 1.0, "leg_segment": 1, "mode": "WALK", "route_short_name": "", "note": "start Downsview", "from_library": "Downsview", "to_library": "Amesbury Park", "segment_depart": "09:04:00", "segment_arrive": "09:06:00", "wait_min": 0.0, "duration_min": 1.3, "distance_m": 56.0 }, "geometry": { "type": "LineString", "coordinates": [ [ -79.482264, 43.728783 ], [ -79.482372, 43.728763 ], [ -79.482373, 43.728658 ], [ -79.482425, 43.72864 ], [ -79.482543, 43.728625 ], [ -79.482608, 43.728617 ], [ -79.48265, 43.728612 ], [ -79.48267, 43.728697 ], [ -79.482637, 43.728712 ] ] } },
{ "type": "Feature", "properties": { "route": 4.0, "segment": 2, "leg": 1.0, "leg_segment": 2, "mode": "BUS", "route_short_name": "41", "note": "", "from_library": "Downsview", "to_library": "Amesbury Park", "segment_depart": "09:08:00", "segment_arrive": "09:17:00", "wait_min": 1.8, "duration_min": 9.8, "distance_m": 2237.0 }, "geometry": { "type": "LineString", "coordinates": [ [ -79.48257, 43.728743 ], [ -79.482527, 43.728562 ], [ -79.482175, 43.727267 ], [ -79.482069, 43.726642 ], [ -79.481941, 43.726133 ], [ -79.481941, 43.726133 ], [ -79.481708, 43.725207 ], [ -79.481697, 43.725135 ], [ -79.481694, 43.725111 ], [ -79.481614, 43.724599 ], [ -79.481614, 43.724599 ], [ -79.48159, 43.724443 ], [ -79.481591, 43.724409 ], [ -79.481586, 43.724331 ], [ -79.481581, 43.724253 ], [ -79.481575, 43.724175 ], [ -79.481568, 43.724097 ], [ -79.481559, 43.724019 ], [ -79.481551, 43.723941 ], [ -79.481541, 43.723863 ], [ -79.48153, 43.723785 ], [ -79.481518, 43.723708 ], [ -79.481506, 43.72363 ], [ -79.481493, 43.723552 ], [ -79.481478, 43.723475 ], [ -79.481463, 43.723398 ], [ -79.481447, 43.72332 ], [ -79.48143, 43.723243 ], [ -79.481374, 43.722995 ], [ -79.481353, 43.722904 ], [ -79.481313, 43.72273 ], [ -79.481273, 43.722554 ], [ -79.481228, 43.722356 ], [ -79.481209, 43.722271 ], [ -79.481175, 43.722123 ], [ -79.481155, 43.722091 ], [ -79.481138, 43.722059 ], [ -79.481121, 43.722027 ], [ -79.481105, 43.721994 ], [ -79.48109, 43.721961 ], [ -79.481076, 43.721929 ], [ -79.481062, 43.721896 ], [ -79.48105, 43.721862 ], [ -79.481038, 43.721829 ], [ -79.481026, 43.721796 ], [ -79.481016, 43.721762 ], [ -79.481006, 43.721728 ], [ -79.480998, 43.721694 ], [ -79.48099, 43.72166 ], [ -79.480982, 43.721626 ], [ -79.480976, 43.721592 ], [ -79.480973, 43.721575 ], [ -79.480966, 43.721524 ], [ -79.480962, 43.721489 ], [ -79.480957, 43.721455 ], [ -79.480959, 43.721421 ], [ -79.480955, 43.721386 ], [ -79.480954, 43.721352 ], [ -79.480903, 43.721143 ], [ -79.480724, 43.720515 ], [ -79.480677, 43.720307 ], [ -79.480677, 43.720307 ], [ -79.480155, 43.718006 ], [ -79.480155, 43.718006 ], [ -79.480124, 43.717869 ], [ -79.479485, 43.714921 ], [ -79.479485, 43.714921 ], [ -79.47947, 43.714854 ], [ -79.479465, 43.71472 ], [ -79.47927, 43.713988 ], [ -79.478856, 43.712224 ], [ -79.478822, 43.712063 ], [ -79.478642, 43.711203 ], [ -79.478642, 43.711203 ], [ -79.478638, 43.711184 ], [ -79.47828, 43.709621 ], [ -79.478113, 43.708886 ] ] } },
{ "type": "Feature", "properties": { "route": 4.0, "segment": 3, "leg": 1.0, "leg_segment": 3, "mode": "WALK", "route_short_name": "", "note": "", "from_library": "Downsview", "to_library": "Amesbury Park", "segment_depart": "09:17:00", "segment_arrive": "09:19:00", "wait_min": 0.0, "duration_min": 1.2, "distance_m": 81.0 }, "geometry": { "type": "LineString", "coordinates": [ [ -79.478254, 43.708825 ], [ -79.478245, 43.708828 ], [ -79.478242, 43.708811 ], [ -79.478252, 43.70875 ], [ -79.478144, 43.708809 ], [ -79.478, 43.708883 ], [ -79.477951, 43.708909 ], [ -79.477921, 43.708921 ], [ -79.47789, 43.708941 ], [ -79.477835, 43.708974 ], [ -79.477813, 43.708975 ], [ -79.477666, 43.709038 ], [ -79.47769, 43.709168 ] ] } },
{ "type": "Feature", "properties": { "route": 4.0, "segment": 4, "leg": 1.0, "leg_segment": 4, "mode": "BUS", "route_short_name": "952", "note": "", "from_library": "Downsview", "to_library": "Amesbury Park", "segment_depart": "09:20:00", "segment_arrive": "09:24:00", "wait_min": 1.9, "duration_min": 3.1, "distance_m": 845.0 }, "geometry": { "type": "LineString", "coordinates": [ [ -79.477619, 43.708891 ], [ -79.477901, 43.708777 ], [ -79.478062, 43.708659 ], [ -79.478319, 43.708566 ], [ -79.478423, 43.708528 ], [ -79.478548, 43.708487 ], [ -79.478692, 43.708438 ], [ -79.4788, 43.708395 ], [ -79.478931, 43.708342 ], [ -79.479043, 43.708318 ], [ -79.482436, 43.707537 ], [ -79.487519, 43.706407 ] ] } },
{ "type": "Feature", "properties": { "route": 4.0, "segment": 5, "leg": 1.0, "leg_segment": 5, "mode": "WALK", "route_short_name": "", "note": "arrive Amesbury Park", "from_library": "Downsview", "to_library": "Amesbury Park", "segment_depart": "09:24:00", "segment_arrive": "09:26:00", "wait_min": 0.0, "duration_min": 2.5, "distance_m": 146.0 }, "geometry": { "type": "LineString", "coordinates": [ [ -79.487529, 43.706494 ], [ -79.487577, 43.706509 ], [ -79.487535, 43.706403 ], [ -79.487276, 43.706459 ], [ -79.487003, 43.70652 ], [ -79.486898, 43.706543 ], [ -79.486611, 43.706606 ], [ -79.48638, 43.706657 ], [ -79.486312, 43.706671 ], [ -79.486274, 43.706594 ], [ -79.486203, 43.706445 ] ] } },
{ "type": "Feature", "properties": { "route": 4.0, "segment": 6, "leg": 2.0, "leg_segment": 1, "mode": "WALK", "route_short_name": "", "note": "start Amesbury Park", "from_library": "Amesbury Park", "to_library": "Oakwood Village Library and Arts Centre", "segment_depart": "09:48:00", "segment_arrive": "09:50:00", "wait_min": 0.0, "duration_min": 2.4, "distance_m": 155.0 }, "geometry": { "type": "LineString", "coordinates": [ [ -79.485947, 43.706668 ], [ -79.485883, 43.706515 ], [ -79.486203, 43.706445 ], [ -79.486274, 43.706594 ], [ -79.487015, 43.706432 ], [ -79.487338, 43.706334 ], [ -79.487335, 43.706314 ] ] } },
{ "type": "Feature", "properties": { "route": 4.0, "segment": 7, "leg": 2.0, "leg_segment": 2, "mode": "BUS", "route_short_name": "52", "note": "", "from_library": "Amesbury Park", "to_library": "Oakwood Village Library and Arts Centre", "segment_depart": "09:52:00", "segment_arrive": "10:06:00", "wait_min": 1.3, "duration_min": 14.9, "distance_m": 3644.0 }, "geometry": { "type": "LineString", "coordinates": [ [ -79.487349, 43.706435 ], [ -79.482557, 43.707502 ], [ -79.482557, 43.707502 ], [ -79.482426, 43.707531 ], [ -79.479032, 43.708312 ], [ -79.47892, 43.708336 ], [ -79.478789, 43.708388 ], [ -79.478681, 43.708432 ], [ -79.478538, 43.708481 ], [ -79.478412, 43.708521 ], [ -79.478308, 43.708559 ], [ -79.478051, 43.708652 ], [ -79.47789, 43.70877 ], [ -79.477448, 43.708949 ], [ -79.477407, 43.708966 ], [ -79.477407, 43.708966 ], [ -79.477128, 43.70908 ], [ -79.476877, 43.709176 ], [ -79.476598, 43.709261 ], [ -79.476353, 43.709326 ], [ -79.476042, 43.709394 ], [ -79.475739, 43.709465 ], [ -79.474715, 43.709682 ], [ -79.474715, 43.709682 ], [ -79.474549, 43.709717 ], [ -79.473371, 43.70999 ], [ -79.472033, 43.710267 ], [ -79.472033, 43.710267 ], [ -79.471898, 43.710295 ], [ -79.470936, 43.710508 ], [ -79.469766, 43.710797 ], [ -79.468746, 43.711006 ], [ -79.466592, 43.711475 ], [ -79.466113, 43.711583 ], [ -79.466113, 43.711583 ], [ -79.463297, 43.712219 ], [ -79.463297, 43.712219 ], [ -79.463222, 43.712236 ], [ -79.462074, 43.712484 ], [ -79.460956, 43.712727 ], [ -79.460956, 43.712727 ], [ -79.460863, 43.712747 ], [ -79.45862, 43.713263 ], [ -79.45862, 43.713263 ], [ -79.45858, 43.713272 ], [ -79.45681, 43.713661 ], [ -79.455527, 43.713937 ], [ -79.454951, 43.714042 ], [ -79.454951, 43.714042 ], [ -79.45474, 43.71408 ], [ -79.45465, 43.714081 ], [ -79.454478, 43.714096 ], [ -79.454339, 43.714106 ], [ -79.454205, 43.714121 ], [ -79.454096, 43.714133 ], [ -79.453935, 43.714151 ], [ -79.453786, 43.714152 ], [ -79.453635, 43.714174 ], [ -79.45349, 43.714185 ], [ -79.453348, 43.714205 ], [ -79.453224, 43.71422 ], [ -79.453116, 43.714231 ], [ -79.453, 43.714249 ], [ -79.452853, 43.71427 ], [ -79.452718, 43.714296 ], [ -79.452602, 43.71431 ], [ -79.452552, 43.714315 ], [ -79.452552, 43.714315 ], [ -79.452505, 43.714319 ], [ -79.452418, 43.71432 ], [ -79.449538, 43.714946 ], [ -79.449538, 43.714946 ], [ -79.449459, 43.714963 ], [ -79.448397, 43.715206 ], [ -79.44677, 43.715552 ], [ -79.44677, 43.715552 ], [ -79.446509, 43.715608 ], [ -79.44606, 43.715698 ], [ -79.44497, 43.715932 ], [ -79.444454, 43.716042 ], [ -79.444236, 43.716089 ], [ -79.444114, 43.716115 ] ] } },
{ "type": "Feature", "properties": { "route": 4.0, "segment": 8, "leg": 2.0, "leg_segment": 3, "mode": "WALK", "route_short_name": "", "note": "", "from_library": "Amesbury Park", "to_library": "Oakwood Village Library and Arts Centre", "segment_depart": "10:06:00", "segment_arrive": "10:08:00", "wait_min": 0.0, "duration_min": 1.1, "distance_m": 71.0 }, "geometry": { "type": "LineString", "coordinates": [ [ -79.444097, 43.715964 ], [ -79.444098, 43.715973 ], [ -79.44416, 43.71596 ], [ -79.444129, 43.716013 ], [ -79.444193, 43.715999 ], [ -79.444094, 43.715742 ], [ -79.444054, 43.71564 ], [ -79.444094, 43.715742 ] ] } },
{ "type": "Feature", "properties": { "route": 4.0, "segment": 9, "leg": 2.0, "leg_segment": 4, "mode": "BUS", "route_short_name": "109", "note": "", "from_library": "Amesbury Park", "to_library": "Oakwood Village Library and Arts Centre", "segment_depart": "10:11:00", "segment_arrive": "10:22:00", "wait_min": 3.7, "duration_min": 10.3, "distance_m": 2202.0 }, "geometry": { "type": "LineString", "coordinates": [ [ -79.44369, 43.715613 ], [ -79.443906, 43.715571 ], [ -79.443906, 43.715571 ], [ -79.444389, 43.715478 ], [ -79.444571, 43.715446 ], [ -79.444677, 43.715444 ], [ -79.444744, 43.715481 ], [ -79.444804, 43.715568 ], [ -79.444844, 43.715655 ], [ -79.44497, 43.715932 ], [ -79.44606, 43.715698 ], [ -79.446509, 43.715608 ], [ -79.446249, 43.715003 ], [ -79.446249, 43.715003 ], [ -79.44619, 43.714866 ], [ -79.445893, 43.714144 ], [ -79.445587, 43.713387 ], [ -79.445509, 43.713198 ], [ -79.445509, 43.713198 ], [ -79.445197, 43.712442 ], [ -79.444867, 43.711597 ], [ -79.444505, 43.710724 ], [ -79.444444, 43.710572 ], [ -79.444444, 43.710572 ], [ -79.44416, 43.709862 ], [ -79.443851, 43.709118 ], [ -79.443851, 43.709118 ], [ -79.443799, 43.708992 ], [ -79.443428, 43.70811 ], [ -79.443069, 43.707186 ], [ -79.442964, 43.706915 ], [ -79.442964, 43.706915 ], [ -79.442733, 43.70632 ], [ -79.442484, 43.705689 ], [ -79.442484, 43.705689 ], [ -79.4424, 43.705476 ], [ -79.442267, 43.705174 ], [ -79.442068, 43.704659 ], [ -79.441789, 43.703977 ], [ -79.441789, 43.703977 ], [ -79.441735, 43.703844 ], [ -79.44143, 43.703049 ], [ -79.441143, 43.702356 ], [ -79.441143, 43.702356 ], [ -79.441097, 43.702246 ], [ -79.4409, 43.701798 ], [ -79.440599, 43.701077 ], [ -79.44034, 43.700446 ], [ -79.44034, 43.700446 ], [ -79.440287, 43.700317 ], [ -79.440133, 43.699905 ], [ -79.440001, 43.699563 ], [ -79.439747, 43.698934 ] ] } },
{ "type": "Feature", "properties": { "route": 4.0, "segment": 10, "leg": 2.0, "leg_segment": 5, "mode": "WALK", "route_short_name": "", "note": "", "from_library": "Amesbury Park", "to_library": "Oakwood Village Library and Arts Centre", "segment_depart": "10:22:00", "segment_arrive": "10:23:00", "wait_min": 0.0, "duration_min": 1.9, "distance_m": 112.0 }, "geometry": { "type": "LineString", "coordinates": [ [ -79.439797, 43.698896 ], [ -79.439792, 43.698868 ], [ -79.439771, 43.698802 ], [ -79.439689, 43.69882 ], [ -79.439673, 43.698781 ], [ -79.439543, 43.698476 ], [ -79.439459, 43.698492 ], [ -79.43933, 43.69819 ], [ -79.439307, 43.698158 ], [ -79.439273, 43.698152 ], [ -79.439208, 43.698165 ] ] } },
{ "type": "Feature", "properties": { "route": 4.0, "segment": 11, "leg": 2.0, "leg_segment": 6, "mode": "BUS", "route_short_name": "63", "note": "", "from_library": "Amesbury Park", "to_library": "Oakwood Village Library and Arts Centre", "segment_depart": "10:28:00", "segment_arrive": "10:32:00", "wait_min": 4.2, "duration_min": 4.5, "distance_m": 1460.0 }, "geometry": { "type": "LineString", "coordinates": [ [ -79.439198, 43.69807 ], [ -79.439237, 43.698062 ], [ -79.439378, 43.698033 ], [ -79.440244, 43.697839 ], [ -79.442782, 43.697295 ], [ -79.442653, 43.696983 ], [ -79.442653, 43.696983 ], [ -79.442643, 43.696959 ], [ -79.442634, 43.696935 ], [ -79.442497, 43.696604 ], [ -79.442442, 43.696501 ], [ -79.44215, 43.695777 ], [ -79.44187, 43.695134 ], [ -79.44187, 43.695134 ], [ -79.441803, 43.69498 ], [ -79.441494, 43.694188 ], [ -79.441205, 43.69349 ], [ -79.440911, 43.692815 ], [ -79.440833, 43.692647 ], [ -79.4407, 43.692394 ], [ -79.4407, 43.692394 ], [ -79.440628, 43.692255 ], [ -79.440579, 43.69214 ], [ -79.440312, 43.691475 ], [ -79.440012, 43.69078 ], [ -79.439946, 43.6906 ], [ -79.439646, 43.689903 ], [ -79.439641, 43.689888 ], [ -79.439641, 43.689888 ], [ -79.439599, 43.689772 ], [ -79.439538, 43.689555 ], [ -79.439365, 43.688998 ], [ -79.439259, 43.688604 ], [ -79.439108, 43.688162 ], [ -79.438746, 43.687284 ] ] } },
{ "type": "Feature", "properties": { "route": 4.0, "segment": 12, "leg": 2.0, "leg_segment": 7, "mode": "WALK", "route_short_name": "", "note": "arrive Oakwood Village Library and Arts Centre", "from_library": "Amesbury Park", "to_library": "Oakwood Village Library and Arts Centre", "segment_depart": "10:32:00", "segment_arrive": "10:33:00", "wait_min": 0.0, "duration_min": 0.8, "distance_m": 43.0 }, "geometry": { "type": "LineString", "coordinates": [ [ -79.438826, 43.687221 ], [ -79.438837, 43.687182 ], [ -79.438808, 43.68711 ], [ -79.438704, 43.687132 ], [ -79.438674, 43.687059 ], [ -79.438581, 43.68708 ], [ -79.438563, 43.687035 ] ] } },
{ "type": "Feature", "properties": { "route": 4.0, "segment": 13, "leg": 3.0, "leg_segment": 1, "mode": "WALK", "route_short_name": "", "note": "start Oakwood Village Library and Arts Centre", "from_library": "Oakwood Village Library and Arts Centre", "to_library": "Maria A. Shchuka", "segment_depart": "10:56:00", "segment_arrive": "10:57:00", "wait_min": 0.0, "duration_min": 1.2, "distance_m": 72.0 }, "geometry": { "type": "LineString", "coordinates": [ [ -79.438294, 43.686426 ], [ -79.438316, 43.686436 ], [ -79.438336, 43.686456 ], [ -79.43843, 43.686703 ], [ -79.438563, 43.687035 ], [ -79.438568, 43.687031 ] ] } },
{ "type": "Feature", "properties": { "route": 4.0, "segment": 14, "leg": 3.0, "leg_segment": 2, "mode": "BUS", "route_short_name": "63", "note": "", "from_library": "Oakwood Village Library and Arts Centre", "to_library": "Maria A. Shchuka", "segment_depart": "10:58:00", "segment_arrive": "11:02:00", "wait_min": 1.3, "duration_min": 3.9, "distance_m": 1139.0 }, "geometry": { "type": "LineString", "coordinates": [ [ -79.438631, 43.686987 ], [ -79.438682, 43.687127 ], [ -79.439108, 43.688162 ], [ -79.439259, 43.688604 ], [ -79.439365, 43.688998 ], [ -79.439495, 43.689415 ], [ -79.439495, 43.689415 ], [ -79.439538, 43.689555 ], [ -79.439599, 43.689772 ], [ -79.439646, 43.689903 ], [ -79.439946, 43.6906 ], [ -79.440012, 43.69078 ], [ -79.440312, 43.691475 ], [ -79.440579, 43.69214 ], [ -79.440628, 43.692255 ], [ -79.440658, 43.692312 ], [ -79.440658, 43.692312 ], [ -79.440833, 43.692647 ], [ -79.440911, 43.692815 ], [ -79.441205, 43.69349 ], [ -79.441494, 43.694188 ], [ -79.441686, 43.694679 ], [ -79.441686, 43.694679 ], [ -79.441803, 43.69498 ], [ -79.44215, 43.695777 ], [ -79.442442, 43.696501 ], [ -79.442497, 43.696604 ], [ -79.442588, 43.696825 ] ] } },
{ "type": "Feature", "properties": { "route": 4.0, "segment": 15, "leg": 3.0, "leg_segment": 3, "mode": "WALK", "route_short_name": "", "note": "arrive Maria A. Shchuka", "from_library": "Oakwood Village Library and Arts Centre", "to_library": "Maria A. Shchuka", "segment_depart": "11:02:00", "segment_arrive": "11:09:00", "wait_min": 0.0, "duration_min": 6.9, "distance_m": 407.0 }, "geometry": { "type": "LineString", "coordinates": [ [ -79.442511, 43.696886 ], [ -79.4425, 43.696895 ], [ -79.442528, 43.696959 ], [ -79.442633, 43.696936 ], [ -79.442724, 43.696914 ], [ -79.44283, 43.697157 ], [ -79.442868, 43.697178 ], [ -79.442891, 43.697188 ], [ -79.445128, 43.696724 ], [ -79.445172, 43.696699 ], [ -79.445252, 43.696682 ], [ -79.445328, 43.696665 ], [ -79.445372, 43.696667 ], [ -79.446676, 43.696385 ], [ -79.447032, 43.696309 ] ] } },
{ "type": "Feature", "properties": { "route": 4.0, "segment": 16, "leg": 4.0, "leg_segment": 1, "mode": "WALK", "route_short_name": "", "note": "start Maria A. Shchuka", "from_library": "Maria A. Shchuka", "to_library": "Flemingdon Park", "segment_depart": "11:40:00", "segment_arrive": "11:43:00", "wait_min": 0.0, "duration_min": 3.2, "distance_m": 195.0 }, "geometry": { "type": "LineString", "coordinates": [ [ -79.447032, 43.696309 ], [ -79.447454, 43.696218 ], [ -79.447529, 43.696201 ], [ -79.447578, 43.696186 ], [ -79.447639, 43.696173 ], [ -79.44775, 43.69615 ], [ -79.448912, 43.695887 ], [ -79.449268, 43.695809 ], [ -79.44926, 43.695744 ] ] } },
{ "type": "Feature", "properties": { "route": 4.0, "segment": 17, "leg": 4.0, "leg_segment": 2, "mode": "TRAM", "route_short_name": "5", "note": "", "from_library": "Maria A. Shchuka", "to_library": "Flemingdon Park", "segment_depart": "11:45:00", "segment_arrive": "12:11:00", "wait_min": 1.8, "duration_min": 25.9, "distance_m": 10384.0 }, "geometry": { "type": "LineString", "coordinates": [ [ -79.449279, 43.695909 ], [ -79.447685, 43.696258 ], [ -79.447332, 43.696358 ], [ -79.445313, 43.696764 ], [ -79.445209, 43.696787 ], [ -79.444375, 43.696968 ], [ -79.442793, 43.697302 ], [ -79.442714, 43.697319 ], [ -79.442714, 43.697319 ], [ -79.440255, 43.697845 ], [ -79.43939, 43.69804 ], [ -79.439249, 43.698069 ], [ -79.439054, 43.698109 ], [ -79.438416, 43.698244 ], [ -79.438324, 43.698276 ], [ -79.437293, 43.698489 ], [ -79.437189, 43.698513 ], [ -79.436461, 43.698685 ], [ -79.436307, 43.698714 ], [ -79.436017, 43.698769 ], [ -79.435727, 43.698834 ], [ -79.43563, 43.698856 ], [ -79.43563, 43.698856 ], [ -79.435575, 43.698868 ], [ -79.435033, 43.69899 ], [ -79.434803, 43.699029 ], [ -79.433826, 43.699233 ], [ -79.432868, 43.699434 ], [ -79.432784, 43.699455 ], [ -79.431895, 43.699644 ], [ -79.431039, 43.699826 ], [ -79.430906, 43.699851 ], [ -79.429902, 43.700063 ], [ -79.42883, 43.700297 ], [ -79.427765, 43.700527 ], [ -79.427612, 43.700566 ], [ -79.426686, 43.700758 ], [ -79.425561, 43.700992 ], [ -79.425081, 43.701094 ], [ -79.425081, 43.701094 ], [ -79.42314, 43.701508 ], [ -79.422092, 43.701737 ], [ -79.42089, 43.702 ], [ -79.419884, 43.702185 ], [ -79.419108, 43.702351 ], [ -79.418328, 43.702522 ], [ -79.418104, 43.702571 ], [ -79.417379, 43.702719 ], [ -79.417093, 43.702782 ], [ -79.417083, 43.702784 ], [ -79.417083, 43.702784 ], [ -79.415962, 43.703029 ], [ -79.415504, 43.703118 ], [ -79.414946, 43.703244 ], [ -79.414393, 43.703356 ], [ -79.413883, 43.703473 ], [ -79.413231, 43.703612 ], [ -79.412075, 43.703845 ], [ -79.411645, 43.703939 ], [ -79.410957, 43.704082 ], [ -79.409621, 43.70436 ], [ -79.408709, 43.704556 ], [ -79.408709, 43.704556 ], [ -79.408516, 43.704598 ], [ -79.407405, 43.704836 ], [ -79.406528, 43.705024 ], [ -79.406132, 43.705105 ], [ -79.405967, 43.705139 ], [ -79.404892, 43.70536 ], [ -79.404311, 43.705483 ], [ -79.40375, 43.705602 ], [ -79.402765, 43.705822 ], [ -79.401734, 43.706032 ], [ -79.401452, 43.7061 ], [ -79.400282, 43.706351 ], [ -79.398793, 43.706646 ], [ -79.398793, 43.706646 ], [ -79.398366, 43.706731 ], [ -79.397474, 43.706921 ], [ -79.397436, 43.706929 ], [ -79.396829, 43.707059 ], [ -79.395492, 43.707328 ], [ -79.394133, 43.707601 ], [ -79.392819, 43.707861 ], [ -79.3915, 43.708134 ], [ -79.390316, 43.708382 ], [ -79.390316, 43.708382 ], [ -79.390197, 43.708407 ], [ -79.388879, 43.708653 ], [ -79.387888, 43.70886 ], [ -79.387542, 43.708927 ], [ -79.386201, 43.709191 ], [ -79.384909, 43.709455 ], [ -79.383591, 43.709737 ], [ -79.383208, 43.709814 ], [ -79.382248, 43.71002 ], [ -79.381243, 43.710212 ], [ -79.38093, 43.71027 ], [ -79.380207, 43.710418 ], [ -79.379643, 43.710526 ], [ -79.378347, 43.710772 ], [ -79.377158, 43.711036 ], [ -79.376573, 43.711161 ], [ -79.37652, 43.711172 ], [ -79.37652, 43.711172 ], [ -79.3739, 43.711732 ], [ -79.373575, 43.7118 ], [ -79.37207, 43.712095 ], [ -79.369659, 43.712573 ], [ -79.367228, 43.713078 ], [ -79.364802, 43.713565 ], [ -79.364774, 43.713571 ], [ -79.364774, 43.713571 ], [ -79.362317, 43.714089 ], [ -79.359824, 43.714603 ], [ -79.358714, 43.714859 ], [ -79.357939, 43.715051 ], [ -79.357441, 43.71515 ], [ -79.356855, 43.715261 ], [ -79.355923, 43.715431 ], [ -79.355462, 43.715523 ], [ -79.354955, 43.715624 ], [ -79.354172, 43.715807 ], [ -79.353319, 43.716027 ], [ -79.352627, 43.716233 ], [ -79.352372, 43.716307 ], [ -79.351791, 43.716475 ], [ -79.351127, 43.716686 ], [ -79.35045, 43.716923 ], [ -79.349979, 43.717098 ], [ -79.348838, 43.717419 ], [ -79.348729, 43.717452 ], [ -79.348729, 43.717452 ], [ -79.348129, 43.717631 ], [ -79.347746, 43.717729 ], [ -79.347258, 43.717879 ], [ -79.345037, 43.718562 ], [ -79.343536, 43.719047 ], [ -79.343001, 43.719219 ], [ -79.341307, 43.719716 ], [ -79.339642, 43.720276 ], [ -79.339065, 43.72044 ], [ -79.339028, 43.720452 ], [ -79.339028, 43.720452 ], [ -79.338869, 43.720502 ], [ -79.338162, 43.720719 ], [ -79.336669, 43.721178 ], [ -79.335504, 43.721535 ], [ -79.335212, 43.721625 ], [ -79.335125, 43.721652 ], [ -79.334712, 43.721777 ], [ -79.333449, 43.722158 ], [ -79.332286, 43.722509 ], [ -79.332286, 43.722509 ], [ -79.332024, 43.722588 ], [ -79.330357, 43.723092 ], [ -79.33007, 43.723164 ], [ -79.328495, 43.723567 ], [ -79.326908, 43.723978 ], [ -79.326238, 43.724155 ] ] } },
{ "type": "Feature", "properties": { "route": 4.0, "segment": 18, "leg": 4.0, "leg_segment": 3, "mode": "WALK", "route_short_name": "", "note": "", "from_library": "Maria A. Shchuka", "to_library": "Flemingdon Park", "segment_depart": "12:11:00", "segment_arrive": "12:14:00", "wait_min": 0.0, "duration_min": 2.6, "distance_m": 155.0 }, "geometry": { "type": "LineString", "coordinates": [ [ -79.326236, 43.724139 ], [ -79.326236, 43.724139 ], [ -79.326148, 43.724161 ], [ -79.326143, 43.724151 ], [ -79.325997, 43.724188 ], [ -79.325989, 43.724173 ], [ -79.325971, 43.724138 ], [ -79.325947, 43.724092 ], [ -79.325941, 43.72408 ], [ -79.325799, 43.724126 ], [ -79.325544, 43.724198 ], [ -79.325517, 43.724156 ], [ -79.325288, 43.724213 ], [ -79.324923, 43.723779 ], [ -79.324901, 43.723752 ], [ -79.324892, 43.723737 ] ] } },
{ "type": "Feature", "properties": { "route": 4.0, "segment": 19, "leg": 4.0, "leg_segment": 4, "mode": "BUS", "route_short_name": "100", "note": "", "from_library": "Maria A. Shchuka", "to_library": "Flemingdon Park", "segment_depart": "12:15:00", "segment_arrive": "12:18:00", "wait_min": 1.0, "duration_min": 3.9, "distance_m": 1062.0 }, "geometry": { "type": "LineString", "coordinates": [ [ -79.324858, 43.723883 ], [ -79.324697, 43.723692 ], [ -79.324627, 43.723609 ], [ -79.324618, 43.723595 ], [ -79.324608, 43.723582 ], [ -79.3246, 43.723568 ], [ -79.324592, 43.723555 ], [ -79.324585, 43.723537 ], [ -79.324579, 43.723523 ], [ -79.324574, 43.72351 ], [ -79.324569, 43.723492 ], [ -79.324565, 43.723478 ], [ -79.324562, 43.72346 ], [ -79.32456, 43.723447 ], [ -79.324558, 43.723433 ], [ -79.324558, 43.723415 ], [ -79.324558, 43.723402 ], [ -79.324559, 43.723384 ], [ -79.32456, 43.72337 ], [ -79.324563, 43.723352 ], [ -79.324566, 43.723339 ], [ -79.32457, 43.723321 ], [ -79.324575, 43.723307 ], [ -79.324581, 43.723294 ], [ -79.324587, 43.723276 ], [ -79.324594, 43.723262 ], [ -79.324602, 43.723249 ], [ -79.324611, 43.723235 ], [ -79.324621, 43.723217 ], [ -79.324631, 43.723204 ], [ -79.324641, 43.72319 ], [ -79.324653, 43.723177 ], [ -79.324665, 43.723168 ], [ -79.324678, 43.723154 ], [ -79.324691, 43.723141 ], [ -79.324705, 43.723127 ], [ -79.324727, 43.723114 ], [ -79.32475, 43.723105 ], [ -79.325036, 43.722975 ], [ -79.325203, 43.722911 ], [ -79.325312, 43.722873 ], [ -79.325473, 43.722828 ], [ -79.325655, 43.722793 ], [ -79.325819, 43.72276 ], [ -79.326019, 43.722737 ], [ -79.326292, 43.722723 ], [ -79.32646, 43.722708 ], [ -79.326625, 43.722682 ], [ -79.326758, 43.722652 ], [ -79.326905, 43.722612 ], [ -79.327028, 43.722559 ], [ -79.327144, 43.722488 ], [ -79.327291, 43.722366 ], [ -79.327467, 43.722166 ], [ -79.327593, 43.722011 ], [ -79.327723, 43.721811 ], [ -79.327836, 43.721562 ], [ -79.327913, 43.721364 ], [ -79.328023, 43.721022 ], [ -79.328087, 43.720806 ], [ -79.328125, 43.720656 ], [ -79.328136, 43.720496 ], [ -79.328133, 43.720402 ], [ -79.32813, 43.720306 ], [ -79.328099, 43.720144 ], [ -79.328067, 43.720077 ], [ -79.328054, 43.720045 ], [ -79.328025, 43.719995 ], [ -79.328004, 43.719964 ], [ -79.327965, 43.719914 ], [ -79.327929, 43.719829 ], [ -79.327884, 43.719739 ], [ -79.327871, 43.719707 ], [ -79.327871, 43.719707 ], [ -79.327852, 43.719658 ], [ -79.327837, 43.719599 ], [ -79.32782, 43.71955 ], [ -79.327797, 43.719473 ], [ -79.327789, 43.719433 ], [ -79.327766, 43.719369 ], [ -79.327802, 43.719334 ], [ -79.327858, 43.719298 ], [ -79.327958, 43.719221 ], [ -79.328118, 43.719136 ], [ -79.328272, 43.719087 ], [ -79.328518, 43.719024 ], [ -79.331394, 43.718354 ], [ -79.331048, 43.717753 ] ] } },
{ "type": "Feature", "properties": { "route": 4.0, "segment": 20, "leg": 4.0, "leg_segment": 5, "mode": "WALK", "route_short_name": "", "note": "arrive Flemingdon Park", "from_library": "Maria A. Shchuka", "to_library": "Flemingdon Park", "segment_depart": "12:18:00", "segment_arrive": "12:20:00", "wait_min": 0.0, "duration_min": 1.1, "distance_m": 66.0 }, "geometry": { "type": "LineString", "coordinates": [ [ -79.331085, 43.717713 ], [ -79.331104, 43.717692 ], [ -79.331248, 43.717942 ], [ -79.331327, 43.718067 ], [ -79.331344, 43.718087 ], [ -79.331371, 43.718113 ], [ -79.331406, 43.718136 ], [ -79.331423, 43.718147 ], [ -79.331443, 43.718158 ], [ -79.331485, 43.718176 ] ] } },
{ "type": "Feature", "properties": { "route": 4.0, "segment": 21, "leg": 5.0, "leg_segment": 1, "mode": "WALK", "route_short_name": "", "note": "start Flemingdon Park", "from_library": "Flemingdon Park", "to_library": "Thorncliffe", "segment_depart": "12:53:00", "segment_arrive": "12:54:00", "wait_min": 0.0, "duration_min": 0.5, "distance_m": 26.0 }, "geometry": { "type": "LineString", "coordinates": [ [ -79.331485, 43.718176 ], [ -79.331515, 43.718185 ], [ -79.331545, 43.718193 ], [ -79.331564, 43.718196 ], [ -79.331583, 43.718199 ], [ -79.331597, 43.718201 ], [ -79.331611, 43.718201 ], [ -79.331638, 43.718203 ], [ -79.331668, 43.718203 ], [ -79.3317, 43.718202 ], [ -79.33173, 43.718199 ], [ -79.331759, 43.718196 ], [ -79.331789, 43.718191 ], [ -79.331789, 43.718185 ] ] } },
{ "type": "Feature", "properties": { "route": 4.0, "segment": 22, "leg": 5.0, "leg_segment": 2, "mode": "BUS", "route_short_name": "403", "note": "", "from_library": "Flemingdon Park", "to_library": "Thorncliffe", "segment_depart": "12:55:00", "segment_arrive": "13:08:00", "wait_min": 1.5, "duration_min": 13.0, "distance_m": 3158.0 }, "geometry": { "type": "LineString", "coordinates": [ [ -79.331799, 43.718269 ], [ -79.331778, 43.718274 ], [ -79.331406, 43.71836 ], [ -79.331053, 43.717748 ], [ -79.331053, 43.717748 ], [ -79.330959, 43.717584 ], [ -79.330959, 43.717584 ], [ -79.330378, 43.716575 ], [ -79.331417, 43.716317 ], [ -79.331821, 43.716223 ], [ -79.333573, 43.715815 ], [ -79.333666, 43.715789 ], [ -79.333795, 43.715747 ], [ -79.333935, 43.715702 ], [ -79.334057, 43.715634 ], [ -79.33415, 43.715544 ], [ -79.334207, 43.715443 ], [ -79.334236, 43.715339 ], [ -79.334235, 43.715219 ], [ -79.334214, 43.715105 ], [ -79.334189, 43.71501 ], [ -79.334183, 43.714997 ], [ -79.334185, 43.714926 ], [ -79.334812, 43.714786 ], [ -79.334812, 43.714786 ], [ -79.334977, 43.714749 ], [ -79.334185, 43.714926 ], [ -79.334022, 43.714951 ], [ -79.333947, 43.714969 ], [ -79.333857, 43.714986 ], [ -79.333743, 43.715005 ], [ -79.333632, 43.714998 ], [ -79.33352, 43.714992 ], [ -79.333404, 43.714977 ], [ -79.333273, 43.714943 ], [ -79.333161, 43.714905 ], [ -79.333014, 43.714857 ], [ -79.332911, 43.714804 ], [ -79.332805, 43.714728 ], [ -79.332768, 43.714692 ], [ -79.331673, 43.71355 ], [ -79.331312, 43.713184 ], [ -79.33088, 43.712746 ], [ -79.330757, 43.712627 ], [ -79.330642, 43.712516 ], [ -79.33053, 43.712396 ], [ -79.330429, 43.712276 ], [ -79.330344, 43.712157 ], [ -79.330294, 43.712083 ], [ -79.330275, 43.712021 ], [ -79.330261, 43.711954 ], [ -79.330245, 43.71188 ], [ -79.330241, 43.711807 ], [ -79.330235, 43.711729 ], [ -79.330238, 43.711643 ], [ -79.330272, 43.711558 ], [ -79.330272, 43.711558 ], [ -79.330286, 43.711523 ], [ -79.330303, 43.711504 ], [ -79.330326, 43.71144 ], [ -79.330345, 43.711403 ], [ -79.330369, 43.711366 ], [ -79.33041, 43.711305 ], [ -79.330458, 43.711248 ], [ -79.330516, 43.711157 ], [ -79.33059, 43.711088 ], [ -79.33068, 43.711018 ], [ -79.330787, 43.710948 ], [ -79.330876, 43.710904 ], [ -79.331007, 43.710848 ], [ -79.331061, 43.71082 ], [ -79.331238, 43.710751 ], [ -79.33136, 43.710705 ], [ -79.331498, 43.710668 ], [ -79.331686, 43.710627 ], [ -79.331686, 43.710627 ], [ -79.332452, 43.710459 ], [ -79.334103, 43.710065 ], [ -79.334103, 43.710065 ], [ -79.334394, 43.709996 ], [ -79.334477, 43.709987 ], [ -79.334592, 43.709969 ], [ -79.334724, 43.709943 ], [ -79.334817, 43.709915 ], [ -79.33492, 43.709884 ], [ -79.335093, 43.709826 ], [ -79.33521, 43.709776 ], [ -79.335307, 43.709727 ], [ -79.335358, 43.709697 ], [ -79.335358, 43.709697 ], [ -79.335399, 43.709672 ], [ -79.335492, 43.709626 ], [ -79.335595, 43.709577 ], [ -79.335702, 43.709522 ], [ -79.335801, 43.709473 ], [ -79.335879, 43.709432 ], [ -79.335919, 43.709414 ], [ -79.33598, 43.70939 ], [ -79.336132, 43.709346 ], [ -79.336315, 43.709292 ], [ -79.336623, 43.709212 ], [ -79.337325, 43.709028 ], [ -79.337733, 43.708922 ], [ -79.33791, 43.70888 ], [ -79.338602, 43.7087 ], [ -79.340084, 43.708314 ], [ -79.341029, 43.708102 ], [ -79.341387, 43.708017 ], [ -79.341723, 43.707935 ], [ -79.341723, 43.707935 ], [ -79.343625, 43.707473 ], [ -79.343448, 43.707054 ], [ -79.343448, 43.707054 ], [ -79.343088, 43.706206 ], [ -79.343056, 43.70612 ], [ -79.343026, 43.706042 ], [ -79.342983, 43.705947 ], [ -79.342964, 43.705903 ], [ -79.342922, 43.705807 ], [ -79.342877, 43.705707 ], [ -79.342832, 43.70562 ], [ -79.34278, 43.705549 ], [ -79.342689, 43.705446 ], [ -79.34261, 43.705351 ], [ -79.342522, 43.705258 ], [ -79.34244, 43.705192 ], [ -79.342349, 43.705114 ], [ -79.342252, 43.705034 ], [ -79.342162, 43.704954 ], [ -79.342063, 43.704868 ], [ -79.341963, 43.704779 ], [ -79.34186, 43.704705 ], [ -79.34177, 43.704635 ], [ -79.341751, 43.70462 ], [ -79.341751, 43.70462 ], [ -79.341703, 43.704582 ], [ -79.341615, 43.704516 ], [ -79.341601, 43.704506 ], [ -79.341516, 43.704444 ], [ -79.341425, 43.704363 ], [ -79.341355, 43.704292 ], [ -79.34129, 43.704212 ], [ -79.341253, 43.704144 ], [ -79.34123, 43.704042 ], [ -79.341222, 43.703946 ], [ -79.34124, 43.703871 ], [ -79.341279, 43.70379 ], [ -79.341356, 43.703704 ], [ -79.341369, 43.703688 ], [ -79.341808, 43.703253 ], [ -79.342682, 43.702385 ] ] } },
{ "type": "Feature", "properties": { "route": 4.0, "segment": 23, "leg": 5.0, "leg_segment": 3, "mode": "WALK", "route_short_name": "", "note": "arrive Thorncliffe", "from_library": "Flemingdon Park", "to_library": "Thorncliffe", "segment_depart": "13:08:00", "segment_arrive": "13:10:00", "wait_min": 0.0, "duration_min": 1.2, "distance_m": 69.0 }, "geometry": { "type": "LineString", "coordinates": [ [ -79.342715, 43.702448 ], [ -79.342739, 43.702496 ], [ -79.342628, 43.702603 ], [ -79.342564, 43.702665 ], [ -79.34244, 43.702787 ], [ -79.342264, 43.70295 ] ] } },
{ "type": "Feature", "properties": { "route": 4.0, "segment": 24, "leg": 6.0, "leg_segment": 1, "mode": "WALK", "route_short_name": "", "note": "start Thorncliffe", "from_library": "Thorncliffe", "to_library": "Todmorden Room", "segment_depart": "13:35:00", "segment_arrive": "13:37:00", "wait_min": 0.0, "duration_min": 1.7, "distance_m": 162.0 }, "geometry": { "type": "LineString", "coordinates": [ [ -79.343132, 43.703475 ], [ -79.343096, 43.703461 ], [ -79.34305, 43.703437 ], [ -79.342583, 43.703182 ], [ -79.342569, 43.703107 ], [ -79.342264, 43.70295 ], [ -79.34244, 43.702787 ], [ -79.342564, 43.702665 ], [ -79.342628, 43.702603 ], [ -79.342739, 43.702496 ], [ -79.342715, 43.702448 ] ] } },
{ "type": "Feature", "properties": { "route": 4.0, "segment": 25, "leg": 6.0, "leg_segment": 2, "mode": "BUS", "route_short_name": "72", "note": "", "from_library": "Thorncliffe", "to_library": "Todmorden Room", "segment_depart": "13:39:00", "segment_arrive": "13:46:00", "wait_min": 1.9, "duration_min": 7.4, "distance_m": 2234.0 }, "geometry": { "type": "LineString", "coordinates": [ [ -79.342682, 43.702385 ], [ -79.342805, 43.702263 ], [ -79.342878, 43.7022 ], [ -79.342973, 43.702093 ], [ -79.343062, 43.702001 ], [ -79.343175, 43.701926 ], [ -79.343295, 43.701848 ], [ -79.34339, 43.701811 ], [ -79.3435, 43.701783 ], [ -79.343599, 43.701767 ], [ -79.343709, 43.701761 ], [ -79.343823, 43.701764 ], [ -79.343843, 43.701766 ], [ -79.343909, 43.701774 ], [ -79.34402, 43.701809 ], [ -79.34411, 43.701852 ], [ -79.344195, 43.701896 ], [ -79.344276, 43.701941 ], [ -79.344483, 43.702053 ], [ -79.344483, 43.702053 ], [ -79.345589, 43.70265 ], [ -79.345667, 43.702692 ], [ -79.346285, 43.703026 ], [ -79.346285, 43.703026 ], [ -79.346628, 43.703211 ], [ -79.348058, 43.704002 ], [ -79.348142, 43.704048 ], [ -79.348932, 43.704484 ], [ -79.348932, 43.704484 ], [ -79.349222, 43.704644 ], [ -79.349877, 43.705006 ], [ -79.350604, 43.704305 ], [ -79.350686, 43.704227 ], [ -79.350741, 43.704173 ], [ -79.351504, 43.703438 ], [ -79.351504, 43.703438 ], [ -79.351667, 43.703281 ], [ -79.351964, 43.702974 ], [ -79.352153, 43.702748 ], [ -79.352369, 43.702525 ], [ -79.352536, 43.702331 ], [ -79.352656, 43.702171 ], [ -79.352768, 43.702022 ], [ -79.352842, 43.701917 ], [ -79.352779, 43.701886 ], [ -79.352712, 43.701859 ], [ -79.352608, 43.701804 ], [ -79.352487, 43.701749 ], [ -79.352369, 43.701696 ], [ -79.352255, 43.701625 ], [ -79.352179, 43.701583 ], [ -79.352063, 43.701507 ], [ -79.35195, 43.70144 ], [ -79.351823, 43.701354 ], [ -79.351761, 43.701298 ], [ -79.351741, 43.70128 ], [ -79.351665, 43.701218 ], [ -79.351586, 43.701128 ], [ -79.351555, 43.701092 ], [ -79.351506, 43.701028 ], [ -79.351473, 43.700973 ], [ -79.351429, 43.700885 ], [ -79.351355, 43.700757 ], [ -79.350916, 43.699992 ], [ -79.350563, 43.699407 ], [ -79.349976, 43.698429 ], [ -79.34975, 43.698051 ], [ -79.349632, 43.69784 ], [ -79.349267, 43.697203 ], [ -79.349277, 43.697051 ], [ -79.349298, 43.696977 ], [ -79.349328, 43.696908 ], [ -79.349385, 43.696838 ], [ -79.349429, 43.696794 ], [ -79.349429, 43.696794 ], [ -79.349453, 43.69677 ], [ -79.349534, 43.696699 ], [ -79.350324, 43.696047 ], [ -79.350938, 43.695531 ], [ -79.351008, 43.695451 ], [ -79.35105, 43.69538 ], [ -79.351056, 43.695276 ], [ -79.35104, 43.695171 ], [ -79.351033, 43.695119 ], [ -79.351028, 43.695104 ], [ -79.350456, 43.693622 ], [ -79.350379, 43.693422 ] ] } },
{ "type": "Feature", "properties": { "route": 4.0, "segment": 26, "leg": 6.0, "leg_segment": 3, "mode": "WALK", "route_short_name": "", "note": "arrive Todmorden Room", "from_library": "Thorncliffe", "to_library": "Todmorden Room", "segment_depart": "13:46:00", "segment_arrive": "13:50:00", "wait_min": 0.0, "duration_min": 3.7, "distance_m": 217.0 }, "geometry": { "type": "LineString", "coordinates": [ [ -79.350465, 43.693358 ], [ -79.350464, 43.693321 ], [ -79.350347, 43.693347 ], [ -79.350278, 43.693243 ], [ -79.350225, 43.693152 ], [ -79.350212, 43.693129 ], [ -79.350131, 43.692918 ], [ -79.349901, 43.692323 ], [ -79.349795, 43.692342 ], [ -79.349778, 43.692298 ], [ -79.34978, 43.692273 ], [ -79.34967, 43.691982 ], [ -79.349573, 43.691733 ], [ -79.349559, 43.691695 ] ] } },
{ "type": "Feature", "properties": { "route": 4.0, "segment": 27, "leg": 7.0, "leg_segment": 1, "mode": "WALK", "route_short_name": "", "note": "start Todmorden Room", "from_library": "Todmorden Room", "to_library": "S. Walter Stewart", "segment_depart": "14:20:00", "segment_arrive": "14:25:00", "wait_min": 0.0, "duration_min": 4.8, "distance_m": 292.0 }, "geometry": { "type": "LineString", "coordinates": [ [ -79.349559, 43.691695 ], [ -79.349474, 43.691464 ], [ -79.349456, 43.691443 ], [ -79.349448, 43.691442 ], [ -79.349424, 43.691373 ], [ -79.349542, 43.69135 ], [ -79.349165, 43.690383 ], [ -79.349009, 43.689959 ], [ -79.348845, 43.689513 ], [ -79.348952, 43.689492 ], [ -79.348954, 43.689464 ], [ -79.348981, 43.689449 ], [ -79.348958, 43.689382 ], [ -79.348937, 43.689324 ], [ -79.34897, 43.689304 ] ] } },
{ "type": "Feature", "properties": { "route": 4.0, "segment": 28, "leg": 7.0, "leg_segment": 2, "mode": "BUS", "route_short_name": "87", "note": "", "from_library": "Todmorden Room", "to_library": "S. Walter Stewart", "segment_depart": "14:26:00", "segment_arrive": "14:32:00", "wait_min": 1.5, "duration_min": 5.3, "distance_m": 1561.0 }, "geometry": { "type": "LineString", "coordinates": [ [ -79.34898, 43.6894 ], [ -79.348815, 43.689432 ], [ -79.345487, 43.690069 ], [ -79.345487, 43.690069 ], [ -79.345368, 43.690092 ], [ -79.342671, 43.690619 ], [ -79.342522, 43.690657 ], [ -79.342354, 43.69069 ], [ -79.342213, 43.690748 ], [ -79.342106, 43.690814 ], [ -79.342053, 43.69086 ], [ -79.341839, 43.691044 ], [ -79.341839, 43.691044 ], [ -79.34169, 43.691172 ], [ -79.341149, 43.691293 ], [ -79.340654, 43.691404 ], [ -79.339679, 43.691618 ], [ -79.338715, 43.691823 ], [ -79.338024, 43.691972 ], [ -79.338024, 43.691972 ], [ -79.337763, 43.692028 ], [ -79.33677, 43.692252 ], [ -79.335697, 43.692501 ], [ -79.334949, 43.692658 ], [ -79.334949, 43.692658 ], [ -79.334555, 43.69274 ], [ -79.334295, 43.692794 ], [ -79.333399, 43.69297 ], [ -79.333079, 43.693044 ], [ -79.332368, 43.693193 ], [ -79.332052, 43.693257 ], [ -79.331139, 43.693476 ], [ -79.330579, 43.693604 ] ] } },
{ "type": "Feature", "properties": { "route": 4.0, "segment": 29, "leg": 7.0, "leg_segment": 3, "mode": "WALK", "route_short_name": "", "note": "arrive S. Walter Stewart", "from_library": "Todmorden Room", "to_library": "S. Walter Stewart", "segment_depart": "14:32:00", "segment_arrive": "14:35:00", "wait_min": 0.0, "duration_min": 3.5, "distance_m": 206.0 }, "geometry": { "type": "LineString", "coordinates": [ [ -79.330567, 43.693505 ], [ -79.330567, 43.693508 ], [ -79.330053, 43.693619 ], [ -79.330021, 43.693616 ], [ -79.329994, 43.6936 ], [ -79.329973, 43.693576 ], [ -79.329832, 43.69323 ], [ -79.329784, 43.693113 ], [ -79.329586, 43.692633 ], [ -79.329502, 43.692428 ], [ -79.329484, 43.692384 ], [ -79.329466, 43.692341 ], [ -79.329481, 43.692341 ], [ -79.329528, 43.692343 ], [ -79.329596, 43.692357 ] ] } },
{ "type": "Feature", "properties": { "route": 4.0, "segment": 30, "leg": 8.0, "leg_segment": 1, "mode": "WALK", "route_short_name": "", "note": "start S. Walter Stewart", "from_library": "S. Walter Stewart", "to_library": "Danforth/Coxwell", "segment_depart": "15:05:00", "segment_arrive": "15:10:00", "wait_min": 0.0, "duration_min": 5.3, "distance_m": 290.0 }, "geometry": { "type": "LineString", "coordinates": [ [ -79.329627, 43.692328 ], [ -79.329596, 43.692357 ], [ -79.329528, 43.692343 ], [ -79.329481, 43.692341 ], [ -79.329466, 43.692341 ], [ -79.329374, 43.69212 ], [ -79.329344, 43.692048 ], [ -79.329332, 43.692018 ], [ -79.329334, 43.691994 ], [ -79.329348, 43.691971 ], [ -79.329258, 43.691989 ], [ -79.329153, 43.69201 ], [ -79.32911, 43.692007 ], [ -79.32904, 43.692018 ], [ -79.328472, 43.692139 ], [ -79.328445, 43.692149 ], [ -79.328305, 43.69218 ], [ -79.328285, 43.69213 ], [ -79.328267, 43.692086 ], [ -79.328221, 43.692096 ], [ -79.327508, 43.692251 ], [ -79.327444, 43.692251 ], [ -79.32739, 43.69224 ], [ -79.327185, 43.691752 ], [ -79.327152, 43.691779 ] ] } },
{ "type": "Feature", "properties": { "route": 4.0, "segment": 31, "leg": 8.0, "leg_segment": 2, "mode": "BUS", "route_short_name": "70", "note": "", "from_library": "S. Walter Stewart", "to_library": "Danforth/Coxwell", "segment_depart": "15:12:00", "segment_arrive": "15:16:00", "wait_min": 1.5, "duration_min": 3.6, "distance_m": 994.0 }, "geometry": { "type": "LineString", "coordinates": [ [ -79.327071, 43.691842 ], [ -79.326652, 43.690806 ], [ -79.326652, 43.690806 ], [ -79.326561, 43.69058 ], [ -79.326185, 43.689666 ], [ -79.325909, 43.688941 ], [ -79.325909, 43.688941 ], [ -79.325845, 43.688774 ], [ -79.325582, 43.688043 ], [ -79.325331, 43.687461 ], [ -79.325331, 43.687461 ], [ -79.325278, 43.687339 ], [ -79.32511, 43.686965 ], [ -79.324952, 43.686592 ], [ -79.324687, 43.685894 ], [ -79.324687, 43.685894 ], [ -79.324646, 43.685785 ], [ -79.324289, 43.684972 ], [ -79.323961, 43.684161 ], [ -79.323112, 43.68434 ], [ -79.322985, 43.684307 ], [ -79.32291, 43.684265 ], [ -79.322851, 43.684141 ] ] } },
{ "type": "Feature", "properties": { "route": 4.0, "segment": 32, "leg": 8.0, "leg_segment": 3, "mode": "WALK", "route_short_name": "", "note": "arrive Danforth/Coxwell", "from_library": "S. Walter Stewart", "to_library": "Danforth/Coxwell", "segment_depart": "15:16:00", "segment_arrive": "15:19:00", "wait_min": 0.0, "duration_min": 3.4, "distance_m": 192.0 }, "geometry": { "type": "LineString", "coordinates": [ [ -79.322919, 43.684079 ], [ -79.322935, 43.684053 ], [ -79.322917, 43.684083 ], [ -79.322934, 43.684128 ], [ -79.32295, 43.68417 ], [ -79.322969, 43.68422 ], [ -79.323058, 43.684205 ], [ -79.323066, 43.684225 ], [ -79.323073, 43.684243 ], [ -79.323085, 43.684279 ], [ -79.323255, 43.684244 ], [ -79.32334, 43.684225 ], [ -79.323712, 43.684143 ], [ -79.323737, 43.684132 ], [ -79.323754, 43.684118 ], [ -79.323777, 43.684092 ], [ -79.323782, 43.684067 ], [ -79.323775, 43.684045 ], [ -79.32368, 43.683818 ], [ -79.323523, 43.683496 ], [ -79.323498, 43.683493 ], [ -79.323453, 43.683395 ], [ -79.323413, 43.683307 ] ] } },
{ "type": "Feature", "properties": { "route": 4.0, "segment": 33, "leg": 9.0, "leg_segment": 1, "mode": "WALK", "route_short_name": "", "note": "start Danforth/Coxwell", "from_library": "Danforth/Coxwell", "to_library": "Taylor Memorial", "segment_depart": "15:46:00", "segment_arrive": "15:49:00", "wait_min": 0.0, "duration_min": 3.5, "distance_m": 361.0 }, "geometry": { "type": "LineString", "coordinates": [ [ -79.323413, 43.683307 ], [ -79.322789, 43.683459 ], [ -79.322238, 43.68358 ], [ -79.321293, 43.683781 ], [ -79.32127, 43.683786 ], [ -79.321221, 43.683779 ], [ -79.321111, 43.683802 ], [ -79.321037, 43.683818 ], [ -79.32102, 43.683836 ], [ -79.320968, 43.683847 ], [ -79.320999, 43.683923 ], [ -79.321022, 43.683979 ], [ -79.321038, 43.684018 ], [ -79.321035, 43.684039 ], [ -79.321102, 43.684201 ], [ -79.321139, 43.684312 ], [ -79.321157, 43.684359 ], [ -79.321279, 43.684653 ], [ -79.321306, 43.684676 ], [ -79.32134, 43.684673 ], [ -79.321984, 43.684536 ], [ -79.321986, 43.684549 ] ] } },
{ "type": "Feature", "properties": { "route": 4.0, "segment": 34, "leg": 9.0, "leg_segment": 2, "mode": "SUBWAY", "route_short_name": "2", "note": "", "from_library": "Danforth/Coxwell", "to_library": "Taylor Memorial", "segment_depart": "15:50:00", "segment_arrive": "15:57:00", "wait_min": 1.2, "duration_min": 6.1, "distance_m": 3015.0 }, "geometry": { "type": "LineString", "coordinates": [ [ -79.321986, 43.68455 ], [ -79.321671, 43.684614 ], [ -79.321374, 43.684696 ], [ -79.320685, 43.684834 ], [ -79.319722, 43.685035 ], [ -79.318703, 43.685272 ], [ -79.318151, 43.685378 ], [ -79.317659, 43.685487 ], [ -79.316708, 43.685693 ], [ -79.315754, 43.685901 ], [ -79.314277, 43.686279 ], [ -79.313205, 43.686496 ], [ -79.312442, 43.68665 ], [ -79.312288, 43.686676 ], [ -79.312288, 43.686676 ], [ -79.312163, 43.686698 ], [ -79.31142, 43.686862 ], [ -79.31115, 43.686913 ], [ -79.309069, 43.687329 ], [ -79.30787, 43.687603 ], [ -79.305729, 43.688093 ], [ -79.303507, 43.688596 ], [ -79.302617, 43.688809 ], [ -79.302205, 43.688921 ], [ -79.300844, 43.689289 ], [ -79.300701, 43.689336 ], [ -79.300701, 43.689336 ], [ -79.299543, 43.689715 ], [ -79.295269, 43.692212 ], [ -79.292439, 43.693442 ], [ -79.289879, 43.694454 ], [ -79.289807, 43.694479 ], [ -79.289736, 43.694505 ], [ -79.289663, 43.69453 ], [ -79.287952, 43.695175 ], [ -79.287895, 43.695197 ] ] } },
{ "type": "Feature", "properties": { "route": 4.0, "segment": 35, "leg": 9.0, "leg_segment": 3, "mode": "WALK", "route_short_name": "", "note": "", "from_library": "Danforth/Coxwell", "to_library": "Taylor Memorial", "segment_depart": "15:57:00", "segment_arrive": "15:59:00", "wait_min": 0.0, "duration_min": 2.6, "distance_m": 160.0 }, "geometry": { "type": "LineString", "coordinates": [ [ -79.287885, 43.695149 ], [ -79.287886, 43.695154 ], [ -79.288758, 43.694835 ], [ -79.288673, 43.694742 ], [ -79.288619, 43.694617 ], [ -79.28853, 43.694638 ], [ -79.288392, 43.694286 ], [ -79.288317, 43.694298 ] ] } },
{ "type": "Feature", "properties": { "route": 4.0, "segment": 36, "leg": 9.0, "leg_segment": 4, "mode": "BUS", "route_short_name": "12", "note": "", "from_library": "Danforth/Coxwell", "to_library": "Taylor Memorial", "segment_depart": "16:02:00", "segment_arrive": "16:13:00", "wait_min": 3.1, "duration_min": 11.1, "distance_m": 2949.0 }, "geometry": { "type": "LineString", "coordinates": [ [ -79.288652, 43.694448 ], [ -79.289563, 43.69423 ], [ -79.289519, 43.69412 ], [ -79.289293, 43.693582 ], [ -79.289066, 43.693038 ], [ -79.289066, 43.693038 ], [ -79.288996, 43.69287 ], [ -79.288682, 43.692083 ], [ -79.288528, 43.69169 ], [ -79.288516, 43.691658 ], [ -79.288427, 43.691431 ], [ -79.288427, 43.691431 ], [ -79.288345, 43.691225 ], [ -79.287911, 43.690172 ], [ -79.287743, 43.689771 ], [ -79.28754, 43.689283 ], [ -79.286989, 43.687932 ], [ -79.286854, 43.687604 ], [ -79.286854, 43.687604 ], [ -79.286563, 43.686898 ], [ -79.286236, 43.686093 ], [ -79.285906, 43.685299 ], [ -79.285906, 43.685299 ], [ -79.285846, 43.685154 ], [ -79.285268, 43.683767 ], [ -79.285148, 43.68347 ], [ -79.285148, 43.68347 ], [ -79.285095, 43.683338 ], [ -79.284967, 43.683032 ], [ -79.284663, 43.682304 ], [ -79.284476, 43.681852 ], [ -79.284476, 43.681852 ], [ -79.284367, 43.681589 ], [ -79.284191, 43.681158 ], [ -79.284047, 43.680804 ], [ -79.283874, 43.680824 ], [ -79.283712, 43.680849 ], [ -79.283583, 43.680859 ], [ -79.283583, 43.680859 ], [ -79.283566, 43.68086 ], [ -79.283417, 43.680874 ], [ -79.283241, 43.6809 ], [ -79.283059, 43.680932 ], [ -79.282906, 43.680971 ], [ -79.282735, 43.681023 ], [ -79.282459, 43.681104 ], [ -79.281655, 43.681356 ], [ -79.28146, 43.681409 ], [ -79.28146, 43.681409 ], [ -79.281405, 43.681424 ], [ -79.281332, 43.681451 ], [ -79.280892, 43.681615 ], [ -79.280281, 43.681849 ], [ -79.280009, 43.681954 ], [ -79.279431, 43.682182 ], [ -79.279361, 43.682205 ], [ -79.279361, 43.682205 ], [ -79.279228, 43.68225 ], [ -79.279028, 43.682332 ], [ -79.278781, 43.682434 ], [ -79.278554, 43.682539 ], [ -79.278342, 43.682657 ], [ -79.278164, 43.682752 ], [ -79.277966, 43.682878 ], [ -79.277681, 43.683078 ], [ -79.277265, 43.683369 ], [ -79.277002, 43.68355 ], [ -79.27615, 43.684152 ], [ -79.27615, 43.684152 ], [ -79.276087, 43.684197 ], [ -79.275268, 43.684774 ], [ -79.27502, 43.684939 ], [ -79.274418, 43.685365 ], [ -79.274418, 43.685365 ], [ -79.274377, 43.685394 ], [ -79.273599, 43.685935 ], [ -79.272787, 43.686498 ], [ -79.272492, 43.686687 ], [ -79.271683, 43.687231 ], [ -79.271039, 43.687662 ] ] } },
{ "type": "Feature", "properties": { "route": 4.0, "segment": 37, "leg": 9.0, "leg_segment": 5, "mode": "WALK", "route_short_name": "", "note": "arrive Taylor Memorial", "from_library": "Danforth/Coxwell", "to_library": "Taylor Memorial", "segment_depart": "16:13:00", "segment_arrive": "16:14:00", "wait_min": 0.0, "duration_min": 0.7, "distance_m": 39.0 }, "geometry": { "type": "LineString", "coordinates": [ [ -79.271014, 43.687592 ], [ -79.27099, 43.687617 ], [ -79.27102, 43.68771 ], [ -79.271044, 43.687787 ], [ -79.271164, 43.687707 ], [ -79.271172, 43.687713 ], [ -79.271192, 43.687728 ] ] } },
{ "type": "Feature", "properties": { "route": 5.0, "segment": 1, "leg": 1.0, "leg_segment": 1, "mode": "WALK", "route_short_name": "", "note": "start College/Shaw", "from_library": "College/Shaw", "to_library": "Lillian H. Smith", "segment_depart": "09:02:00", "segment_arrive": "09:05:00", "wait_min": 0.0, "duration_min": 2.2, "distance_m": 154.0 }, "geometry": { "type": "LineString", "coordinates": [ [ -79.420367, 43.655333 ], [ -79.420249, 43.655023 ], [ -79.420239, 43.654987 ], [ -79.420203, 43.654994 ], [ -79.420185, 43.654939 ], [ -79.42018, 43.654926 ], [ -79.419502, 43.655065 ], [ -79.419496, 43.65505 ], [ -79.419467, 43.654982 ], [ -79.419402, 43.654996 ], [ -79.41925, 43.655025 ], [ -79.419235, 43.65504 ], [ -79.419175, 43.655052 ], [ -79.419135, 43.655047 ], [ -79.41909, 43.655056 ], [ -79.419148, 43.655048 ] ] } },
{ "type": "Feature", "properties": { "route": 5.0, "segment": 2, "leg": 1.0, "leg_segment": 2, "mode": "TRAM", "route_short_name": "506", "note": "", "from_library": "College/Shaw", "to_library": "Lillian H. Smith", "segment_depart": "09:06:00", "segment_arrive": "09:15:00", "wait_min": 1.5, "duration_min": 9.1, "distance_m": 1555.0 }, "geometry": { "type": "LineString", "coordinates": [ [ -79.419156, 43.655136 ], [ -79.419032, 43.655157 ], [ -79.418873, 43.655186 ], [ -79.418767, 43.655201 ], [ -79.418587, 43.655234 ], [ -79.418329, 43.655245 ], [ -79.418249, 43.655252 ], [ -79.418184, 43.655251 ], [ -79.418091, 43.655258 ], [ -79.418022, 43.655254 ], [ -79.417906, 43.655245 ], [ -79.417079, 43.65517 ], [ -79.416733, 43.655115 ], [ -79.415815, 43.654981 ], [ -79.415815, 43.654981 ], [ -79.415609, 43.654951 ], [ -79.415555, 43.654939 ], [ -79.415435, 43.654927 ], [ -79.415294, 43.654937 ], [ -79.415179, 43.65495 ], [ -79.415057, 43.654971 ], [ -79.413878, 43.655213 ], [ -79.412616, 43.655462 ], [ -79.411462, 43.655703 ], [ -79.411462, 43.655703 ], [ -79.411408, 43.655714 ], [ -79.410162, 43.655971 ], [ -79.408959, 43.656229 ], [ -79.408354, 43.656353 ], [ -79.407849, 43.656455 ], [ -79.407849, 43.656455 ], [ -79.407722, 43.656481 ], [ -79.406519, 43.656721 ], [ -79.405832, 43.656858 ], [ -79.405288, 43.656967 ], [ -79.405288, 43.656967 ], [ -79.405228, 43.656979 ], [ -79.40453, 43.657117 ], [ -79.404076, 43.657208 ], [ -79.403811, 43.657261 ], [ -79.403265, 43.657369 ], [ -79.403265, 43.657369 ], [ -79.4032, 43.657382 ], [ -79.402826, 43.657458 ], [ -79.401845, 43.657652 ], [ -79.401033, 43.657816 ], [ -79.40081, 43.657858 ], [ -79.400442, 43.657933 ] ] } },
{ "type": "Feature", "properties": { "route": 5.0, "segment": 3, "leg": 1.0, "leg_segment": 3, "mode": "WALK", "route_short_name": "", "note": "arrive Lillian H. Smith", "from_library": "College/Shaw", "to_library": "Lillian H. Smith", "segment_depart": "09:15:00", "segment_arrive": "09:17:00", "wait_min": 0.0, "duration_min": 1.8, "distance_m": 96.0 }, "geometry": { "type": "LineString", "coordinates": [ [ -79.400435, 43.657863 ], [ -79.400445, 43.657865 ], [ -79.400385, 43.657877 ], [ -79.400271, 43.6579 ], [ -79.400246, 43.657905 ], [ -79.400239, 43.657891 ], [ -79.400222, 43.657853 ], [ -79.400216, 43.65784 ], [ -79.400211, 43.657829 ], [ -79.400165, 43.65783 ], [ -79.40011, 43.657831 ], [ -79.400043, 43.657833 ], [ -79.400012, 43.657833 ], [ -79.399979, 43.657834 ], [ -79.399972, 43.657834 ], [ -79.399926, 43.657835 ], [ -79.399883, 43.657837 ], [ -79.399795, 43.657839 ], [ -79.39977, 43.657839 ], [ -79.399362, 43.657921 ] ] } },
{ "type": "Feature", "properties": { "route": 5.0, "segment": 4, "leg": 2.0, "leg_segment": 1, "mode": "WALK", "route_short_name": "", "note": "start Lillian H. Smith", "from_library": "Lillian H. Smith", "to_library": "Toronto Reference Library", "segment_depart": "09:45:00", "segment_arrive": "09:48:00", "wait_min": 0.0, "duration_min": 3.4, "distance_m": 201.0 }, "geometry": { "type": "LineString", "coordinates": [ [ -79.398209, 43.658152 ], [ -79.399362, 43.657921 ], [ -79.39977, 43.657839 ], [ -79.399777, 43.657855 ], [ -79.399805, 43.657918 ], [ -79.399807, 43.657923 ], [ -79.399814, 43.657938 ], [ -79.399821, 43.657954 ], [ -79.399827, 43.657967 ], [ -79.39983, 43.657973 ], [ -79.399856, 43.658031 ], [ -79.399865, 43.658052 ], [ -79.399873, 43.658068 ], [ -79.399879, 43.658086 ], [ -79.400015, 43.658403 ], [ -79.400029, 43.658358 ] ] } },
{ "type": "Feature", "properties": { "route": 5.0, "segment": 5, "leg": 2.0, "leg_segment": 2, "mode": "TRAM", "route_short_name": "506", "note": "", "from_library": "Lillian H. Smith", "to_library": "Toronto Reference Library", "segment_depart": "09:50:00", "segment_arrive": "09:57:00", "wait_min": 1.5, "duration_min": 6.7, "distance_m": 1168.0 }, "geometry": { "type": "LineString", "coordinates": [ [ -79.400202, 43.658321 ], [ -79.400217, 43.658359 ], [ -79.400254, 43.658449 ], [ -79.400469, 43.658972 ], [ -79.400404, 43.659039 ], [ -79.400365, 43.659079 ], [ -79.400294, 43.659158 ], [ -79.400186, 43.65924 ], [ -79.400087, 43.65933 ], [ -79.400016, 43.659427 ], [ -79.39996, 43.659511 ], [ -79.399923, 43.659606 ], [ -79.399909, 43.659669 ], [ -79.39992, 43.659802 ], [ -79.399953, 43.659889 ], [ -79.399974, 43.659933 ], [ -79.400034, 43.660019 ], [ -79.40012, 43.660097 ], [ -79.400246, 43.660176 ], [ -79.400368, 43.660235 ], [ -79.40054, 43.66028 ], [ -79.400701, 43.660308 ], [ -79.401029, 43.660367 ], [ -79.40109, 43.660516 ], [ -79.401374, 43.661213 ], [ -79.401374, 43.661213 ], [ -79.40141, 43.661302 ], [ -79.401747, 43.662156 ], [ -79.401772, 43.662218 ], [ -79.402109, 43.663052 ], [ -79.402234, 43.66338 ], [ -79.402234, 43.66338 ], [ -79.402414, 43.663852 ], [ -79.402707, 43.664565 ], [ -79.402707, 43.664565 ], [ -79.402744, 43.664655 ], [ -79.403109, 43.66551 ], [ -79.403755, 43.666483 ], [ -79.403755, 43.666483 ], [ -79.40387, 43.666657 ], [ -79.404077, 43.667186 ], [ -79.404155, 43.667383 ], [ -79.403577, 43.667504 ] ] } },
{ "type": "Feature", "properties": { "route": 5.0, "segment": 6, "leg": 2.0, "leg_segment": 3, "mode": "WALK", "route_short_name": "", "note": "", "from_library": "Lillian H. Smith", "to_library": "Toronto Reference Library", "segment_depart": "09:57:00", "segment_arrive": "09:57:00", "wait_min": 0.0, "duration_min": 0.9, "distance_m": 53.0 }, "geometry": { "type": "LineString", "coordinates": [ [ -79.403665, 43.667424 ], [ -79.404038, 43.667415 ], [ -79.40396, 43.667212 ] ] } },
{ "type": "Feature", "properties": { "route": 5.0, "segment": 7, "leg": 2.0, "leg_segment": 4, "mode": "SUBWAY", "route_short_name": "2", "note": "", "from_library": "Lillian H. Smith", "to_library": "Toronto Reference Library", "segment_depart": "09:59:00", "segment_arrive": "10:04:00", "wait_min": 1.7, "duration_min": 4.8, "distance_m": 1506.0 }, "geometry": { "type": "LineString", "coordinates": [ [ -79.403894, 43.667295 ], [ -79.403097, 43.667463 ], [ -79.401977, 43.667716 ], [ -79.400226, 43.668077 ], [ -79.398839, 43.668374 ], [ -79.397989, 43.668547 ], [ -79.397989, 43.668547 ], [ -79.397845, 43.668576 ], [ -79.396265, 43.668893 ], [ -79.394531, 43.669279 ], [ -79.391447, 43.669881 ], [ -79.391004, 43.669969 ], [ -79.39009, 43.670154 ], [ -79.39009, 43.670154 ], [ -79.389995, 43.670173 ], [ -79.389168, 43.670384 ], [ -79.388381, 43.670716 ], [ -79.387713, 43.670919 ], [ -79.3871, 43.670992 ], [ -79.385957, 43.671037 ] ] } },
{ "type": "Feature", "properties": { "route": 5.0, "segment": 8, "leg": 2.0, "leg_segment": 5, "mode": "WALK", "route_short_name": "", "note": "arrive Toronto Reference Library", "from_library": "Lillian H. Smith", "to_library": "Toronto Reference Library", "segment_depart": "10:04:00", "segment_arrive": "10:09:00", "wait_min": 0.0, "duration_min": 5.3, "distance_m": 310.0 }, "geometry": { "type": "LineString", "coordinates": [ [ -79.385956, 43.670997 ], [ -79.38581, 43.670888 ], [ -79.385802, 43.67089 ], [ -79.385792, 43.670891 ], [ -79.385714, 43.670899 ], [ -79.385697, 43.670822 ], [ -79.385689, 43.670784 ], [ -79.38581, 43.670763 ], [ -79.386178, 43.670678 ], [ -79.386572, 43.670587 ], [ -79.386635, 43.670717 ], [ -79.386718, 43.670758 ], [ -79.386769, 43.670749 ], [ -79.386853, 43.670735 ], [ -79.386875, 43.670785 ], [ -79.386936, 43.670931 ], [ -79.387069, 43.671249 ], [ -79.387097, 43.671312 ], [ -79.387117, 43.671358 ], [ -79.387182, 43.671519 ], [ -79.387327, 43.671883 ], [ -79.387377, 43.672014 ], [ -79.387433, 43.672147 ] ] } },
{ "type": "Feature", "properties": { "route": 5.0, "segment": 9, "leg": 3.0, "leg_segment": 1, "mode": "WALK", "route_short_name": "", "note": "start Toronto Reference Library", "from_library": "Toronto Reference Library", "to_library": "Deer Park", "segment_depart": "10:31:00", "segment_arrive": "10:38:00", "wait_min": 0.0, "duration_min": 6.9, "distance_m": 407.0 }, "geometry": { "type": "LineString", "coordinates": [ [ -79.386313, 43.672399 ], [ -79.386341, 43.672394 ], [ -79.387433, 43.672147 ], [ -79.387377, 43.672014 ], [ -79.387327, 43.671883 ], [ -79.387182, 43.671519 ], [ -79.387117, 43.671358 ], [ -79.387097, 43.671312 ], [ -79.387069, 43.671249 ], [ -79.386936, 43.670931 ], [ -79.386875, 43.670785 ], [ -79.386853, 43.670735 ], [ -79.386769, 43.670749 ], [ -79.386718, 43.670758 ], [ -79.386635, 43.670717 ], [ -79.386572, 43.670587 ], [ -79.386178, 43.670678 ], [ -79.38581, 43.670763 ], [ -79.385689, 43.670784 ], [ -79.385697, 43.670822 ], [ -79.385714, 43.670899 ], [ -79.385792, 43.670891 ], [ -79.385802, 43.67089 ], [ -79.38581, 43.670888 ], [ -79.385918, 43.671044 ] ] } },
{ "type": "Feature", "properties": { "route": 5.0, "segment": 10, "leg": 3.0, "leg_segment": 2, "mode": "SUBWAY", "route_short_name": "1", "note": "", "from_library": "Toronto Reference Library", "to_library": "Deer Park", "segment_depart": "10:39:00", "segment_arrive": "10:44:00", "wait_min": 1.3, "duration_min": 4.3, "distance_m": 2041.0 }, "geometry": { "type": "LineString", "coordinates": [ [ -79.385956, 43.671017 ], [ -79.386007, 43.671153 ], [ -79.386141, 43.671504 ], [ -79.386454, 43.672315 ], [ -79.386757, 43.673106 ], [ -79.386936, 43.673475 ], [ -79.387225, 43.67386 ], [ -79.387585, 43.674438 ], [ -79.387877, 43.6751 ], [ -79.388082, 43.675541 ], [ -79.388762, 43.677104 ], [ -79.388762, 43.677104 ], [ -79.388769, 43.677119 ], [ -79.390974, 43.68218 ], [ -79.391405, 43.683169 ], [ -79.391405, 43.683169 ], [ -79.393586, 43.68818 ], [ -79.393704, 43.688495 ] ] } },
{ "type": "Feature", "properties": { "route": 5.0, "segment": 11, "leg": 3.0, "leg_segment": 3, "mode": "WALK", "route_short_name": "", "note": "arrive Deer Park", "from_library": "Toronto Reference Library", "to_library": "Deer Park", "segment_depart": "10:44:00", "segment_arrive": "10:46:00", "wait_min": 0.0, "duration_min": 2.0, "distance_m": 115.0 }, "geometry": { "type": "LineString", "coordinates": [ [ -79.393489, 43.688649 ], [ -79.39349, 43.688654 ], [ -79.392966, 43.68876 ], [ -79.392849, 43.688782 ], [ -79.39275, 43.688531 ], [ -79.392748, 43.688514 ], [ -79.392758, 43.688497 ], [ -79.392736, 43.688492 ], [ -79.392668, 43.688505 ], [ -79.39261, 43.688517 ], [ -79.39262, 43.688528 ], [ -79.392626, 43.688544 ], [ -79.392535, 43.688564 ], [ -79.392481, 43.688573 ] ] } },
{ "type": "Feature", "properties": { "route": 5.0, "segment": 12, "leg": 4.0, "leg_segment": 1, "mode": "WALK", "route_short_name": "", "note": "start Deer Park", "from_library": "Deer Park", "to_library": "Northern District", "segment_depart": "11:08:00", "segment_arrive": "11:10:00", "wait_min": 0.0, "duration_min": 2.1, "distance_m": 116.0 }, "geometry": { "type": "LineString", "coordinates": [ [ -79.392483, 43.688582 ], [ -79.392481, 43.688573 ], [ -79.392535, 43.688564 ], [ -79.392626, 43.688544 ], [ -79.39262, 43.688528 ], [ -79.39261, 43.688517 ], [ -79.392668, 43.688505 ], [ -79.392736, 43.688492 ], [ -79.392758, 43.688497 ], [ -79.392748, 43.688514 ], [ -79.39275, 43.688531 ], [ -79.392849, 43.688782 ], [ -79.392966, 43.68876 ], [ -79.39349, 43.688654 ], [ -79.393489, 43.688649 ] ] } },
{ "type": "Feature", "properties": { "route": 5.0, "segment": 13, "leg": 4.0, "leg_segment": 2, "mode": "SUBWAY", "route_short_name": "1", "note": "", "from_library": "Deer Park", "to_library": "Northern District", "segment_depart": "11:11:00", "segment_arrive": "11:15:00", "wait_min": 1.2, "duration_min": 4.2, "distance_m": 2090.0 }, "geometry": { "type": "LineString", "coordinates": [ [ -79.393704, 43.688495 ], [ -79.394335, 43.690189 ], [ -79.394618, 43.69054 ], [ -79.39508, 43.690809 ], [ -79.395375, 43.691147 ], [ -79.395536, 43.691536 ], [ -79.396827, 43.696363 ], [ -79.396969, 43.696732 ], [ -79.397072, 43.696934 ], [ -79.397477, 43.697932 ], [ -79.397529, 43.698061 ], [ -79.397529, 43.698061 ], [ -79.397601, 43.698237 ], [ -79.397718, 43.698773 ], [ -79.398129, 43.70066 ], [ -79.398462, 43.702408 ], [ -79.398547, 43.70312 ], [ -79.398615, 43.703799 ], [ -79.398581, 43.704262 ], [ -79.398534, 43.704669 ], [ -79.398552, 43.705134 ], [ -79.398689, 43.706462 ], [ -79.398674, 43.706598 ], [ -79.398634, 43.706713 ] ] } },
{ "type": "Feature", "properties": { "route": 5.0, "segment": 14, "leg": 4.0, "leg_segment": 3, "mode": "WALK", "route_short_name": "", "note": "arrive Northern District", "from_library": "Deer Park", "to_library": "Northern District", "segment_depart": "11:15:00", "segment_arrive": "11:20:00", "wait_min": 0.0, "duration_min": 4.8, "distance_m": 280.0 }, "geometry": { "type": "LineString", "coordinates": [ [ -79.39839, 43.706548 ], [ -79.398405, 43.706542 ], [ -79.398419, 43.706609 ], [ -79.398443, 43.70662 ], [ -79.398481, 43.706722 ], [ -79.398515, 43.706813 ], [ -79.398479, 43.706819 ], [ -79.398523, 43.707022 ], [ -79.398553, 43.707157 ], [ -79.398553, 43.707158 ], [ -79.398588, 43.70731 ], [ -79.398638, 43.70753 ], [ -79.398707, 43.707837 ], [ -79.39872, 43.707917 ], [ -79.398747, 43.708057 ], [ -79.398763, 43.708126 ], [ -79.398781, 43.708193 ], [ -79.3988, 43.708269 ], [ -79.398833, 43.708258 ], [ -79.398855, 43.708253 ], [ -79.398878, 43.708247 ], [ -79.398905, 43.708242 ], [ -79.399323, 43.708155 ], [ -79.399429, 43.708136 ], [ -79.399478, 43.708126 ], [ -79.399501, 43.70818 ], [ -79.399515, 43.708187 ], [ -79.399524, 43.708192 ], [ -79.399629, 43.708241 ], [ -79.399653, 43.708203 ] ] } },
{ "type": "Feature", "properties": { "route": 5.0, "segment": 15, "leg": 5.0, "leg_segment": 1, "mode": "WALK", "route_short_name": "", "note": "start Northern District", "from_library": "Northern District", "to_library": "Forest Hill", "segment_depart": "11:48:00", "segment_arrive": "11:53:00", "wait_min": 0.0, "duration_min": 5.2, "distance_m": 309.0 }, "geometry": { "type": "LineString", "coordinates": [ [ -79.399766, 43.708304 ], [ -79.399802, 43.708256 ], [ -79.399716, 43.708219 ], [ -79.399686, 43.708206 ], [ -79.399653, 43.708203 ], [ -79.399629, 43.708241 ], [ -79.399524, 43.708192 ], [ -79.399515, 43.708187 ], [ -79.399501, 43.70818 ], [ -79.399478, 43.708126 ], [ -79.399429, 43.708136 ], [ -79.399323, 43.708155 ], [ -79.398905, 43.708242 ], [ -79.398878, 43.708247 ], [ -79.398855, 43.708253 ], [ -79.398833, 43.708258 ], [ -79.3988, 43.708269 ], [ -79.398781, 43.708193 ], [ -79.398763, 43.708126 ], [ -79.398747, 43.708057 ], [ -79.39872, 43.707917 ], [ -79.398707, 43.707837 ], [ -79.398638, 43.70753 ], [ -79.398588, 43.70731 ], [ -79.398553, 43.707158 ], [ -79.398553, 43.707157 ], [ -79.398523, 43.707022 ], [ -79.398479, 43.706819 ], [ -79.398515, 43.706813 ], [ -79.398665, 43.706781 ], [ -79.398686, 43.706775 ], [ -79.398824, 43.706747 ], [ -79.398993, 43.706713 ], [ -79.398957, 43.706695 ] ] } },
{ "type": "Feature", "properties": { "route": 5.0, "segment": 16, "leg": 5.0, "leg_segment": 2, "mode": "BUS", "route_short_name": "34", "note": "", "from_library": "Northern District", "to_library": "Forest Hill", "segment_depart": "11:54:00", "segment_arrive": "12:06:00", "wait_min": 1.4, "duration_min": 11.3, "distance_m": 2368.0 }, "geometry": { "type": "LineString", "coordinates": [ [ -79.398948, 43.706608 ], [ -79.40027, 43.706345 ], [ -79.400073, 43.705677 ], [ -79.399464, 43.70548 ], [ -79.399373, 43.70539 ], [ -79.399315, 43.705226 ], [ -79.399237, 43.704844 ], [ -79.399065, 43.704657 ], [ -79.398797, 43.704582 ], [ -79.398651, 43.704599 ], [ -79.398601, 43.704602 ], [ -79.398505, 43.704718 ], [ -79.398636, 43.705245 ], [ -79.398636, 43.705245 ], [ -79.398639, 43.705256 ], [ -79.398786, 43.705389 ], [ -79.39888, 43.705422 ], [ -79.399284, 43.705466 ], [ -79.399464, 43.70548 ], [ -79.400073, 43.705677 ], [ -79.400096, 43.70577 ], [ -79.40027, 43.706345 ], [ -79.401452, 43.7061 ], [ -79.401734, 43.706032 ], [ -79.402765, 43.705822 ], [ -79.403549, 43.705647 ], [ -79.403549, 43.705647 ], [ -79.40375, 43.705602 ], [ -79.404311, 43.705483 ], [ -79.404892, 43.70536 ], [ -79.40592, 43.705149 ], [ -79.40592, 43.705149 ], [ -79.405967, 43.705139 ], [ -79.406132, 43.705105 ], [ -79.406528, 43.705024 ], [ -79.407405, 43.704836 ], [ -79.408516, 43.704598 ], [ -79.409125, 43.704467 ], [ -79.409125, 43.704467 ], [ -79.409621, 43.70436 ], [ -79.410957, 43.704082 ], [ -79.411392, 43.703992 ], [ -79.411392, 43.703992 ], [ -79.411645, 43.703939 ], [ -79.412075, 43.703845 ], [ -79.413231, 43.703612 ], [ -79.413707, 43.703511 ], [ -79.413707, 43.703511 ], [ -79.413883, 43.703473 ], [ -79.414393, 43.703356 ], [ -79.414946, 43.703244 ], [ -79.415504, 43.703118 ], [ -79.415962, 43.703029 ], [ -79.41684, 43.702837 ], [ -79.41684, 43.702837 ], [ -79.417093, 43.702782 ], [ -79.417379, 43.702719 ], [ -79.418104, 43.702571 ], [ -79.418328, 43.702522 ], [ -79.418831, 43.702412 ], [ -79.418831, 43.702412 ], [ -79.419108, 43.702351 ], [ -79.419884, 43.702185 ], [ -79.420702, 43.702035 ] ] } },
{ "type": "Feature", "properties": { "route": 5.0, "segment": 17, "leg": 5.0, "leg_segment": 3, "mode": "WALK", "route_short_name": "", "note": "arrive Forest Hill", "from_library": "Northern District", "to_library": "Forest Hill", "segment_depart": "12:06:00", "segment_arrive": "12:06:00", "wait_min": 0.0, "duration_min": 0.3, "distance_m": 16.0 }, "geometry": { "type": "LineString", "coordinates": [ [ -79.420708, 43.702097 ], [ -79.420765, 43.7021 ], [ -79.420626, 43.70213 ] ] } },
{ "type": "Feature", "properties": { "route": 5.0, "segment": 18, "leg": 6.0, "leg_segment": 1, "mode": "WALK", "route_short_name": "", "note": "start Forest Hill", "from_library": "Forest Hill", "to_library": "Barbara Frum", "segment_depart": "12:31:00", "segment_arrive": "12:39:00", "wait_min": 0.0, "duration_min": 7.9, "distance_m": 451.0 }, "geometry": { "type": "LineString", "coordinates": [ [ -79.420675, 43.702242 ], [ -79.420626, 43.70213 ], [ -79.420765, 43.7021 ], [ -79.420834, 43.702085 ], [ -79.420883, 43.702075 ], [ -79.420936, 43.702063 ], [ -79.420989, 43.702052 ], [ -79.421049, 43.702039 ], [ -79.421088, 43.702022 ], [ -79.421918, 43.701849 ], [ -79.421994, 43.701848 ], [ -79.422087, 43.701826 ], [ -79.42218, 43.701805 ], [ -79.422198, 43.701789 ], [ -79.422911, 43.701636 ], [ -79.423019, 43.701613 ], [ -79.423055, 43.701613 ], [ -79.423079, 43.701623 ], [ -79.423156, 43.701605 ], [ -79.423246, 43.701585 ], [ -79.423258, 43.701576 ], [ -79.423284, 43.701568 ], [ -79.42413, 43.70138 ], [ -79.424602, 43.70128 ], [ -79.42478, 43.701242 ], [ -79.425093, 43.701195 ], [ -79.425256, 43.701163 ], [ -79.425389, 43.701137 ], [ -79.425419, 43.701141 ], [ -79.425442, 43.701161 ], [ -79.425458, 43.701252 ], [ -79.425473, 43.701338 ], [ -79.425488, 43.701442 ], [ -79.425469, 43.701447 ] ] } },
{ "type": "Feature", "properties": { "route": 5.0, "segment": 19, "leg": 6.0, "leg_segment": 2, "mode": "BUS", "route_short_name": "7", "note": "", "from_library": "Forest Hill", "to_library": "Barbara Frum", "segment_depart": "12:40:00", "segment_arrive": "12:48:00", "wait_min": 1.1, "duration_min": 8.6, "distance_m": 2174.0 }, "geometry": { "type": "LineString", "coordinates": [ [ -79.425633, 43.701386 ], [ -79.425636, 43.701403 ], [ -79.425649, 43.701467 ], [ -79.425663, 43.701593 ], [ -79.42567, 43.701706 ], [ -79.425672, 43.701886 ], [ -79.425682, 43.702088 ], [ -79.425697, 43.702269 ], [ -79.425707, 43.702381 ], [ -79.42571, 43.702471 ], [ -79.425745, 43.702638 ], [ -79.425822, 43.702975 ], [ -79.425849, 43.703098 ], [ -79.425849, 43.703098 ], [ -79.425871, 43.7032 ], [ -79.425899, 43.703331 ], [ -79.426138, 43.704267 ], [ -79.42625, 43.704749 ], [ -79.426277, 43.704866 ], [ -79.426313, 43.705005 ], [ -79.426313, 43.705005 ], [ -79.426348, 43.70514 ], [ -79.42636, 43.705185 ], [ -79.426421, 43.70542 ], [ -79.426625, 43.706207 ], [ -79.426844, 43.707098 ], [ -79.426994, 43.707703 ], [ -79.426994, 43.707703 ], [ -79.427047, 43.707918 ], [ -79.427141, 43.708279 ], [ -79.427269, 43.708764 ], [ -79.427451, 43.709597 ], [ -79.427476, 43.709732 ], [ -79.427639, 43.710324 ], [ -79.427639, 43.710324 ], [ -79.427682, 43.710479 ], [ -79.427712, 43.710621 ], [ -79.427921, 43.711415 ], [ -79.427934, 43.711528 ], [ -79.428101, 43.712191 ], [ -79.428101, 43.712191 ], [ -79.428135, 43.712324 ], [ -79.428199, 43.712592 ], [ -79.428352, 43.713229 ], [ -79.428554, 43.71406 ], [ -79.428554, 43.71406 ], [ -79.428587, 43.714197 ], [ -79.428778, 43.715057 ], [ -79.428955, 43.715786 ], [ -79.428955, 43.715786 ], [ -79.428993, 43.715944 ], [ -79.429213, 43.716803 ], [ -79.429368, 43.717479 ], [ -79.429368, 43.717479 ], [ -79.429401, 43.717622 ], [ -79.42958, 43.718415 ], [ -79.429746, 43.719035 ], [ -79.429746, 43.719035 ], [ -79.429804, 43.719252 ], [ -79.429967, 43.720026 ], [ -79.4301, 43.720668 ] ] } },
{ "type": "Feature", "properties": { "route": 5.0, "segment": 20, "leg": 6.0, "leg_segment": 3, "mode": "WALK", "route_short_name": "", "note": "arrive Barbara Frum", "from_library": "Forest Hill", "to_library": "Barbara Frum", "segment_depart": "12:48:00", "segment_arrive": "12:51:00", "wait_min": 0.0, "duration_min": 3.0, "distance_m": 173.0 }, "geometry": { "type": "LineString", "coordinates": [ [ -79.429983, 43.720714 ], [ -79.429978, 43.72076 ], [ -79.429981, 43.720784 ], [ -79.429994, 43.720844 ], [ -79.430143, 43.720871 ], [ -79.430284, 43.720899 ], [ -79.430299, 43.720902 ], [ -79.430312, 43.720966 ], [ -79.430324, 43.720993 ], [ -79.430361, 43.720998 ], [ -79.430413, 43.720991 ], [ -79.430893, 43.720889 ], [ -79.431792, 43.720698 ] ] } },
{ "type": "Feature", "properties": { "route": 5.0, "segment": 21, "leg": 7.0, "leg_segment": 1, "mode": "WALK", "route_short_name": "", "note": "start Barbara Frum", "from_library": "Barbara Frum", "to_library": "Locke", "segment_depart": "13:12:00", "segment_arrive": "13:19:00", "wait_min": 0.0, "duration_min": 6.4, "distance_m": 395.0 }, "geometry": { "type": "LineString", "coordinates": [ [ -79.431792, 43.720698 ], [ -79.432476, 43.720552 ], [ -79.4336, 43.720299 ], [ -79.433606, 43.720298 ], [ -79.433625, 43.720293 ], [ -79.433676, 43.720281 ], [ -79.433652, 43.720221 ], [ -79.433613, 43.720129 ], [ -79.433477, 43.719805 ], [ -79.433342, 43.719486 ], [ -79.433315, 43.719422 ], [ -79.433114, 43.718915 ], [ -79.433102, 43.718888 ], [ -79.432985, 43.718597 ], [ -79.432949, 43.718503 ], [ -79.432915, 43.718401 ], [ -79.433009, 43.718381 ], [ -79.433026, 43.718378 ], [ -79.433131, 43.718355 ], [ -79.433132, 43.718362 ] ] } },
{ "type": "Feature", "properties": { "route": 5.0, "segment": 22, "leg": 7.0, "leg_segment": 2, "mode": "BUS", "route_short_name": "52", "note": "", "from_library": "Barbara Frum", "to_library": "Locke", "segment_depart": "13:20:00", "segment_arrive": "13:29:00", "wait_min": 1.7, "duration_min": 8.2, "distance_m": 2677.0 }, "geometry": { "type": "LineString", "coordinates": [ [ -79.433142, 43.718448 ], [ -79.432962, 43.718486 ], [ -79.430174, 43.719162 ], [ -79.430174, 43.719162 ], [ -79.429804, 43.719252 ], [ -79.428286, 43.719589 ], [ -79.426895, 43.719878 ], [ -79.426895, 43.719878 ], [ -79.426625, 43.719934 ], [ -79.426403, 43.719983 ], [ -79.425543, 43.720154 ], [ -79.424371, 43.720392 ], [ -79.422606, 43.720782 ], [ -79.422606, 43.720782 ], [ -79.422464, 43.720813 ], [ -79.421432, 43.721029 ], [ -79.419969, 43.721329 ], [ -79.41849, 43.721657 ], [ -79.41849, 43.721657 ], [ -79.418488, 43.721657 ], [ -79.417645, 43.721832 ], [ -79.416748, 43.722011 ], [ -79.415826, 43.722202 ], [ -79.415826, 43.722202 ], [ -79.415597, 43.722249 ], [ -79.414192, 43.722559 ], [ -79.413228, 43.722783 ], [ -79.413228, 43.722783 ], [ -79.413191, 43.722792 ], [ -79.412096, 43.723025 ], [ -79.411389, 43.72317 ], [ -79.411389, 43.72317 ], [ -79.411333, 43.723182 ], [ -79.410016, 43.723455 ], [ -79.408927, 43.723693 ], [ -79.408927, 43.723693 ], [ -79.408783, 43.723724 ], [ -79.407108, 43.724056 ], [ -79.405762, 43.724344 ], [ -79.405762, 43.724344 ], [ -79.405598, 43.724379 ], [ -79.404542, 43.724603 ], [ -79.403684, 43.724805 ], [ -79.403684, 43.724805 ], [ -79.403559, 43.724835 ], [ -79.403214, 43.7249 ], [ -79.403198, 43.724728 ], [ -79.403168, 43.724627 ], [ -79.403106, 43.724567 ], [ -79.402973, 43.724533 ], [ -79.402845, 43.724534 ], [ -79.402453, 43.724606 ], [ -79.402324, 43.724639 ], [ -79.402261, 43.724705 ], [ -79.402247, 43.724796 ], [ -79.402317, 43.725075 ], [ -79.402347, 43.7252 ] ] } },
{ "type": "Feature", "properties": { "route": 5.0, "segment": 23, "leg": 7.0, "leg_segment": 3, "mode": "WALK", "route_short_name": "", "note": "arrive Locke", "from_library": "Barbara Frum", "to_library": "Locke", "segment_depart": "13:29:00", "segment_arrive": "13:30:00", "wait_min": 0.0, "duration_min": 1.2, "distance_m": 66.0 }, "geometry": { "type": "LineString", "coordinates": [ [ -79.402249, 43.725245 ], [ -79.402214, 43.725213 ], [ -79.40219, 43.725122 ], [ -79.402185, 43.725101 ], [ -79.40218, 43.725074 ], [ -79.402025, 43.725102 ], [ -79.402008, 43.725015 ], [ -79.402013, 43.724863 ], [ -79.401994, 43.724865 ], [ -79.401961, 43.724869 ], [ -79.401942, 43.724871 ] ] } },
{ "type": "Feature", "properties": { "route": 5.0, "segment": 24, "leg": 8.0, "leg_segment": 1, "mode": "WALK", "route_short_name": "", "note": "start Locke", "from_library": "Locke", "to_library": "Mount Pleasant", "segment_depart": "13:51:00", "segment_arrive": "13:52:00", "wait_min": 0.0, "duration_min": 1.7, "distance_m": 84.0 }, "geometry": { "type": "LineString", "coordinates": [ [ -79.40192, 43.724863 ], [ -79.401942, 43.724871 ], [ -79.401961, 43.724869 ], [ -79.401994, 43.724865 ], [ -79.402013, 43.724863 ], [ -79.402008, 43.725015 ], [ -79.402025, 43.725102 ], [ -79.40218, 43.725074 ], [ -79.402185, 43.725101 ], [ -79.40219, 43.725122 ], [ -79.402214, 43.725213 ], [ -79.402254, 43.725366 ], [ -79.40229, 43.725348 ] ] } },
{ "type": "Feature", "properties": { "route": 5.0, "segment": 25, "leg": 8.0, "leg_segment": 2, "mode": "SUBWAY", "route_short_name": "1", "note": "", "from_library": "Locke", "to_library": "Mount Pleasant", "segment_depart": "13:54:00", "segment_arrive": "13:59:00", "wait_min": 1.6, "duration_min": 5.2, "distance_m": 3189.0 }, "geometry": { "type": "LineString", "coordinates": [ [ -79.402454, 43.725256 ], [ -79.402393, 43.725046 ], [ -79.402388, 43.724902 ], [ -79.402266, 43.724271 ], [ -79.402137, 43.723733 ], [ -79.402041, 43.723404 ], [ -79.402004, 43.723046 ], [ -79.401792, 43.721913 ], [ -79.401599, 43.720926 ], [ -79.401386, 43.719928 ], [ -79.40134, 43.719495 ], [ -79.401147, 43.718696 ], [ -79.401048, 43.71828 ], [ -79.400824, 43.717195 ], [ -79.400679, 43.71655 ], [ -79.40064, 43.716319 ], [ -79.400429, 43.715398 ], [ -79.400306, 43.714892 ], [ -79.400235, 43.714513 ], [ -79.400037, 43.713596 ], [ -79.400019, 43.713476 ], [ -79.399915, 43.712947 ], [ -79.399761, 43.712233 ], [ -79.399674, 43.711786 ], [ -79.399515, 43.711023 ], [ -79.399487, 43.710856 ], [ -79.399194, 43.709528 ], [ -79.399066, 43.709031 ], [ -79.398876, 43.708156 ], [ -79.398825, 43.707929 ], [ -79.398614, 43.706927 ], [ -79.398618, 43.706757 ], [ -79.398674, 43.706598 ], [ -79.398689, 43.706462 ], [ -79.398552, 43.705134 ], [ -79.398534, 43.704669 ], [ -79.398545, 43.704572 ], [ -79.398545, 43.704572 ], [ -79.398581, 43.704262 ], [ -79.398615, 43.703799 ], [ -79.398547, 43.70312 ], [ -79.398462, 43.702408 ], [ -79.398129, 43.70066 ], [ -79.397718, 43.698773 ], [ -79.397601, 43.698237 ], [ -79.397477, 43.697932 ], [ -79.397072, 43.696934 ], [ -79.39705, 43.696891 ] ] } },
{ "type": "Feature", "properties": { "route": 5.0, "segment": 26, "leg": 8.0, "leg_segment": 3, "mode": "WALK", "route_short_name": "", "note": "", "from_library": "Locke", "to_library": "Mount Pleasant", "segment_depart": "13:59:00", "segment_arrive": "14:02:00", "wait_min": 0.0, "duration_min": 3.1, "distance_m": 200.0 }, "geometry": { "type": "LineString", "coordinates": [ [ -79.39689, 43.697048 ], [ -79.396879, 43.697007 ], [ -79.397311, 43.69779 ], [ -79.397267, 43.697802 ], [ -79.397187, 43.697823 ], [ -79.397148, 43.697833 ], [ -79.397086, 43.69785 ], [ -79.397024, 43.697867 ], [ -79.396991, 43.697876 ], [ -79.396806, 43.697926 ], [ -79.39669, 43.697956 ], [ -79.396632, 43.697681 ], [ -79.396599, 43.697526 ] ] } },
{ "type": "Feature", "properties": { "route": 5.0, "segment": 27, "leg": 8.0, "leg_segment": 4, "mode": "BUS", "route_short_name": "28", "note": "", "from_library": "Locke", "to_library": "Mount Pleasant", "segment_depart": "14:04:00", "segment_arrive": "14:07:00", "wait_min": 2.1, "duration_min": 2.9, "distance_m": 947.0 }, "geometry": { "type": "LineString", "coordinates": [ [ -79.39686, 43.697637 ], [ -79.396778, 43.697459 ], [ -79.396645, 43.697356 ], [ -79.396459, 43.697367 ], [ -79.39663, 43.698295 ], [ -79.396403, 43.698357 ], [ -79.396205, 43.698397 ], [ -79.396205, 43.698397 ], [ -79.392014, 43.699252 ], [ -79.392014, 43.699252 ], [ -79.390867, 43.699486 ], [ -79.389807, 43.699705 ], [ -79.389807, 43.699705 ], [ -79.389627, 43.699742 ], [ -79.387163, 43.700263 ] ] } },
{ "type": "Feature", "properties": { "route": 5.0, "segment": 28, "leg": 8.0, "leg_segment": 5, "mode": "WALK", "route_short_name": "", "note": "arrive Mount Pleasant", "from_library": "Locke", "to_library": "Mount Pleasant", "segment_depart": "14:07:00", "segment_arrive": "14:12:00", "wait_min": 0.0, "duration_min": 5.1, "distance_m": 299.0 }, "geometry": { "type": "LineString", "coordinates": [ [ -79.387156, 43.700197 ], [ -79.387157, 43.700206 ], [ -79.387121, 43.700213 ], [ -79.387078, 43.700215 ], [ -79.387107, 43.700304 ], [ -79.387136, 43.700395 ], [ -79.386978, 43.70042 ], [ -79.38715, 43.700867 ], [ -79.387286, 43.701198 ], [ -79.387473, 43.701654 ], [ -79.387631, 43.70204 ], [ -79.387675, 43.702151 ], [ -79.387688, 43.702183 ], [ -79.387771, 43.702391 ], [ -79.387803, 43.702478 ], [ -79.387834, 43.702552 ], [ -79.3877, 43.702579 ] ] } },
{ "type": "Feature", "properties": { "route": 5.0, "segment": 29, "leg": 9.0, "leg_segment": 1, "mode": "WALK", "route_short_name": "", "note": "start Mount Pleasant", "from_library": "Mount Pleasant", "to_library": "Leaside", "segment_depart": "14:33:00", "segment_arrive": "14:34:00", "wait_min": 0.0, "duration_min": 0.8, "distance_m": 198.0 }, "geometry": { "type": "LineString", "coordinates": [ [ -79.3877, 43.702579 ], [ -79.387724, 43.702624 ], [ -79.388385, 43.704253 ], [ -79.388369, 43.70422 ] ] } },
{ "type": "Feature", "properties": { "route": 5.0, "segment": 30, "leg": 9.0, "leg_segment": 2, "mode": "BUS", "route_short_name": "74", "note": "", "from_library": "Mount Pleasant", "to_library": "Leaside", "segment_depart": "14:35:00", "segment_arrive": "14:38:00", "wait_min": 1.5, "duration_min": 2.3, "distance_m": 538.0 }, "geometry": { "type": "LineString", "coordinates": [ [ -79.388491, 43.704124 ], [ -79.388558, 43.704286 ], [ -79.388921, 43.705173 ], [ -79.3892, 43.705876 ], [ -79.3892, 43.705876 ], [ -79.38928, 43.706078 ], [ -79.390184, 43.708402 ], [ -79.390704, 43.708296 ] ] } },
{ "type": "Feature", "properties": { "route": 5.0, "segment": 31, "leg": 9.0, "leg_segment": 3, "mode": "WALK", "route_short_name": "", "note": "", "from_library": "Mount Pleasant", "to_library": "Leaside", "segment_depart": "14:38:00", "segment_arrive": "14:38:00", "wait_min": 0.0, "duration_min": 0.7, "distance_m": 50.0 }, "geometry": { "type": "LineString", "coordinates": [ [ -79.390712, 43.708374 ], [ -79.390711, 43.708368 ], [ -79.390334, 43.708447 ], [ -79.390347, 43.708484 ], [ -79.390337, 43.708497 ], [ -79.39019, 43.708526 ] ] } },
{ "type": "Feature", "properties": { "route": 5.0, "segment": 32, "leg": 9.0, "leg_segment": 4, "mode": "TRAM", "route_short_name": "5", "note": "", "from_library": "Mount Pleasant", "to_library": "Leaside", "segment_depart": "14:41:00", "segment_arrive": "14:45:00", "wait_min": 2.1, "duration_min": 4.5, "distance_m": 2131.0 }, "geometry": { "type": "LineString", "coordinates": [ [ -79.390316, 43.708382 ], [ -79.390197, 43.708407 ], [ -79.388879, 43.708653 ], [ -79.387888, 43.70886 ], [ -79.387542, 43.708927 ], [ -79.386201, 43.709191 ], [ -79.384909, 43.709455 ], [ -79.383591, 43.709737 ], [ -79.383208, 43.709814 ], [ -79.382248, 43.71002 ], [ -79.381243, 43.710212 ], [ -79.38093, 43.71027 ], [ -79.380207, 43.710418 ], [ -79.379643, 43.710526 ], [ -79.378347, 43.710772 ], [ -79.377158, 43.711036 ], [ -79.376573, 43.711161 ], [ -79.37652, 43.711172 ], [ -79.37652, 43.711172 ], [ -79.3739, 43.711732 ], [ -79.373575, 43.7118 ], [ -79.37207, 43.712095 ], [ -79.369659, 43.712573 ], [ -79.367228, 43.713078 ], [ -79.364802, 43.713565 ], [ -79.364774, 43.713571 ] ] } },
{ "type": "Feature", "properties": { "route": 5.0, "segment": 33, "leg": 9.0, "leg_segment": 5, "mode": "WALK", "route_short_name": "", "note": "", "from_library": "Mount Pleasant", "to_library": "Leaside", "segment_depart": "14:45:00", "segment_arrive": "14:46:00", "wait_min": 0.0, "duration_min": 0.9, "distance_m": 56.0 }, "geometry": { "type": "LineString", "coordinates": [ [ -79.364733, 43.713199 ], [ -79.364742, 43.713189 ], [ -79.364722, 43.713141 ], [ -79.364632, 43.712903 ], [ -79.364564, 43.712747 ], [ -79.364568, 43.712717 ] ] } },
{ "type": "Feature", "properties": { "route": 5.0, "segment": 34, "leg": 9.0, "leg_segment": 6, "mode": "BUS", "route_short_name": "88", "note": "", "from_library": "Mount Pleasant", "to_library": "Leaside", "segment_depart": "14:49:00", "segment_arrive": "14:53:00", "wait_min": 3.5, "duration_min": 3.6, "distance_m": 735.0 }, "geometry": { "type": "LineString", "coordinates": [ [ -79.364499, 43.712811 ], [ -79.364446, 43.712678 ], [ -79.364086, 43.711793 ], [ -79.363904, 43.71134 ], [ -79.363727, 43.710896 ], [ -79.363556, 43.710441 ], [ -79.363514, 43.710353 ], [ -79.363574, 43.71025 ], [ -79.363667, 43.710124 ], [ -79.363807, 43.709967 ], [ -79.363839, 43.709931 ], [ -79.363839, 43.709931 ], [ -79.364014, 43.709737 ], [ -79.364218, 43.709548 ], [ -79.364412, 43.709364 ], [ -79.364578, 43.709207 ], [ -79.364837, 43.709023 ], [ -79.365145, 43.708798 ], [ -79.365426, 43.7086 ], [ -79.365588, 43.708497 ], [ -79.365646, 43.708457 ], [ -79.365646, 43.708457 ], [ -79.365835, 43.708326 ], [ -79.365941, 43.70826 ], [ -79.366055, 43.708189 ], [ -79.366175, 43.708115 ], [ -79.366449, 43.707904 ], [ -79.366548, 43.707836 ], [ -79.366726, 43.707706 ], [ -79.366922, 43.707571 ], [ -79.367149, 43.70741 ], [ -79.367226, 43.707347 ] ] } },
{ "type": "Feature", "properties": { "route": 5.0, "segment": 35, "leg": 9.0, "leg_segment": 7, "mode": "WALK", "route_short_name": "", "note": "arrive Leaside", "from_library": "Mount Pleasant", "to_library": "Leaside", "segment_depart": "14:53:00", "segment_arrive": "14:55:00", "wait_min": 0.0, "duration_min": 1.8, "distance_m": 103.0 }, "geometry": { "type": "LineString", "coordinates": [ [ -79.367245, 43.707391 ], [ -79.367243, 43.707348 ], [ -79.367292, 43.70731 ], [ -79.367398, 43.707204 ], [ -79.367357, 43.707097 ], [ -79.367405, 43.707051 ], [ -79.36742, 43.707034 ], [ -79.367457, 43.706997 ], [ -79.367475, 43.706976 ], [ -79.367453, 43.706967 ], [ -79.367436, 43.706952 ], [ -79.367398, 43.706865 ], [ -79.367337, 43.706713 ], [ -79.367305, 43.706629 ], [ -79.367303, 43.706611 ], [ -79.367311, 43.706599 ], [ -79.367324, 43.706583 ], [ -79.367324, 43.706566 ] ] } },
{ "type": "Feature", "properties": { "route": 6.0, "segment": 1, "leg": 1.0, "leg_segment": 1, "mode": "WALK", "route_short_name": "", "note": "start Daniel G. Hill (formely Jane/Dundas)", "from_library": "Daniel G. Hill (formely Jane/Dundas)", "to_library": "Annette Street", "segment_depart": "09:09:00", "segment_arrive": "09:10:00", "wait_min": 0.0, "duration_min": 0.4, "distance_m": 38.0 }, "geometry": { "type": "LineString", "coordinates": [ [ -79.491851, 43.665624 ], [ -79.491412, 43.665626 ], [ -79.491412, 43.665598 ] ] } },
{ "type": "Feature", "properties": { "route": 6.0, "segment": 2, "leg": 1.0, "leg_segment": 2, "mode": "BUS", "route_short_name": "40", "note": "", "from_library": "Daniel G. Hill (formely Jane/Dundas)", "to_library": "Annette Street", "segment_depart": "09:12:00", "segment_arrive": "09:18:00", "wait_min": 2.0, "duration_min": 6.5, "distance_m": 1826.0 }, "geometry": { "type": "LineString", "coordinates": [ [ -79.491414, 43.665729 ], [ -79.491186, 43.665734 ], [ -79.489598, 43.665658 ], [ -79.488539, 43.665641 ], [ -79.488063, 43.665639 ], [ -79.488063, 43.665639 ], [ -79.48605, 43.665629 ], [ -79.48605, 43.665629 ], [ -79.485924, 43.665628 ], [ -79.485767, 43.665626 ], [ -79.484817, 43.665612 ], [ -79.483588, 43.665607 ], [ -79.482686, 43.66559 ], [ -79.482267, 43.665582 ], [ -79.482105, 43.665579 ], [ -79.481638, 43.665579 ], [ -79.481638, 43.665579 ], [ -79.480623, 43.665578 ], [ -79.479365, 43.665567 ], [ -79.479365, 43.665567 ], [ -79.478957, 43.665563 ], [ -79.475792, 43.665532 ], [ -79.474193, 43.665522 ], [ -79.473744, 43.665524 ], [ -79.473744, 43.665524 ], [ -79.473638, 43.665524 ], [ -79.473265, 43.665513 ], [ -79.472134, 43.665519 ], [ -79.471071, 43.665489 ], [ -79.47039, 43.665481 ], [ -79.468708, 43.665463 ] ] } },
{ "type": "Feature", "properties": { "route": 6.0, "segment": 3, "leg": 1.0, "leg_segment": 3, "mode": "WALK", "route_short_name": "", "note": "arrive Annette Street", "from_library": "Daniel G. Hill (formely Jane/Dundas)", "to_library": "Annette Street", "segment_depart": "09:18:00", "segment_arrive": "09:24:00", "wait_min": 0.0, "duration_min": 6.1, "distance_m": 361.0 }, "geometry": { "type": "LineString", "coordinates": [ [ -79.468708, 43.66539 ], [ -79.468658, 43.665384 ], [ -79.468637, 43.665379 ], [ -79.46862, 43.665367 ], [ -79.468594, 43.665309 ], [ -79.468461, 43.66499 ], [ -79.468456, 43.664977 ], [ -79.468349, 43.66474 ], [ -79.468281, 43.66458 ], [ -79.468223, 43.664592 ], [ -79.468051, 43.664183 ], [ -79.467848, 43.663714 ], [ -79.467789, 43.663728 ], [ -79.467645, 43.663386 ], [ -79.467625, 43.663366 ], [ -79.467596, 43.663351 ], [ -79.467558, 43.663259 ], [ -79.467271, 43.66332 ], [ -79.466945, 43.663392 ], [ -79.466913, 43.663317 ], [ -79.466842, 43.663329 ], [ -79.46682, 43.663352 ], [ -79.466528, 43.663418 ] ] } },
{ "type": "Feature", "properties": { "route": 6.0, "segment": 4, "leg": 2.0, "leg_segment": 1, "mode": "WALK", "route_short_name": "", "note": "start Annette Street", "from_library": "Annette Street", "to_library": "Junction Triangle (formely Perth/Dupont)", "segment_depart": "10:07", "segment_arrive": "10:08", "wait_min": 0.0, "duration_min": 0.3, "distance_m": 34.0 }, "geometry": { "type": "LineString", "coordinates": [ [ -79.466129, 43.663489 ], [ -79.466176, 43.663498 ], [ -79.466528, 43.663418 ], [ -79.466527, 43.663412 ] ] } },
{ "type": "Feature", "properties": { "route": 6.0, "segment": 5, "leg": 2.0, "leg_segment": 2, "mode": "BUS", "route_short_name": "26", "note": "", "from_library": "Annette Street", "to_library": "Junction Triangle (formely Perth/Dupont)", "segment_depart": "10:14", "segment_arrive": "10:20", "wait_min": 5.8, "duration_min": 6.0, "distance_m": 1283.0 }, "geometry": { "type": "LineString", "coordinates": [ [ -79.466536, 43.663488 ], [ -79.466413, 43.663515 ], [ -79.466083, 43.66357 ], [ -79.465219, 43.663775 ], [ -79.465047, 43.663804 ], [ -79.464925, 43.663821 ], [ -79.464831, 43.663825 ], [ -79.464755, 43.663821 ], [ -79.464643, 43.663816 ], [ -79.464349, 43.663766 ], [ -79.46397, 43.663685 ], [ -79.46397, 43.663685 ], [ -79.463792, 43.663647 ], [ -79.463133, 43.663522 ], [ -79.462863, 43.66347 ], [ -79.462739, 43.663456 ], [ -79.462595, 43.663462 ], [ -79.462349, 43.663489 ], [ -79.46171, 43.663635 ], [ -79.461296, 43.663729 ], [ -79.461296, 43.663729 ], [ -79.461142, 43.663764 ], [ -79.460568, 43.663888 ], [ -79.460005, 43.664009 ], [ -79.459444, 43.66413 ], [ -79.459139, 43.664287 ], [ -79.458863, 43.664429 ], [ -79.458863, 43.664429 ], [ -79.458766, 43.664479 ], [ -79.458563, 43.664476 ], [ -79.458434, 43.664462 ], [ -79.457988, 43.664348 ], [ -79.457767, 43.664257 ], [ -79.457262, 43.664406 ], [ -79.457255, 43.664408 ], [ -79.456581, 43.664562 ], [ -79.456182, 43.664619 ], [ -79.456068, 43.664657 ], [ -79.45586, 43.664737 ], [ -79.455657, 43.664795 ], [ -79.455484, 43.66484 ], [ -79.455168, 43.664905 ], [ -79.455168, 43.664905 ], [ -79.454147, 43.665117 ], [ -79.452947, 43.665374 ], [ -79.452947, 43.665374 ], [ -79.452412, 43.665489 ], [ -79.451808, 43.665618 ], [ -79.451375, 43.66571 ] ] } },
{ "type": "Feature", "properties": { "route": 6.0, "segment": 6, "leg": 2.0, "leg_segment": 3, "mode": "WALK", "route_short_name": "", "note": "arrive Junction Triangle (formely Perth/Dupont)", "from_library": "Annette Street", "to_library": "Junction Triangle (formely Perth/Dupont)", "segment_depart": "10:20", "segment_arrive": "10:22", "wait_min": 0.0, "duration_min": 2.8, "distance_m": 167.0 }, "geometry": { "type": "LineString", "coordinates": [ [ -79.451366, 43.665626 ], [ -79.451367, 43.665635 ], [ -79.451321, 43.665644 ], [ -79.45129, 43.665636 ], [ -79.451187, 43.665657 ], [ -79.45108, 43.665676 ], [ -79.451054, 43.665692 ], [ -79.451023, 43.665704 ], [ -79.450603, 43.665788 ], [ -79.450118, 43.665886 ], [ -79.45009, 43.665888 ], [ -79.450001, 43.665906 ], [ -79.449991, 43.665885 ], [ -79.449834, 43.665507 ], [ -79.449778, 43.665518 ] ] } },
{ "type": "Feature", "properties": { "route": 6.0, "segment": 7, "leg": 3.0, "leg_segment": 1, "mode": "WALK", "route_short_name": "", "note": "start Junction Triangle (formely Perth/Dupont)", "from_library": "Junction Triangle (formely Perth/Dupont)", "to_library": "Palmerston", "segment_depart": "10:41:00", "segment_arrive": "10:46:00", "wait_min": 0.0, "duration_min": 4.9, "distance_m": 335.0 }, "geometry": { "type": "LineString", "coordinates": [ [ -79.448953, 43.665683 ], [ -79.449778, 43.665518 ], [ -79.449834, 43.665507 ], [ -79.449662, 43.665097 ], [ -79.449294, 43.664231 ], [ -79.44936, 43.664217 ], [ -79.449362, 43.664206 ], [ -79.44938, 43.664197 ], [ -79.449386, 43.664194 ], [ -79.449882, 43.664092 ], [ -79.450258, 43.664013 ], [ -79.45035, 43.663994 ], [ -79.45038, 43.663995 ], [ -79.450413, 43.664005 ], [ -79.450491, 43.663991 ], [ -79.450585, 43.663974 ], [ -79.45057, 43.664003 ] ] } },
{ "type": "Feature", "properties": { "route": 6.0, "segment": 8, "leg": 3.0, "leg_segment": 2, "mode": "TRAM", "route_short_name": "512", "note": "", "from_library": "Junction Triangle (formely Perth/Dupont)", "to_library": "Palmerston", "segment_depart": "10:47:00", "segment_arrive": "10:51:00", "wait_min": 1.7, "duration_min": 4.1, "distance_m": 1279.0 }, "geometry": { "type": "LineString", "coordinates": [ [ -79.450531, 43.664034 ], [ -79.450487, 43.66393 ], [ -79.449431, 43.661387 ], [ -79.449431, 43.661387 ], [ -79.449392, 43.661292 ], [ -79.448822, 43.659888 ], [ -79.448822, 43.659888 ], [ -79.448771, 43.659763 ], [ -79.448685, 43.659576 ], [ -79.448133, 43.658201 ], [ -79.448111, 43.658146 ], [ -79.447942, 43.657722 ], [ -79.447929, 43.657695 ], [ -79.447772, 43.657301 ], [ -79.446988, 43.657465 ], [ -79.446934, 43.657476 ], [ -79.44525, 43.657827 ], [ -79.445218, 43.657834 ], [ -79.443996, 43.658089 ], [ -79.442734, 43.658338 ], [ -79.442743, 43.658423 ], [ -79.442763, 43.658491 ], [ -79.442876, 43.658785 ], [ -79.442965, 43.659016 ] ] } },
{ "type": "Feature", "properties": { "route": 6.0, "segment": 9, "leg": 3.0, "leg_segment": 3, "mode": "WALK", "route_short_name": "", "note": "", "from_library": "Junction Triangle (formely Perth/Dupont)", "to_library": "Palmerston", "segment_depart": "10:51:00", "segment_arrive": "10:52:00", "wait_min": 0.0, "duration_min": 0.8, "distance_m": 79.0 }, "geometry": { "type": "LineString", "coordinates": [ [ -79.442882, 43.659077 ], [ -79.442871, 43.659088 ], [ -79.442907, 43.659155 ], [ -79.442652, 43.6592 ], [ -79.442499, 43.659209 ], [ -79.44246, 43.659216 ], [ -79.442065, 43.659287 ] ] } },
{ "type": "Feature", "properties": { "route": 6.0, "segment": 10, "leg": 3.0, "leg_segment": 4, "mode": "SUBWAY", "route_short_name": "2", "note": "", "from_library": "Junction Triangle (formely Perth/Dupont)", "to_library": "Palmerston", "segment_depart": "10:54:00", "segment_arrive": "11:01:00", "wait_min": 2.2, "duration_min": 6.5, "distance_m": 2676.0 }, "geometry": { "type": "LineString", "coordinates": [ [ -79.442464, 43.65928 ], [ -79.441379, 43.659344 ], [ -79.440663, 43.659387 ], [ -79.440129, 43.659404 ], [ -79.439853, 43.65939 ], [ -79.439503, 43.659409 ], [ -79.438801, 43.659515 ], [ -79.4379, 43.659696 ], [ -79.436733, 43.659919 ], [ -79.435735, 43.660136 ], [ -79.435658, 43.660152 ], [ -79.434405, 43.660414 ], [ -79.434128, 43.660455 ], [ -79.433853, 43.660513 ], [ -79.433853, 43.660513 ], [ -79.4333, 43.66063 ], [ -79.432818, 43.660727 ], [ -79.432055, 43.660897 ], [ -79.431515, 43.661029 ], [ -79.430144, 43.661366 ], [ -79.42935, 43.661602 ], [ -79.428768, 43.661791 ], [ -79.428073, 43.661972 ], [ -79.427401, 43.662111 ], [ -79.426388, 43.662321 ], [ -79.426202, 43.66236 ], [ -79.426094, 43.662383 ], [ -79.426094, 43.662383 ], [ -79.425188, 43.662571 ], [ -79.424975, 43.662622 ], [ -79.423811, 43.662885 ], [ -79.422602, 43.663152 ], [ -79.421457, 43.663398 ], [ -79.41929, 43.663859 ], [ -79.418757, 43.663981 ], [ -79.417637, 43.664218 ], [ -79.417273, 43.664296 ], [ -79.417273, 43.664296 ], [ -79.416533, 43.664455 ], [ -79.415883, 43.664627 ], [ -79.415116, 43.664846 ], [ -79.414168, 43.665156 ], [ -79.412955, 43.665423 ], [ -79.411486, 43.665716 ], [ -79.410585, 43.665913 ] ] } },
{ "type": "Feature", "properties": { "route": 6.0, "segment": 11, "leg": 3.0, "leg_segment": 5, "mode": "WALK", "route_short_name": "", "note": "arrive Palmerston", "from_library": "Junction Triangle (formely Perth/Dupont)", "to_library": "Palmerston", "segment_depart": "11:01:00", "segment_arrive": "11:07:00", "wait_min": 0.0, "duration_min": 5.7, "distance_m": 330.0 }, "geometry": { "type": "LineString", "coordinates": [ [ -79.410589, 43.665949 ], [ -79.410531, 43.665952 ], [ -79.411244, 43.665796 ], [ -79.41141, 43.665757 ], [ -79.412347, 43.665539 ], [ -79.412396, 43.665528 ], [ -79.412496, 43.665507 ], [ -79.412477, 43.665455 ], [ -79.412474, 43.665446 ], [ -79.412319, 43.665477 ], [ -79.412315, 43.665466 ], [ -79.412436, 43.665441 ], [ -79.412558, 43.665416 ], [ -79.412613, 43.665405 ], [ -79.412586, 43.665335 ], [ -79.412641, 43.665323 ], [ -79.413184, 43.665205 ], [ -79.413734, 43.665085 ], [ -79.413789, 43.665073 ], [ -79.41384, 43.665062 ] ] } },
{ "type": "Feature", "properties": { "route": 6.0, "segment": 12, "leg": 4.0, "leg_segment": 1, "mode": "WALK", "route_short_name": "", "note": "start Palmerston", "from_library": "Palmerston", "to_library": "Spadina Road", "segment_depart": "11:29:00", "segment_arrive": "11:36:00", "wait_min": 0.0, "duration_min": 6.3, "distance_m": 375.0 }, "geometry": { "type": "LineString", "coordinates": [ [ -79.414376, 43.664944 ], [ -79.41384, 43.665062 ], [ -79.413789, 43.665073 ], [ -79.413734, 43.665085 ], [ -79.413184, 43.665205 ], [ -79.412641, 43.665323 ], [ -79.412586, 43.665335 ], [ -79.412613, 43.665405 ], [ -79.412558, 43.665416 ], [ -79.412436, 43.665441 ], [ -79.412315, 43.665466 ], [ -79.412319, 43.665477 ], [ -79.412474, 43.665446 ], [ -79.412477, 43.665455 ], [ -79.412496, 43.665507 ], [ -79.412396, 43.665528 ], [ -79.412347, 43.665539 ], [ -79.41141, 43.665757 ], [ -79.411244, 43.665796 ], [ -79.410531, 43.665952 ], [ -79.410589, 43.665949 ] ] } },
{ "type": "Feature", "properties": { "route": 6.0, "segment": 13, "leg": 4.0, "leg_segment": 2, "mode": "SUBWAY", "route_short_name": "2", "note": "", "from_library": "Palmerston", "to_library": "Spadina Road", "segment_depart": "11:38:00", "segment_arrive": "11:39:00", "wait_min": 1.9, "duration_min": 1.5, "distance_m": 559.0 }, "geometry": { "type": "LineString", "coordinates": [ [ -79.410585, 43.665913 ], [ -79.410511, 43.665929 ], [ -79.409854, 43.666064 ], [ -79.40907, 43.666237 ], [ -79.407864, 43.666472 ], [ -79.407062, 43.666636 ], [ -79.406665, 43.666724 ], [ -79.405744, 43.66692 ], [ -79.404909, 43.667083 ], [ -79.404261, 43.667218 ], [ -79.403894, 43.667295 ] ] } },
{ "type": "Feature", "properties": { "route": 6.0, "segment": 14, "leg": 4.0, "leg_segment": 3, "mode": "WALK", "route_short_name": "", "note": "arrive Spadina Road", "from_library": "Palmerston", "to_library": "Spadina Road", "segment_depart": "11:39:00", "segment_arrive": "11:41:00", "wait_min": 0.0, "duration_min": 2.1, "distance_m": 122.0 }, "geometry": { "type": "LineString", "coordinates": [ [ -79.403889, 43.667249 ], [ -79.40396, 43.667212 ], [ -79.404038, 43.667415 ], [ -79.404181, 43.667777 ], [ -79.404288, 43.667756 ], [ -79.40418, 43.667481 ], [ -79.404285, 43.667459 ] ] } },
{ "type": "Feature", "properties": { "route": 6.0, "segment": 15, "leg": 5.0, "leg_segment": 1, "mode": "WALK", "route_short_name": "", "note": "start Spadina Road", "from_library": "Spadina Road", "to_library": "Sanderson", "segment_depart": "12:05:00", "segment_arrive": "12:08:00", "wait_min": 0.0, "duration_min": 2.9, "distance_m": 191.0 }, "geometry": { "type": "LineString", "coordinates": [ [ -79.404285, 43.667459 ], [ -79.404453, 43.667887 ], [ -79.404529, 43.66808 ], [ -79.404635, 43.66835 ], [ -79.404528, 43.668373 ], [ -79.404741, 43.668915 ], [ -79.404768, 43.668986 ], [ -79.404794, 43.66905 ], [ -79.404789, 43.669049 ] ] } },
{ "type": "Feature", "properties": { "route": 6.0, "segment": 16, "leg": 5.0, "leg_segment": 2, "mode": "SUBWAY", "route_short_name": "1", "note": "", "from_library": "Spadina Road", "to_library": "Sanderson", "segment_depart": "12:09:00", "segment_arrive": "12:16:00", "wait_min": 1.3, "duration_min": 6.4, "distance_m": 2684.0 }, "geometry": { "type": "LineString", "coordinates": [ [ -79.404973, 43.66891 ], [ -79.404972, 43.668907 ], [ -79.404781, 43.668417 ], [ -79.40467, 43.66813 ], [ -79.404546, 43.667942 ], [ -79.404373, 43.667765 ], [ -79.404138, 43.667618 ], [ -79.403813, 43.667508 ], [ -79.403367, 43.667502 ], [ -79.402995, 43.667553 ], [ -79.402665, 43.667598 ], [ -79.402352, 43.667648 ], [ -79.401977, 43.667716 ], [ -79.400226, 43.668077 ], [ -79.398839, 43.668374 ], [ -79.397891, 43.668567 ], [ -79.397891, 43.668567 ], [ -79.397845, 43.668576 ], [ -79.397042, 43.668717 ], [ -79.396333, 43.668813 ], [ -79.395885, 43.668865 ], [ -79.395549, 43.668875 ], [ -79.395219, 43.668829 ], [ -79.394906, 43.668743 ], [ -79.394655, 43.668618 ], [ -79.394449, 43.668437 ], [ -79.394175, 43.668053 ], [ -79.393912, 43.667585 ], [ -79.393724, 43.66721 ], [ -79.393137, 43.665883 ], [ -79.393085, 43.665813 ], [ -79.393085, 43.665813 ], [ -79.392864, 43.665512 ], [ -79.392546, 43.665104 ], [ -79.392299, 43.664814 ], [ -79.392062, 43.664515 ], [ -79.391825, 43.664202 ], [ -79.391649, 43.663898 ], [ -79.391496, 43.663586 ], [ -79.391373, 43.663251 ], [ -79.39127, 43.662952 ], [ -79.391197, 43.662633 ], [ -79.391136, 43.662365 ], [ -79.391115, 43.662179 ], [ -79.391104, 43.661926 ], [ -79.391095, 43.661725 ], [ -79.391094, 43.661412 ], [ -79.391073, 43.660996 ], [ -79.390984, 43.660533 ], [ -79.390676, 43.659803 ], [ -79.390401, 43.659157 ], [ -79.390401, 43.659157 ], [ -79.390183, 43.658646 ], [ -79.390135, 43.658533 ], [ -79.389846, 43.657864 ], [ -79.389689, 43.657474 ], [ -79.389525, 43.657075 ], [ -79.389169, 43.656301 ], [ -79.389167, 43.656291 ], [ -79.388886, 43.655622 ], [ -79.388797, 43.655408 ], [ -79.38852, 43.654747 ], [ -79.388513, 43.654734 ], [ -79.388139, 43.653916 ] ] } },
{ "type": "Feature", "properties": { "route": 6.0, "segment": 17, "leg": 5.0, "leg_segment": 3, "mode": "WALK", "route_short_name": "", "note": "", "from_library": "Spadina Road", "to_library": "Sanderson", "segment_depart": "12:16:00", "segment_arrive": "12:18:00", "wait_min": 0.0, "duration_min": 2.6, "distance_m": 146.0 }, "geometry": { "type": "LineString", "coordinates": [ [ -79.387988, 43.654049 ], [ -79.388006, 43.654033 ], [ -79.388037, 43.654102 ], [ -79.388057, 43.654111 ], [ -79.388072, 43.654124 ], [ -79.38808, 43.65414 ], [ -79.388082, 43.654156 ], [ -79.388076, 43.654173 ], [ -79.388064, 43.654187 ], [ -79.388046, 43.654198 ], [ -79.388079, 43.654274 ], [ -79.388057, 43.654282 ], [ -79.388086, 43.654327 ], [ -79.388081, 43.654345 ], [ -79.388054, 43.654361 ], [ -79.388059, 43.654379 ], [ -79.388133, 43.654559 ], [ -79.388137, 43.654568 ], [ -79.388187, 43.654674 ], [ -79.388201, 43.654702 ], [ -79.388187, 43.654704 ], [ -79.388098, 43.654712 ], [ -79.387972, 43.654725 ], [ -79.388012, 43.654815 ], [ -79.388019, 43.654832 ], [ -79.388024, 43.654845 ], [ -79.388059, 43.654924 ], [ -79.387967, 43.654912 ], [ -79.387816, 43.654945 ] ] } },
{ "type": "Feature", "properties": { "route": 6.0, "segment": 18, "leg": 5.0, "leg_segment": 4, "mode": "TRAM", "route_short_name": "505", "note": "", "from_library": "Spadina Road", "to_library": "Sanderson", "segment_depart": "12:21:00", "segment_arrive": "12:33:00", "wait_min": 3.2, "duration_min": 11.1, "distance_m": 1522.0 }, "geometry": { "type": "LineString", "coordinates": [ [ -79.387809, 43.654883 ], [ -79.388301, 43.654783 ], [ -79.388418, 43.654795 ], [ -79.388523, 43.654809 ], [ -79.388644, 43.654806 ], [ -79.388717, 43.654795 ], [ -79.389212, 43.654677 ], [ -79.389991, 43.654505 ], [ -79.390201, 43.654478 ], [ -79.39028, 43.654483 ], [ -79.390366, 43.654496 ], [ -79.390445, 43.654496 ], [ -79.390533, 43.65449 ], [ -79.390648, 43.65447 ], [ -79.391205, 43.65437 ], [ -79.391205, 43.65437 ], [ -79.391448, 43.654326 ], [ -79.393719, 43.653843 ], [ -79.393719, 43.653843 ], [ -79.393847, 43.653816 ], [ -79.394531, 43.653674 ], [ -79.394631, 43.653652 ], [ -79.395544, 43.653464 ], [ -79.396152, 43.65334 ], [ -79.397019, 43.653162 ], [ -79.397258, 43.653109 ], [ -79.397425, 43.653072 ], [ -79.397702, 43.653011 ], [ -79.397702, 43.653011 ], [ -79.398037, 43.652937 ], [ -79.399212, 43.652672 ], [ -79.399857, 43.652543 ], [ -79.400327, 43.652447 ], [ -79.401134, 43.652267 ], [ -79.401645, 43.652155 ], [ -79.402157, 43.652043 ], [ -79.402157, 43.652043 ], [ -79.402253, 43.652022 ], [ -79.402833, 43.651919 ], [ -79.403735, 43.651733 ], [ -79.403839, 43.651734 ], [ -79.403902, 43.651738 ], [ -79.403988, 43.651766 ], [ -79.404397, 43.65195 ], [ -79.404833, 43.652151 ], [ -79.405235, 43.652321 ], [ -79.405349, 43.652357 ], [ -79.405462, 43.65237 ], [ -79.405585, 43.652369 ], [ -79.405866, 43.652326 ] ] } },
{ "type": "Feature", "properties": { "route": 6.0, "segment": 19, "leg": 5.0, "leg_segment": 5, "mode": "WALK", "route_short_name": "", "note": "arrive Sanderson", "from_library": "Spadina Road", "to_library": "Sanderson", "segment_depart": "12:33:00", "segment_arrive": "12:33:00", "wait_min": 0.0, "duration_min": 0.6, "distance_m": 30.0 }, "geometry": { "type": "LineString", "coordinates": [ [ -79.405874, 43.652424 ], [ -79.405931, 43.652434 ], [ -79.405929, 43.652428 ], [ -79.405904, 43.652367 ], [ -79.405895, 43.652345 ], [ -79.405889, 43.65233 ], [ -79.405889, 43.652328 ], [ -79.405884, 43.652316 ], [ -79.405858, 43.652252 ], [ -79.405844, 43.652218 ] ] } },
{ "type": "Feature", "properties": { "route": 6.0, "segment": 20, "leg": 6.0, "leg_segment": 1, "mode": "WALK", "route_short_name": "", "note": "start Sanderson", "from_library": "Sanderson", "to_library": "Fort York", "segment_depart": "12:59:00", "segment_arrive": "13:01:00", "wait_min": 0.0, "duration_min": 1.8, "distance_m": 152.0 }, "geometry": { "type": "LineString", "coordinates": [ [ -79.404766, 43.651987 ], [ -79.405326, 43.652237 ], [ -79.4054, 43.652257 ], [ -79.405476, 43.652267 ], [ -79.405514, 43.652269 ], [ -79.405561, 43.652268 ], [ -79.405653, 43.652255 ], [ -79.405844, 43.652218 ], [ -79.405858, 43.652252 ], [ -79.405884, 43.652316 ], [ -79.405889, 43.652328 ], [ -79.405889, 43.65233 ], [ -79.405899, 43.652328 ], [ -79.405994, 43.652307 ], [ -79.406012, 43.652304 ], [ -79.406018, 43.65232 ], [ -79.406038, 43.652375 ], [ -79.406046, 43.652395 ], [ -79.40605, 43.652405 ], [ -79.406063, 43.652401 ], [ -79.406072, 43.652398 ], [ -79.406101, 43.652389 ], [ -79.406155, 43.652371 ], [ -79.406194, 43.652468 ], [ -79.406185, 43.652475 ] ] } },
{ "type": "Feature", "properties": { "route": 6.0, "segment": 21, "leg": 6.0, "leg_segment": 2, "mode": "TRAM", "route_short_name": "511", "note": "", "from_library": "Sanderson", "to_library": "Fort York", "segment_depart": "13:03:00", "segment_arrive": "13:14:00", "wait_min": 1.7, "duration_min": 11.8, "distance_m": 1566.0 }, "geometry": { "type": "LineString", "coordinates": [ [ -79.406113, 43.652532 ], [ -79.406022, 43.652311 ], [ -79.405652, 43.651387 ], [ -79.405604, 43.651267 ], [ -79.405499, 43.651004 ], [ -79.405454, 43.650889 ], [ -79.405248, 43.650362 ], [ -79.40501, 43.649754 ], [ -79.404771, 43.649143 ], [ -79.404771, 43.649143 ], [ -79.404702, 43.648968 ], [ -79.404649, 43.648831 ], [ -79.404602, 43.648711 ], [ -79.404589, 43.648679 ], [ -79.404432, 43.648288 ], [ -79.40434, 43.648057 ], [ -79.404327, 43.648026 ], [ -79.404189, 43.647676 ], [ -79.404089, 43.647404 ], [ -79.404089, 43.647404 ], [ -79.40401, 43.647188 ], [ -79.403889, 43.646822 ], [ -79.40376, 43.646471 ], [ -79.403369, 43.645516 ], [ -79.403233, 43.645192 ], [ -79.403105, 43.64489 ], [ -79.402955, 43.644541 ], [ -79.4029, 43.644412 ], [ -79.4028, 43.644164 ], [ -79.4028, 43.644164 ], [ -79.402705, 43.643926 ], [ -79.402396, 43.643194 ], [ -79.402195, 43.642655 ], [ -79.401951, 43.642052 ], [ -79.401951, 43.642052 ], [ -79.401895, 43.641915 ], [ -79.401736, 43.641523 ], [ -79.401681, 43.641388 ], [ -79.401421, 43.640749 ], [ -79.401348, 43.640555 ], [ -79.401271, 43.640369 ], [ -79.400711, 43.638993 ] ] } },
{ "type": "Feature", "properties": { "route": 6.0, "segment": 22, "leg": 6.0, "leg_segment": 3, "mode": "WALK", "route_short_name": "", "note": "arrive Fort York", "from_library": "Sanderson", "to_library": "Fort York", "segment_depart": "13:14:00", "segment_arrive": "13:16:00", "wait_min": 0.0, "duration_min": 1.2, "distance_m": 64.0 }, "geometry": { "type": "LineString", "coordinates": [ [ -79.400771, 43.638947 ], [ -79.400785, 43.638916 ], [ -79.400694, 43.63895 ], [ -79.400676, 43.638957 ], [ -79.400661, 43.638962 ], [ -79.40058, 43.638993 ], [ -79.400521, 43.638997 ], [ -79.40043, 43.639018 ], [ -79.400454, 43.639058 ], [ -79.400459, 43.639066 ], [ -79.400575, 43.639248 ], [ -79.400582, 43.639259 ] ] } },
{ "type": "Feature", "properties": { "route": 6.0, "segment": 23, "leg": 7.0, "leg_segment": 1, "mode": "WALK", "route_short_name": "", "note": "start Fort York", "from_library": "Fort York", "to_library": "City Hall", "segment_depart": "13:39", "segment_arrive": "13:46", "wait_min": 0.0, "duration_min": 6.7, "distance_m": 394.0 }, "geometry": { "type": "LineString", "coordinates": [ [ -79.400244, 43.639395 ], [ -79.400271, 43.639435 ], [ -79.400582, 43.639259 ], [ -79.400575, 43.639248 ], [ -79.400459, 43.639066 ], [ -79.400454, 43.639058 ], [ -79.40043, 43.639018 ], [ -79.400521, 43.638997 ], [ -79.400498, 43.638936 ], [ -79.400452, 43.638815 ], [ -79.400426, 43.638748 ], [ -79.400462, 43.63872 ], [ -79.400551, 43.638699 ], [ -79.400569, 43.638695 ], [ -79.40033, 43.638098 ], [ -79.40013, 43.637633 ], [ -79.400029, 43.637359 ], [ -79.399968, 43.63721 ], [ -79.399935, 43.637129 ], [ -79.399849, 43.636917 ], [ -79.399838, 43.636866 ], [ -79.399815, 43.636759 ], [ -79.399807, 43.636726 ], [ -79.399833, 43.636724 ], [ -79.399856, 43.636721 ], [ -79.399889, 43.636718 ], [ -79.399922, 43.636671 ], [ -79.399963, 43.636657 ], [ -79.399989, 43.636649 ], [ -79.399975, 43.636626 ], [ -79.399963, 43.636604 ], [ -79.399959, 43.636598 ], [ -79.399944, 43.636572 ], [ -79.399938, 43.636563 ], [ -79.399935, 43.636559 ], [ -79.400078, 43.636513 ], [ -79.400072, 43.636505 ], [ -79.400141, 43.636482 ], [ -79.400131, 43.63647 ] ] } },
{ "type": "Feature", "properties": { "route": 6.0, "segment": 24, "leg": 7.0, "leg_segment": 2, "mode": "TRAM", "route_short_name": "509", "note": "", "from_library": "Fort York", "to_library": "City Hall", "segment_depart": "13:47", "segment_arrive": "14:03", "wait_min": 1.2, "duration_min": 15.3, "distance_m": 2597.0 }, "geometry": { "type": "LineString", "coordinates": [ [ -79.400134, 43.63649 ], [ -79.39972, 43.636631 ], [ -79.399649, 43.636484 ], [ -79.399646, 43.63648 ], [ -79.399609, 43.636434 ], [ -79.399577, 43.636404 ], [ -79.399494, 43.636339 ], [ -79.39944, 43.636302 ], [ -79.399368, 43.636259 ], [ -79.398936, 43.636054 ], [ -79.39885, 43.636009 ], [ -79.398783, 43.635974 ], [ -79.398697, 43.635923 ], [ -79.398594, 43.635858 ], [ -79.398476, 43.635778 ], [ -79.398403, 43.635714 ], [ -79.398365, 43.635675 ], [ -79.398337, 43.635644 ], [ -79.398337, 43.635644 ], [ -79.398244, 43.635758 ], [ -79.397793, 43.63611 ], [ -79.397793, 43.63611 ], [ -79.397455, 43.636374 ], [ -79.397429, 43.636388 ], [ -79.397403, 43.636406 ], [ -79.397377, 43.636419 ], [ -79.39735, 43.636433 ], [ -79.397322, 43.63645 ], [ -79.397294, 43.636464 ], [ -79.397265, 43.636477 ], [ -79.397237, 43.636491 ], [ -79.397207, 43.636504 ], [ -79.397177, 43.636513 ], [ -79.397147, 43.636527 ], [ -79.397117, 43.636536 ], [ -79.397086, 43.636545 ], [ -79.397054, 43.636558 ], [ -79.397023, 43.636567 ], [ -79.396991, 43.636576 ], [ -79.396978, 43.63658 ], [ -79.396729, 43.636671 ], [ -79.396233, 43.636837 ], [ -79.39618, 43.636853 ], [ -79.39618, 43.636853 ], [ -79.394912, 43.637228 ], [ -79.394431, 43.637316 ], [ -79.394372, 43.637323 ], [ -79.39398, 43.637368 ], [ -79.393652, 43.637398 ], [ -79.393464, 43.637396 ], [ -79.39331, 43.637404 ], [ -79.393132, 43.637416 ], [ -79.392951, 43.637442 ], [ -79.392811, 43.637464 ], [ -79.391889, 43.637653 ], [ -79.391597, 43.63771 ], [ -79.391181, 43.6378 ], [ -79.391181, 43.6378 ], [ -79.390911, 43.637858 ], [ -79.390645, 43.637916 ], [ -79.38957, 43.638149 ], [ -79.388636, 43.638355 ], [ -79.387608, 43.638615 ], [ -79.386807, 43.638812 ], [ -79.386807, 43.638812 ], [ -79.386751, 43.638826 ], [ -79.386573, 43.638854 ], [ -79.385463, 43.639029 ], [ -79.38442, 43.63921 ], [ -79.382724, 43.639505 ], [ -79.382623, 43.639523 ], [ -79.38177, 43.639672 ], [ -79.38177, 43.639672 ], [ -79.380648, 43.639868 ], [ -79.380613, 43.639872 ], [ -79.380578, 43.639877 ], [ -79.380543, 43.639881 ], [ -79.380508, 43.63989 ], [ -79.380474, 43.639894 ], [ -79.380439, 43.639899 ], [ -79.380405, 43.639903 ], [ -79.380371, 43.639912 ], [ -79.380337, 43.639921 ], [ -79.380329, 43.639923 ], [ -79.380304, 43.63993 ], [ -79.38027, 43.639939 ], [ -79.380238, 43.639953 ], [ -79.380199, 43.639963 ], [ -79.379136, 43.640359 ], [ -79.376841, 43.641152 ], [ -79.377236, 43.641742 ], [ -79.377236, 43.641742 ], [ -79.377461, 43.642078 ], [ -79.377557, 43.642303 ], [ -79.377686, 43.64265 ], [ -79.377789, 43.642922 ], [ -79.377823, 43.643006 ], [ -79.377865, 43.643109 ], [ -79.377912, 43.643217 ], [ -79.378477, 43.644513 ], [ -79.378627, 43.644861 ], [ -79.378762, 43.645168 ], [ -79.378822, 43.645306 ], [ -79.378837, 43.64534 ], [ -79.378973, 43.645636 ], [ -79.379018, 43.645632 ], [ -79.379074, 43.645625 ], [ -79.379121, 43.645601 ] ] } },
{ "type": "Feature", "properties": { "route": 6.0, "segment": 25, "leg": 7.0, "leg_segment": 3, "mode": "WALK", "route_short_name": "", "note": "", "from_library": "Fort York", "to_library": "City Hall", "segment_depart": "14:03", "segment_arrive": "14:04", "wait_min": 0.0, "duration_min": 1.3, "distance_m": 85.0 }, "geometry": { "type": "LineString", "coordinates": [ [ -79.37921, 43.645652 ], [ -79.379178, 43.645676 ], [ -79.379195, 43.64572 ], [ -79.379247, 43.645851 ], [ -79.379215, 43.645854 ], [ -79.379251, 43.645951 ], [ -79.379689, 43.645858 ], [ -79.379811, 43.645832 ] ] } },
{ "type": "Feature", "properties": { "route": 6.0, "segment": 26, "leg": 7.0, "leg_segment": 4, "mode": "SUBWAY", "route_short_name": "1", "note": "", "from_library": "Fort York", "to_library": "City Hall", "segment_depart": "14:09", "segment_arrive": "14:12", "wait_min": 4.8, "duration_min": 2.8, "distance_m": 914.0 }, "geometry": { "type": "LineString", "coordinates": [ [ -79.379691, 43.645868 ], [ -79.37942, 43.645943 ], [ -79.379041, 43.64608 ], [ -79.378653, 43.646249 ], [ -79.378416, 43.646378 ], [ -79.378244, 43.646489 ], [ -79.378091, 43.646618 ], [ -79.377934, 43.64679 ], [ -79.377805, 43.646993 ], [ -79.377723, 43.647197 ], [ -79.37769, 43.64743 ], [ -79.377686, 43.647641 ], [ -79.377713, 43.647867 ], [ -79.377761, 43.648088 ], [ -79.377802, 43.64824 ], [ -79.377858, 43.648443 ], [ -79.377929, 43.648638 ], [ -79.378017, 43.648862 ], [ -79.378118, 43.649094 ], [ -79.378288, 43.64948 ], [ -79.378288, 43.64948 ], [ -79.37867, 43.650349 ], [ -79.378938, 43.651002 ], [ -79.379184, 43.651635 ], [ -79.379457, 43.652382 ], [ -79.379802, 43.653168 ] ] } },
{ "type": "Feature", "properties": { "route": 6.0, "segment": 27, "leg": 7.0, "leg_segment": 5, "mode": "WALK", "route_short_name": "", "note": "arrive City Hall", "from_library": "Fort York", "to_library": "City Hall", "segment_depart": "14:12", "segment_arrive": "14:19", "wait_min": 0.0, "duration_min": 7.1, "distance_m": 411.0 }, "geometry": { "type": "LineString", "coordinates": [ [ -79.379588, 43.653349 ], [ -79.379591, 43.653347 ], [ -79.379675, 43.653543 ], [ -79.379669, 43.653544 ], [ -79.379691, 43.653596 ], [ -79.379817, 43.653567 ], [ -79.379828, 43.653591 ], [ -79.379942, 43.653568 ], [ -79.380013, 43.653553 ], [ -79.380029, 43.653564 ], [ -79.380053, 43.653545 ], [ -79.380148, 43.653526 ], [ -79.380159, 43.653553 ], [ -79.380433, 43.653496 ], [ -79.380507, 43.653481 ], [ -79.380569, 43.653469 ], [ -79.380909, 43.653401 ], [ -79.381027, 43.653377 ], [ -79.381106, 43.653367 ], [ -79.381197, 43.653359 ], [ -79.381247, 43.653355 ], [ -79.381356, 43.653346 ], [ -79.381396, 43.653297 ], [ -79.382346, 43.653108 ], [ -79.38254, 43.653068 ], [ -79.382563, 43.653062 ], [ -79.382658, 43.653037 ], [ -79.382757, 43.653011 ], [ -79.382809, 43.652997 ], [ -79.382926, 43.652991 ], [ -79.382988, 43.653139 ], [ -79.383085, 43.653139 ], [ -79.383097, 43.653166 ], [ -79.383125, 43.65323 ], [ -79.383177, 43.653357 ], [ -79.38321, 43.653378 ], [ -79.383326, 43.653342 ], [ -79.383442, 43.653306 ], [ -79.383468, 43.653276 ], [ -79.38351, 43.653227 ], [ -79.38354, 43.653061 ] ] } },
{ "type": "Feature", "properties": { "route": 6.0, "segment": 28, "leg": 8.0, "leg_segment": 1, "mode": "WALK", "route_short_name": "", "note": "start City Hall", "from_library": "City Hall", "to_library": "Yorkville", "segment_depart": "14:39:00", "segment_arrive": "14:42:00", "wait_min": 0.0, "duration_min": 3.4, "distance_m": 185.0 }, "geometry": { "type": "LineString", "coordinates": [ [ -79.383724, 43.653303 ], [ -79.38354, 43.653061 ], [ -79.38351, 43.653227 ], [ -79.383468, 43.653276 ], [ -79.383442, 43.653306 ], [ -79.383326, 43.653342 ], [ -79.38321, 43.653378 ], [ -79.383177, 43.653357 ], [ -79.383125, 43.65323 ], [ -79.383097, 43.653166 ], [ -79.383085, 43.653139 ], [ -79.382988, 43.653139 ], [ -79.382926, 43.652991 ], [ -79.382809, 43.652997 ], [ -79.38276, 43.652872 ], [ -79.382707, 43.65288 ], [ -79.382605, 43.652904 ], [ -79.382487, 43.652931 ], [ -79.382492, 43.652891 ] ] } },
{ "type": "Feature", "properties": { "route": 6.0, "segment": 29, "leg": 8.0, "leg_segment": 2, "mode": "BUS", "route_short_name": "19", "note": "", "from_library": "City Hall", "to_library": "Yorkville", "segment_depart": "14:43:00", "segment_arrive": "14:56:00", "wait_min": 1.5, "duration_min": 12.1, "distance_m": 2039.0 }, "geometry": { "type": "LineString", "coordinates": [ [ -79.382578, 43.65283 ], [ -79.382628, 43.652963 ], [ -79.383102, 43.654101 ], [ -79.383102, 43.654101 ], [ -79.38319, 43.654312 ], [ -79.383645, 43.65544 ], [ -79.383645, 43.65544 ], [ -79.383753, 43.655709 ], [ -79.384047, 43.656429 ], [ -79.384297, 43.657043 ], [ -79.384297, 43.657043 ], [ -79.384402, 43.657301 ], [ -79.3847, 43.658068 ], [ -79.384881, 43.658504 ], [ -79.384964, 43.6587 ], [ -79.384964, 43.6587 ], [ -79.385183, 43.659219 ], [ -79.385757, 43.660603 ], [ -79.385757, 43.660603 ], [ -79.385842, 43.660809 ], [ -79.386066, 43.661376 ], [ -79.386092, 43.661461 ], [ -79.386086, 43.661557 ], [ -79.386087, 43.661638 ], [ -79.386092, 43.661695 ], [ -79.386114, 43.661786 ], [ -79.386311, 43.662306 ], [ -79.386311, 43.662306 ], [ -79.38637, 43.662463 ], [ -79.386766, 43.663352 ], [ -79.386928, 43.663756 ], [ -79.387096, 43.664176 ], [ -79.387096, 43.664176 ], [ -79.38717, 43.664361 ], [ -79.387434, 43.664968 ], [ -79.387711, 43.665638 ], [ -79.387855, 43.665955 ], [ -79.387855, 43.665955 ], [ -79.388093, 43.666479 ], [ -79.388113, 43.666526 ], [ -79.388233, 43.666805 ], [ -79.388504, 43.667429 ], [ -79.388764, 43.667991 ], [ -79.388764, 43.667991 ], [ -79.388856, 43.66819 ], [ -79.389495, 43.669662 ], [ -79.389721, 43.670262 ], [ -79.389776, 43.670408 ] ] } },
{ "type": "Feature", "properties": { "route": 6.0, "segment": 30, "leg": 8.0, "leg_segment": 3, "mode": "WALK", "route_short_name": "", "note": "arrive Yorkville", "from_library": "City Hall", "to_library": "Yorkville", "segment_depart": "14:56:00", "segment_arrive": "14:59:00", "wait_min": 0.0, "duration_min": 3.9, "distance_m": 227.0 }, "geometry": { "type": "LineString", "coordinates": [ [ -79.389669, 43.670485 ], [ -79.389669, 43.67052 ], [ -79.389681, 43.670545 ], [ -79.389699, 43.670591 ], [ -79.38973, 43.670667 ], [ -79.389736, 43.67068 ], [ -79.390016, 43.671331 ], [ -79.390044, 43.671394 ], [ -79.389301, 43.671544 ], [ -79.388694, 43.671672 ], [ -79.388718, 43.671724 ], [ -79.388684, 43.671731 ] ] } },
{ "type": "Feature", "properties": { "route": 6.0, "segment": 31, "leg": 9.0, "leg_segment": 1, "mode": "WALK", "route_short_name": "", "note": "start Yorkville", "from_library": "Yorkville", "to_library": "St. James Town", "segment_depart": "15:26:00", "segment_arrive": "15:32:00", "wait_min": 0.0, "duration_min": 5.5, "distance_m": 334.0 }, "geometry": { "type": "LineString", "coordinates": [ [ -79.388722, 43.672022 ], [ -79.38879, 43.67201 ], [ -79.388684, 43.671731 ], [ -79.388718, 43.671724 ], [ -79.388694, 43.671672 ], [ -79.389301, 43.671544 ], [ -79.390044, 43.671394 ], [ -79.390016, 43.671331 ], [ -79.390144, 43.671303 ], [ -79.389866, 43.670645 ], [ -79.389831, 43.67056 ], [ -79.389966, 43.670529 ], [ -79.389938, 43.670459 ], [ -79.389848, 43.67025 ], [ -79.390094, 43.670197 ], [ -79.390089, 43.670149 ] ] } },
{ "type": "Feature", "properties": { "route": 6.0, "segment": 32, "leg": 9.0, "leg_segment": 2, "mode": "SUBWAY", "route_short_name": "2", "note": "", "from_library": "Yorkville", "to_library": "St. James Town", "segment_depart": "15:33:00", "segment_arrive": "15:36:00", "wait_min": 1.3, "duration_min": 3.0, "distance_m": 1153.0 }, "geometry": { "type": "LineString", "coordinates": [ [ -79.39009, 43.670154 ], [ -79.389995, 43.670173 ], [ -79.389168, 43.670384 ], [ -79.388381, 43.670716 ], [ -79.387713, 43.670919 ], [ -79.3871, 43.670992 ], [ -79.385957, 43.671037 ], [ -79.385957, 43.671037 ], [ -79.385238, 43.671065 ], [ -79.384866, 43.671066 ], [ -79.384473, 43.671051 ], [ -79.384116, 43.67104 ], [ -79.38376, 43.671057 ], [ -79.383178, 43.671115 ], [ -79.38252, 43.671195 ], [ -79.3815, 43.67141 ], [ -79.38061, 43.671563 ], [ -79.378988, 43.671865 ], [ -79.377822, 43.672028 ], [ -79.376908, 43.672105 ], [ -79.376163, 43.672136 ] ] } },
{ "type": "Feature", "properties": { "route": 6.0, "segment": 33, "leg": 9.0, "leg_segment": 3, "mode": "WALK", "route_short_name": "", "note": "", "from_library": "Yorkville", "to_library": "St. James Town", "segment_depart": "15:36:00", "segment_arrive": "15:38:00", "wait_min": 0.0, "duration_min": 1.9, "distance_m": 109.0 }, "geometry": { "type": "LineString", "coordinates": [ [ -79.376162, 43.672103 ], [ -79.376162, 43.672182 ], [ -79.376278, 43.67218 ], [ -79.376385, 43.672179 ], [ -79.376504, 43.672178 ], [ -79.376504, 43.672165 ], [ -79.376522, 43.672187 ], [ -79.376531, 43.672199 ], [ -79.376532, 43.672212 ], [ -79.376532, 43.67222 ], [ -79.376571, 43.67222 ], [ -79.376641, 43.67222 ], [ -79.37666, 43.672275 ], [ -79.376813, 43.672246 ], [ -79.376946, 43.672223 ], [ -79.376848, 43.671996 ] ] } },
{ "type": "Feature", "properties": { "route": 6.0, "segment": 34, "leg": 9.0, "leg_segment": 4, "mode": "BUS", "route_short_name": "75", "note": "", "from_library": "Yorkville", "to_library": "St. James Town", "segment_depart": "15:41:00", "segment_arrive": "15:44:00", "wait_min": 2.9, "duration_min": 3.4, "distance_m": 552.0 }, "geometry": { "type": "LineString", "coordinates": [ [ -79.376743, 43.672072 ], [ -79.376516, 43.671456 ], [ -79.376449, 43.671272 ], [ -79.376247, 43.670792 ], [ -79.375851, 43.66983 ], [ -79.375851, 43.66983 ], [ -79.375777, 43.669649 ], [ -79.37538, 43.668739 ], [ -79.375182, 43.668292 ], [ -79.374767, 43.667312 ] ] } },
{ "type": "Feature", "properties": { "route": 6.0, "segment": 35, "leg": 9.0, "leg_segment": 5, "mode": "WALK", "route_short_name": "", "note": "arrive St. James Town", "from_library": "Yorkville", "to_library": "St. James Town", "segment_depart": "15:44:00", "segment_arrive": "15:45:00", "wait_min": 0.0, "duration_min": 0.8, "distance_m": 41.0 }, "geometry": { "type": "LineString", "coordinates": [ [ -79.374835, 43.667257 ], [ -79.374848, 43.667247 ], [ -79.374813, 43.667165 ], [ -79.374814, 43.66714 ], [ -79.374775, 43.667148 ], [ -79.374705, 43.667163 ], [ -79.374645, 43.667175 ], [ -79.37459, 43.667186 ], [ -79.37449, 43.667208 ] ] } },
{ "type": "Feature", "properties": { "route": 7.0, "segment": 1, "leg": 1.0, "leg_segment": 1, "mode": "WALK", "route_short_name": "", "note": "start Centennial", "from_library": "Centennial", "to_library": "Armour Heights", "segment_depart": "09:02:00", "segment_arrive": "09:13:00", "wait_min": 0.0, "duration_min": 10.6, "distance_m": 634.0 }, "geometry": { "type": "LineString", "coordinates": [ [ -79.449843, 43.773153 ], [ -79.449783, 43.77303 ], [ -79.44977, 43.772966 ], [ -79.449722, 43.772917 ], [ -79.449687, 43.772855 ], [ -79.44967, 43.772819 ], [ -79.449579, 43.772816 ], [ -79.449451, 43.772816 ], [ -79.44936, 43.77278 ], [ -79.449119, 43.772829 ], [ -79.448941, 43.772872 ], [ -79.448608, 43.772942 ], [ -79.448399, 43.772986 ], [ -79.448329, 43.772824 ], [ -79.448204, 43.772849 ], [ -79.448111, 43.772781 ], [ -79.44806, 43.772797 ], [ -79.446628, 43.773108 ], [ -79.446474, 43.773142 ], [ -79.446406, 43.773157 ], [ -79.445261, 43.773409 ], [ -79.445025, 43.773462 ], [ -79.444743, 43.773492 ], [ -79.443883, 43.773593 ], [ -79.443738, 43.773611 ], [ -79.443664, 43.773534 ], [ -79.443364, 43.773576 ], [ -79.44328, 43.77352 ], [ -79.443162, 43.773538 ], [ -79.443103, 43.773342 ], [ -79.443062, 43.773348 ], [ -79.443056, 43.773391 ] ] } },
{ "type": "Feature", "properties": { "route": 7.0, "segment": 2, "leg": 1.0, "leg_segment": 2, "mode": "BUS", "route_short_name": "160", "note": "", "from_library": "Centennial", "to_library": "Armour Heights", "segment_depart": "09:15:00", "segment_arrive": "09:27:00", "wait_min": 1.7, "duration_min": 12.7, "distance_m": 4385.0 }, "geometry": { "type": "LineString", "coordinates": [ [ -79.442898, 43.77347 ], [ -79.442615, 43.772378 ], [ -79.442615, 43.772378 ], [ -79.442597, 43.772308 ], [ -79.442521, 43.771988 ], [ -79.44217, 43.770539 ], [ -79.44217, 43.770539 ], [ -79.442128, 43.770368 ], [ -79.441897, 43.769472 ], [ -79.441723, 43.76871 ], [ -79.441723, 43.76871 ], [ -79.44169, 43.768563 ], [ -79.441437, 43.767694 ], [ -79.441226, 43.766816 ], [ -79.441071, 43.766121 ], [ -79.440956, 43.765608 ], [ -79.440956, 43.765608 ], [ -79.440922, 43.765457 ], [ -79.440588, 43.76407 ], [ -79.440511, 43.763751 ], [ -79.440422, 43.763389 ], [ -79.440244, 43.762661 ], [ -79.440244, 43.762661 ], [ -79.439973, 43.76155 ], [ -79.439547, 43.759862 ], [ -79.439276, 43.758768 ], [ -79.439276, 43.758768 ], [ -79.439246, 43.758647 ], [ -79.439032, 43.757769 ], [ -79.438779, 43.756783 ], [ -79.438529, 43.755707 ], [ -79.438529, 43.755707 ], [ -79.43847, 43.755451 ], [ -79.438229, 43.754486 ], [ -79.437973, 43.75343 ], [ -79.437794, 43.752683 ], [ -79.437794, 43.752683 ], [ -79.437719, 43.752372 ], [ -79.437515, 43.751485 ], [ -79.437378, 43.750958 ], [ -79.437378, 43.750958 ], [ -79.437325, 43.750756 ], [ -79.43715, 43.749945 ], [ -79.436966, 43.749229 ], [ -79.436966, 43.749229 ], [ -79.436936, 43.749113 ], [ -79.436712, 43.748256 ], [ -79.436504, 43.747401 ], [ -79.436504, 43.747401 ], [ -79.436465, 43.74724 ], [ -79.43623, 43.746147 ], [ -79.436029, 43.745282 ], [ -79.435996, 43.745158 ], [ -79.43582, 43.744556 ], [ -79.43582, 43.744556 ], [ -79.435788, 43.744446 ], [ -79.435746, 43.744248 ], [ -79.435582, 43.743549 ], [ -79.435398, 43.742945 ], [ -79.435398, 43.742945 ], [ -79.435304, 43.742638 ], [ -79.43508, 43.741791 ], [ -79.435053, 43.741664 ], [ -79.435053, 43.741664 ], [ -79.435017, 43.741495 ], [ -79.434864, 43.740867 ], [ -79.434813, 43.740583 ], [ -79.43465, 43.739994 ], [ -79.434237, 43.738409 ], [ -79.434052, 43.737601 ], [ -79.433994, 43.737347 ], [ -79.434626, 43.737225 ], [ -79.434626, 43.737225 ], [ -79.434853, 43.737181 ], [ -79.436732, 43.736808 ], [ -79.437013, 43.736755 ], [ -79.437673, 43.736606 ] ] } },
{ "type": "Feature", "properties": { "route": 7.0, "segment": 3, "leg": 1.0, "leg_segment": 3, "mode": "WALK", "route_short_name": "", "note": "", "from_library": "Centennial", "to_library": "Armour Heights", "segment_depart": "09:27:00", "segment_arrive": "09:28:00", "wait_min": 0.0, "duration_min": 1.0, "distance_m": 55.0 }, "geometry": { "type": "LineString", "coordinates": [ [ -79.437684, 43.736699 ], [ -79.437727, 43.73671 ], [ -79.437683, 43.736622 ], [ -79.437628, 43.736514 ], [ -79.437747, 43.736493 ], [ -79.437844, 43.736471 ], [ -79.437968, 43.736444 ] ] } },
{ "type": "Feature", "properties": { "route": 7.0, "segment": 4, "leg": 1.0, "leg_segment": 4, "mode": "BUS", "route_short_name": "96", "note": "", "from_library": "Centennial", "to_library": "Armour Heights", "segment_depart": "09:31:00", "segment_arrive": "09:35:00", "wait_min": 2.5, "duration_min": 4.0, "distance_m": 1348.0 }, "geometry": { "type": "LineString", "coordinates": [ [ -79.437979, 43.736538 ], [ -79.437859, 43.736563 ], [ -79.437767, 43.736585 ], [ -79.437013, 43.736755 ], [ -79.436732, 43.736808 ], [ -79.434853, 43.737181 ], [ -79.433994, 43.737347 ], [ -79.433833, 43.737358 ], [ -79.433464, 43.737397 ], [ -79.433232, 43.737421 ], [ -79.433232, 43.737421 ], [ -79.432905, 43.737454 ], [ -79.43245, 43.73749 ], [ -79.431838, 43.737527 ], [ -79.431197, 43.7376 ], [ -79.430785, 43.737648 ], [ -79.430317, 43.737702 ], [ -79.429748, 43.737768 ], [ -79.42965, 43.737787 ], [ -79.429516, 43.737833 ], [ -79.429406, 43.737874 ], [ -79.429291, 43.737906 ], [ -79.429215, 43.737936 ], [ -79.429104, 43.737995 ], [ -79.42896, 43.738049 ], [ -79.428853, 43.7381 ], [ -79.428656, 43.738183 ], [ -79.428472, 43.738257 ], [ -79.428288, 43.738329 ], [ -79.428125, 43.738393 ], [ -79.427967, 43.738441 ], [ -79.427824, 43.738489 ], [ -79.42764, 43.738529 ], [ -79.426967, 43.738676 ], [ -79.426967, 43.738676 ], [ -79.426845, 43.738703 ], [ -79.42614, 43.738858 ], [ -79.423856, 43.739367 ], [ -79.423855, 43.739367 ], [ -79.423855, 43.739367 ], [ -79.422858, 43.739607 ], [ -79.421914, 43.739805 ] ] } },
{ "type": "Feature", "properties": { "route": 7.0, "segment": 5, "leg": 1.0, "leg_segment": 5, "mode": "WALK", "route_short_name": "", "note": "arrive Armour Heights", "from_library": "Centennial", "to_library": "Armour Heights", "segment_depart": "09:35:00", "segment_arrive": "09:36:00", "wait_min": 0.0, "duration_min": 1.2, "distance_m": 68.0 }, "geometry": { "type": "LineString", "coordinates": [ [ -79.421902, 43.7397 ], [ -79.421904, 43.739717 ], [ -79.421859, 43.739727 ], [ -79.421821, 43.739731 ], [ -79.421788, 43.739722 ], [ -79.421778, 43.73972 ], [ -79.421739, 43.739696 ], [ -79.421708, 43.739663 ], [ -79.421524, 43.739259 ] ] } },
{ "type": "Feature", "properties": { "route": 7.0, "segment": 6, "leg": 2.0, "leg_segment": 1, "mode": "WALK", "route_short_name": "", "note": "start Armour Heights", "from_library": "Armour Heights", "to_library": "North York Central Library", "segment_depart": "10:08:00", "segment_arrive": "10:09:00", "wait_min": 0.0, "duration_min": 1.5, "distance_m": 74.0 }, "geometry": { "type": "LineString", "coordinates": [ [ -79.4215, 43.739205 ], [ -79.421524, 43.739259 ], [ -79.421708, 43.739663 ], [ -79.421739, 43.739696 ], [ -79.421778, 43.73972 ], [ -79.421788, 43.739722 ], [ -79.421821, 43.739731 ], [ -79.421859, 43.739727 ], [ -79.421904, 43.739717 ], [ -79.421902, 43.7397 ] ] } },
{ "type": "Feature", "properties": { "route": 7.0, "segment": 7, "leg": 2.0, "leg_segment": 2, "mode": "BUS", "route_short_name": "96", "note": "", "from_library": "Armour Heights", "to_library": "North York Central Library", "segment_depart": "10:11:00", "segment_arrive": "10:14:00", "wait_min": 1.4, "duration_min": 2.8, "distance_m": 1265.0 }, "geometry": { "type": "LineString", "coordinates": [ [ -79.421914, 43.739805 ], [ -79.421635, 43.739864 ], [ -79.420491, 43.740107 ], [ -79.418315, 43.740594 ], [ -79.418315, 43.740594 ], [ -79.41819, 43.740622 ], [ -79.416941, 43.740886 ], [ -79.41615, 43.741064 ], [ -79.415215, 43.74128 ], [ -79.414818, 43.741377 ], [ -79.414818, 43.741377 ], [ -79.414433, 43.741472 ], [ -79.413778, 43.741654 ], [ -79.413205, 43.741813 ], [ -79.412402, 43.74205 ], [ -79.411019, 43.742546 ], [ -79.4086, 43.743428 ], [ -79.407756, 43.743753 ], [ -79.407289, 43.743932 ] ] } },
{ "type": "Feature", "properties": { "route": 7.0, "segment": 8, "leg": 2.0, "leg_segment": 3, "mode": "WALK", "route_short_name": "", "note": "", "from_library": "Armour Heights", "to_library": "North York Central Library", "segment_depart": "10:14:00", "segment_arrive": "10:16:00", "wait_min": 0.0, "duration_min": 2.3, "distance_m": 132.0 }, "geometry": { "type": "LineString", "coordinates": [ [ -79.407263, 43.743804 ], [ -79.407269, 43.743842 ], [ -79.40711, 43.743891 ], [ -79.406868, 43.743936 ], [ -79.406767, 43.743975 ], [ -79.406778, 43.744045 ], [ -79.406802, 43.744171 ], [ -79.406818, 43.744253 ], [ -79.406648, 43.744307 ], [ -79.406544, 43.744342 ], [ -79.406187, 43.744398 ] ] } },
{ "type": "Feature", "properties": { "route": 7.0, "segment": 9, "leg": 2.0, "leg_segment": 4, "mode": "SUBWAY", "route_short_name": "1", "note": "", "from_library": "Armour Heights", "to_library": "North York Central Library", "segment_depart": "10:18:00", "segment_arrive": "10:23:00", "wait_min": 2.3, "duration_min": 4.7, "distance_m": 2738.0 }, "geometry": { "type": "LineString", "coordinates": [ [ -79.40644, 43.744325 ], [ -79.407099, 43.746893 ], [ -79.407253, 43.747223 ], [ -79.407577, 43.747607 ], [ -79.407808, 43.747774 ], [ -79.407957, 43.747973 ], [ -79.408172, 43.748697 ], [ -79.408537, 43.749906 ], [ -79.408619, 43.750249 ], [ -79.408673, 43.750623 ], [ -79.408692, 43.750899 ], [ -79.40873, 43.751161 ], [ -79.408714, 43.751815 ], [ -79.408754, 43.752328 ], [ -79.408825, 43.752722 ], [ -79.408897, 43.753031 ], [ -79.408965, 43.753247 ], [ -79.409012, 43.753464 ], [ -79.409086, 43.75378 ], [ -79.40914, 43.754155 ], [ -79.409193, 43.754502 ], [ -79.409284, 43.754858 ], [ -79.409394, 43.755141 ], [ -79.40953, 43.75545 ], [ -79.409657, 43.7558 ], [ -79.409786, 43.756276 ], [ -79.409838, 43.756429 ], [ -79.409892, 43.756601 ], [ -79.410048, 43.757171 ], [ -79.410078, 43.757284 ], [ -79.410139, 43.757532 ], [ -79.410262, 43.757962 ], [ -79.41032, 43.75817 ], [ -79.410537, 43.758996 ], [ -79.410757, 43.759892 ], [ -79.410945, 43.76066 ], [ -79.411, 43.760912 ], [ -79.411135, 43.761454 ], [ -79.411152, 43.761518 ], [ -79.411152, 43.761518 ], [ -79.411354, 43.762295 ], [ -79.411575, 43.763207 ], [ -79.411736, 43.763835 ], [ -79.411762, 43.763944 ], [ -79.411837, 43.764246 ], [ -79.411962, 43.764761 ], [ -79.412189, 43.765601 ], [ -79.412409, 43.76651 ], [ -79.412514, 43.766885 ], [ -79.412645, 43.767417 ], [ -79.412761, 43.767898 ], [ -79.412867, 43.768339 ], [ -79.412883, 43.768398 ] ] } },
{ "type": "Feature", "properties": { "route": 7.0, "segment": 10, "leg": 2.0, "leg_segment": 5, "mode": "WALK", "route_short_name": "", "note": "arrive North York Central Library", "from_library": "Armour Heights", "to_library": "North York Central Library", "segment_depart": "10:23:00", "segment_arrive": "10:28:00", "wait_min": 0.0, "duration_min": 5.2, "distance_m": 302.0 }, "geometry": { "type": "LineString", "coordinates": [ [ -79.412592, 43.768547 ], [ -79.412626, 43.768529 ], [ -79.412808, 43.769189 ], [ -79.412959, 43.769163 ], [ -79.413061, 43.769144 ], [ -79.413044, 43.769115 ], [ -79.413033, 43.769086 ], [ -79.412944, 43.768736 ], [ -79.413018, 43.76872 ], [ -79.413205, 43.768679 ], [ -79.414181, 43.768459 ], [ -79.414579, 43.768374 ], [ -79.414712, 43.768345 ], [ -79.414683, 43.768272 ] ] } },
{ "type": "Feature", "properties": { "route": 7.0, "segment": 11, "leg": 3.0, "leg_segment": 1, "mode": "WALK", "route_short_name": "", "note": "start North York Central Library", "from_library": "North York Central Library", "to_library": "Ethennonnhawahstihnen' (formely Bayview)", "segment_depart": "10:57:00", "segment_arrive": "11:01:00", "wait_min": 0.0, "duration_min": 4.6, "distance_m": 280.0 }, "geometry": { "type": "LineString", "coordinates": [ [ -79.414528, 43.767886 ], [ -79.414683, 43.768272 ], [ -79.414712, 43.768345 ], [ -79.414579, 43.768374 ], [ -79.414181, 43.768459 ], [ -79.413205, 43.768679 ], [ -79.413018, 43.76872 ], [ -79.412944, 43.768736 ], [ -79.413033, 43.769086 ], [ -79.413044, 43.769115 ], [ -79.413061, 43.769144 ], [ -79.413085, 43.769258 ], [ -79.413114, 43.769358 ], [ -79.413118, 43.769372 ], [ -79.413082, 43.769422 ] ] } },
{ "type": "Feature", "properties": { "route": 7.0, "segment": 12, "leg": 3.0, "leg_segment": 2, "mode": "BUS", "route_short_name": "97", "note": "", "from_library": "North York Central Library", "to_library": "Ethennonnhawahstihnen' (formely Bayview)", "segment_depart": "11:03:00", "segment_arrive": "11:06:00", "wait_min": 1.6, "duration_min": 3.4, "distance_m": 874.0 }, "geometry": { "type": "LineString", "coordinates": [ [ -79.412945, 43.769485 ], [ -79.412893, 43.769266 ], [ -79.412659, 43.768386 ], [ -79.412437, 43.767464 ], [ -79.412317, 43.766975 ], [ -79.412317, 43.766975 ], [ -79.412306, 43.766932 ], [ -79.412236, 43.76668 ], [ -79.412201, 43.766557 ], [ -79.411981, 43.765649 ], [ -79.411753, 43.764806 ], [ -79.411628, 43.764292 ], [ -79.411554, 43.763992 ], [ -79.411528, 43.763885 ], [ -79.411402, 43.763397 ], [ -79.411402, 43.763397 ], [ -79.411366, 43.763255 ], [ -79.411144, 43.762344 ], [ -79.410991, 43.761752 ] ] } },
{ "type": "Feature", "properties": { "route": 7.0, "segment": 13, "leg": 3.0, "leg_segment": 3, "mode": "WALK", "route_short_name": "", "note": "", "from_library": "North York Central Library", "to_library": "Ethennonnhawahstihnen' (formely Bayview)", "segment_depart": "11:06:00", "segment_arrive": "11:08:00", "wait_min": 0.0, "duration_min": 1.7, "distance_m": 96.0 }, "geometry": { "type": "LineString", "coordinates": [ [ -79.411123, 43.761686 ], [ -79.411129, 43.761642 ], [ -79.411037, 43.761662 ], [ -79.410885, 43.761694 ], [ -79.410859, 43.761591 ], [ -79.410702, 43.761621 ], [ -79.410672, 43.7615 ], [ -79.41066, 43.761451 ], [ -79.41065, 43.761412 ], [ -79.41064, 43.761417 ], [ -79.410625, 43.761422 ], [ -79.410613, 43.761426 ], [ -79.410597, 43.761431 ], [ -79.410392, 43.761478 ] ] } },
{ "type": "Feature", "properties": { "route": 7.0, "segment": 14, "leg": 3.0, "leg_segment": 4, "mode": "SUBWAY", "route_short_name": "4", "note": "", "from_library": "North York Central Library", "to_library": "Ethennonnhawahstihnen' (formely Bayview)", "segment_depart": "11:11:00", "segment_arrive": "11:15:00", "wait_min": 2.5, "duration_min": 4.5, "distance_m": 2865.0 }, "geometry": { "type": "LineString", "coordinates": [ [ -79.410408, 43.761616 ], [ -79.409808, 43.76175 ], [ -79.408461, 43.762048 ], [ -79.407368, 43.762279 ], [ -79.404955, 43.762831 ], [ -79.404128, 43.763013 ], [ -79.403068, 43.763242 ], [ -79.402503, 43.763377 ], [ -79.399885, 43.763939 ], [ -79.397251, 43.764528 ], [ -79.394914, 43.765045 ], [ -79.393322, 43.7654 ], [ -79.39222, 43.765646 ], [ -79.390237, 43.766077 ], [ -79.389106, 43.766319 ], [ -79.388642, 43.766434 ], [ -79.386733, 43.766907 ], [ -79.386708, 43.766913 ], [ -79.386708, 43.766913 ], [ -79.383338, 43.767749 ], [ -79.382253, 43.767986 ], [ -79.381365, 43.768177 ], [ -79.380523, 43.768354 ], [ -79.379479, 43.768586 ], [ -79.378576, 43.768781 ], [ -79.377691, 43.768967 ], [ -79.376846, 43.769143 ], [ -79.376318, 43.769253 ] ] } },
{ "type": "Feature", "properties": { "route": 7.0, "segment": 15, "leg": 3.0, "leg_segment": 5, "mode": "WALK", "route_short_name": "", "note": "arrive Ethennonnhawahstihnen' (formely Bayview)", "from_library": "North York Central Library", "to_library": "Ethennonnhawahstihnen' (formely Bayview)", "segment_depart": "11:15:00", "segment_arrive": "11:17:00", "wait_min": 0.0, "duration_min": 2.1, "distance_m": 118.0 }, "geometry": { "type": "LineString", "coordinates": [ [ -79.376312, 43.769202 ], [ -79.376323, 43.769259 ], [ -79.376029, 43.769313 ], [ -79.375754, 43.769373 ], [ -79.375672, 43.769391 ], [ -79.37561, 43.769299 ], [ -79.375669, 43.769282 ], [ -79.375678, 43.769268 ], [ -79.375635, 43.769156 ], [ -79.375681, 43.769146 ], [ -79.375603, 43.768951 ] ] } },
{ "type": "Feature", "properties": { "route": 7.0, "segment": 16, "leg": 4.0, "leg_segment": 1, "mode": "WALK", "route_short_name": "", "note": "start Ethennonnhawahstihnen' (formely Bayview)", "from_library": "Ethennonnhawahstihnen' (formely Bayview)", "to_library": "Hillcrest", "segment_depart": "11:58:00", "segment_arrive": "12:00:00", "wait_min": 0.0, "duration_min": 2.5, "distance_m": 217.0 }, "geometry": { "type": "LineString", "coordinates": [ [ -79.375261, 43.768099 ], [ -79.375603, 43.768951 ], [ -79.375681, 43.769146 ], [ -79.375635, 43.769156 ], [ -79.375678, 43.769268 ], [ -79.375669, 43.769282 ], [ -79.37561, 43.769299 ], [ -79.375672, 43.769391 ], [ -79.375754, 43.769373 ], [ -79.376029, 43.769313 ], [ -79.376323, 43.769259 ], [ -79.376312, 43.769202 ] ] } },
{ "type": "Feature", "properties": { "route": 7.0, "segment": 17, "leg": 4.0, "leg_segment": 2, "mode": "SUBWAY", "route_short_name": "4", "note": "", "from_library": "Ethennonnhawahstihnen' (formely Bayview)", "to_library": "Hillcrest", "segment_depart": "12:04:00", "segment_arrive": "12:06:00", "wait_min": 4.0, "duration_min": 1.3, "distance_m": 941.0 }, "geometry": { "type": "LineString", "coordinates": [ [ -79.376318, 43.769253 ], [ -79.37551, 43.769421 ], [ -79.374399, 43.769658 ], [ -79.372951, 43.769966 ], [ -79.371465, 43.770305 ], [ -79.369769, 43.770682 ], [ -79.368512, 43.770965 ], [ -79.368455, 43.770977 ], [ -79.367737, 43.771081 ], [ -79.36704, 43.771135 ], [ -79.366096, 43.771226 ], [ -79.364989, 43.771333 ] ] } },
{ "type": "Feature", "properties": { "route": 7.0, "segment": 18, "leg": 4.0, "leg_segment": 3, "mode": "WALK", "route_short_name": "", "note": "", "from_library": "Ethennonnhawahstihnen' (formely Bayview)", "to_library": "Hillcrest", "segment_depart": "12:06:00", "segment_arrive": "12:08:00", "wait_min": 0.0, "duration_min": 1.8, "distance_m": 106.0 }, "geometry": { "type": "LineString", "coordinates": [ [ -79.36499, 43.771348 ], [ -79.364993, 43.771403 ], [ -79.364597, 43.771451 ], [ -79.364414, 43.771451 ], [ -79.364274, 43.771469 ], [ -79.364069, 43.771494 ], [ -79.363945, 43.77151 ], [ -79.363959, 43.77138 ] ] } },
{ "type": "Feature", "properties": { "route": 7.0, "segment": 19, "leg": 4.0, "leg_segment": 4, "mode": "BUS", "route_short_name": "151", "note": "", "from_library": "Ethennonnhawahstihnen' (formely Bayview)", "to_library": "Hillcrest", "segment_depart": "12:09:00", "segment_arrive": "12:17:00", "wait_min": 1.8, "duration_min": 7.2, "distance_m": 2811.0 }, "geometry": { "type": "LineString", "coordinates": [ [ -79.364136, 43.771414 ], [ -79.364125, 43.771636 ], [ -79.364103, 43.771855 ], [ -79.364124, 43.772231 ], [ -79.364124, 43.772231 ], [ -79.364128, 43.77231 ], [ -79.364159, 43.772591 ], [ -79.364272, 43.773144 ], [ -79.36444, 43.77399 ], [ -79.364555, 43.774675 ], [ -79.364555, 43.774675 ], [ -79.364582, 43.774836 ], [ -79.364616, 43.774953 ], [ -79.364714, 43.77545 ], [ -79.364769, 43.77572 ], [ -79.364939, 43.776555 ], [ -79.365041, 43.777043 ], [ -79.365062, 43.777139 ], [ -79.365134, 43.777464 ], [ -79.365198, 43.777761 ], [ -79.365283, 43.778157 ], [ -79.365283, 43.778157 ], [ -79.365309, 43.77828 ], [ -79.365516, 43.779212 ], [ -79.365529, 43.779267 ], [ -79.365798, 43.780432 ], [ -79.36587, 43.780751 ], [ -79.366025, 43.781434 ], [ -79.366056, 43.7816 ], [ -79.36608, 43.78173 ], [ -79.36608, 43.78173 ], [ -79.366124, 43.781963 ], [ -79.36618, 43.782184 ], [ -79.366397, 43.78304 ], [ -79.366512, 43.78356 ], [ -79.366512, 43.78356 ], [ -79.36655, 43.783732 ], [ -79.366653, 43.784153 ], [ -79.366693, 43.784326 ], [ -79.366827, 43.784907 ], [ -79.366926, 43.785377 ], [ -79.366945, 43.785464 ], [ -79.366965, 43.785545 ], [ -79.366965, 43.785545 ], [ -79.366979, 43.785602 ], [ -79.367278, 43.78682 ], [ -79.367308, 43.786955 ], [ -79.367465, 43.787639 ], [ -79.367465, 43.787639 ], [ -79.367496, 43.787772 ], [ -79.367542, 43.787985 ], [ -79.367623, 43.788357 ], [ -79.367644, 43.788456 ], [ -79.367883, 43.789324 ], [ -79.36794, 43.789548 ], [ -79.36794, 43.789548 ], [ -79.368055, 43.790004 ], [ -79.368234, 43.790899 ], [ -79.368315, 43.791246 ], [ -79.36835, 43.791419 ], [ -79.368377, 43.791548 ], [ -79.368418, 43.791747 ], [ -79.368418, 43.791747 ], [ -79.368437, 43.791836 ], [ -79.368462, 43.791953 ], [ -79.368555, 43.792309 ], [ -79.368718, 43.793128 ], [ -79.368917, 43.79396 ], [ -79.368969, 43.79418 ], [ -79.368969, 43.79418 ], [ -79.368986, 43.79425 ], [ -79.369061, 43.794561 ], [ -79.369126, 43.79483 ], [ -79.369187, 43.795082 ], [ -79.369247, 43.795333 ], [ -79.369389, 43.795942 ], [ -79.36949, 43.796398 ] ] } },
{ "type": "Feature", "properties": { "route": 7.0, "segment": 20, "leg": 4.0, "leg_segment": 5, "mode": "WALK", "route_short_name": "", "note": "arrive Hillcrest", "from_library": "Ethennonnhawahstihnen' (formely Bayview)", "to_library": "Hillcrest", "segment_depart": "12:17:00", "segment_arrive": "12:19:00", "wait_min": 0.0, "duration_min": 2.1, "distance_m": 119.0 }, "geometry": { "type": "LineString", "coordinates": [ [ -79.369363, 43.796452 ], [ -79.369368, 43.796487 ], [ -79.369297, 43.796506 ], [ -79.36931, 43.79656 ], [ -79.369345, 43.796648 ], [ -79.369365, 43.796742 ], [ -79.36941, 43.796984 ], [ -79.369428, 43.797075 ], [ -79.369512, 43.797354 ], [ -79.369351, 43.797385 ] ] } },
{ "type": "Feature", "properties": { "route": 7.0, "segment": 21, "leg": 5.0, "leg_segment": 1, "mode": "WALK", "route_short_name": "", "note": "start Hillcrest", "from_library": "Hillcrest", "to_library": "Steeles", "segment_depart": "12:43:00", "segment_arrive": "12:52:00", "wait_min": 0.0, "duration_min": 9.0, "distance_m": 517.0 }, "geometry": { "type": "LineString", "coordinates": [ [ -79.369246, 43.797108 ], [ -79.369351, 43.797385 ], [ -79.369512, 43.797354 ], [ -79.369539, 43.797475 ], [ -79.369695, 43.798112 ], [ -79.369852, 43.79873 ], [ -79.369912, 43.798976 ], [ -79.369944, 43.799086 ], [ -79.369959, 43.799138 ], [ -79.370023, 43.799392 ], [ -79.370037, 43.799446 ], [ -79.370066, 43.799559 ], [ -79.370074, 43.799587 ], [ -79.370083, 43.799628 ], [ -79.370272, 43.799648 ], [ -79.370356, 43.799973 ], [ -79.370407, 43.800168 ], [ -79.370526, 43.800628 ], [ -79.370584, 43.800821 ], [ -79.370656, 43.800894 ], [ -79.370745, 43.801209 ], [ -79.37088, 43.801173 ], [ -79.370966, 43.80115 ], [ -79.370964, 43.801133 ] ] } },
{ "type": "Feature", "properties": { "route": 7.0, "segment": 22, "leg": 5.0, "leg_segment": 2, "mode": "BUS", "route_short_name": "42", "note": "", "from_library": "Hillcrest", "to_library": "Steeles", "segment_depart": "12:54:00", "segment_arrive": "13:07:00", "wait_min": 1.9, "duration_min": 13.0, "distance_m": 4480.0 }, "geometry": { "type": "LineString", "coordinates": [ [ -79.370977, 43.801228 ], [ -79.37071, 43.801296 ], [ -79.37045, 43.801368 ], [ -79.370228, 43.801422 ], [ -79.370048, 43.801468 ], [ -79.369942, 43.801507 ], [ -79.369865, 43.80155 ], [ -79.369788, 43.801601 ], [ -79.369727, 43.801667 ], [ -79.369646, 43.801765 ], [ -79.36955, 43.801872 ], [ -79.369464, 43.801992 ], [ -79.36898, 43.802609 ], [ -79.368927, 43.802656 ], [ -79.36885, 43.802711 ], [ -79.368753, 43.802759 ], [ -79.36865, 43.802798 ], [ -79.368504, 43.802838 ], [ -79.368182, 43.80291 ], [ -79.368182, 43.80291 ], [ -79.367939, 43.802965 ], [ -79.366184, 43.803373 ], [ -79.366049, 43.803394 ], [ -79.365896, 43.803408 ], [ -79.365735, 43.803395 ], [ -79.365617, 43.803365 ], [ -79.365515, 43.803317 ], [ -79.365296, 43.80323 ], [ -79.365183, 43.803173 ], [ -79.365183, 43.803173 ], [ -79.365133, 43.803148 ], [ -79.364998, 43.803095 ], [ -79.364322, 43.802816 ], [ -79.36423, 43.802772 ], [ -79.364148, 43.802718 ], [ -79.364075, 43.802675 ], [ -79.36401, 43.802642 ], [ -79.363854, 43.802505 ], [ -79.363203, 43.802003 ], [ -79.363203, 43.802003 ], [ -79.363022, 43.801875 ], [ -79.36229, 43.801302 ], [ -79.360833, 43.800191 ], [ -79.360183, 43.799686 ], [ -79.360183, 43.799686 ], [ -79.360042, 43.799577 ], [ -79.359935, 43.799505 ], [ -79.359809, 43.79942 ], [ -79.359694, 43.799343 ], [ -79.359581, 43.79929 ], [ -79.359458, 43.799253 ], [ -79.359321, 43.799231 ], [ -79.359206, 43.799212 ], [ -79.359063, 43.799191 ], [ -79.358883, 43.799185 ], [ -79.358723, 43.799196 ], [ -79.358402, 43.799261 ], [ -79.357165, 43.799532 ], [ -79.357165, 43.799532 ], [ -79.356954, 43.799578 ], [ -79.356241, 43.799748 ], [ -79.356085, 43.799765 ], [ -79.355993, 43.79977 ], [ -79.355801, 43.799773 ], [ -79.355578, 43.799762 ], [ -79.355389, 43.799749 ], [ -79.355239, 43.799721 ], [ -79.354747, 43.799666 ], [ -79.354385, 43.799628 ], [ -79.354385, 43.799628 ], [ -79.35413, 43.799601 ], [ -79.353975, 43.799603 ], [ -79.353819, 43.799594 ], [ -79.353687, 43.799575 ], [ -79.353514, 43.799556 ], [ -79.353324, 43.799556 ], [ -79.353114, 43.799575 ], [ -79.35295, 43.799592 ], [ -79.352831, 43.799618 ], [ -79.352702, 43.799644 ], [ -79.352599, 43.799661 ], [ -79.352461, 43.799706 ], [ -79.352187, 43.799777 ], [ -79.351968, 43.799832 ], [ -79.351968, 43.799832 ], [ -79.351706, 43.799897 ], [ -79.351511, 43.799954 ], [ -79.350117, 43.800282 ], [ -79.349907, 43.800336 ], [ -79.349755, 43.800363 ], [ -79.349653, 43.800415 ], [ -79.349526, 43.800471 ], [ -79.349394, 43.800551 ], [ -79.349301, 43.800617 ], [ -79.349205, 43.800694 ], [ -79.349108, 43.800773 ], [ -79.349045, 43.800827 ], [ -79.349012, 43.800851 ], [ -79.348453, 43.80151 ], [ -79.348453, 43.80151 ], [ -79.348405, 43.801567 ], [ -79.348304, 43.801677 ], [ -79.348191, 43.801789 ], [ -79.34808, 43.80191 ], [ -79.347969, 43.801993 ], [ -79.347856, 43.802074 ], [ -79.347727, 43.802151 ], [ -79.347415, 43.802311 ], [ -79.347217, 43.802428 ], [ -79.346999, 43.802541 ], [ -79.346783, 43.802651 ], [ -79.346651, 43.802704 ], [ -79.346496, 43.802759 ], [ -79.346307, 43.802794 ], [ -79.346107, 43.802824 ], [ -79.345931, 43.802845 ], [ -79.345741, 43.802866 ], [ -79.345519, 43.802912 ], [ -79.345128, 43.802937 ], [ -79.344825, 43.802956 ], [ -79.344169, 43.803027 ], [ -79.343036, 43.803152 ], [ -79.342862, 43.803161 ], [ -79.342266, 43.803304 ], [ -79.342126, 43.803337 ], [ -79.342126, 43.803337 ], [ -79.341843, 43.803404 ], [ -79.341654, 43.803429 ], [ -79.340742, 43.803644 ], [ -79.340217, 43.803751 ], [ -79.339796, 43.803822 ], [ -79.33895, 43.803893 ], [ -79.337994, 43.803856 ], [ -79.337574, 43.803864 ], [ -79.337133, 43.803891 ], [ -79.336641, 43.804002 ], [ -79.336641, 43.804002 ], [ -79.336304, 43.804078 ], [ -79.335471, 43.804266 ], [ -79.335427, 43.804284 ], [ -79.33539, 43.804284 ], [ -79.335386, 43.804285 ], [ -79.335386, 43.804285 ], [ -79.335295, 43.804302 ], [ -79.335207, 43.80432 ], [ -79.335124, 43.804329 ], [ -79.335035, 43.804338 ], [ -79.334927, 43.804347 ], [ -79.334806, 43.804346 ], [ -79.33471, 43.804337 ], [ -79.334606, 43.804328 ], [ -79.334514, 43.80431 ], [ -79.334404, 43.804292 ], [ -79.334292, 43.804274 ], [ -79.334185, 43.804246 ], [ -79.334126, 43.804237 ], [ -79.334078, 43.804228 ], [ -79.33395, 43.804201 ], [ -79.333318, 43.804066 ], [ -79.333318, 43.804066 ], [ -79.332932, 43.803984 ], [ -79.332863, 43.803974 ], [ -79.332828, 43.803965 ], [ -79.332719, 43.803938 ], [ -79.332637, 43.80392 ], [ -79.332554, 43.803902 ], [ -79.332443, 43.803884 ], [ -79.332342, 43.803875 ], [ -79.332227, 43.803866 ], [ -79.332117, 43.803865 ], [ -79.332001, 43.803865 ], [ -79.331893, 43.803874 ], [ -79.331775, 43.803883 ], [ -79.331673, 43.803901 ], [ -79.331558, 43.803928 ], [ -79.331108, 43.804028 ], [ -79.331108, 43.804028 ], [ -79.330721, 43.804115 ], [ -79.329123, 43.804473 ], [ -79.327237, 43.804893 ], [ -79.326607, 43.805052 ], [ -79.326607, 43.805052 ], [ -79.326351, 43.805117 ], [ -79.32535, 43.805343 ], [ -79.324886, 43.805448 ], [ -79.324092, 43.805626 ], [ -79.324092, 43.805626 ], [ -79.323911, 43.805667 ], [ -79.323056, 43.805859 ], [ -79.32127, 43.806271 ] ] } },
{ "type": "Feature", "properties": { "route": 7.0, "segment": 23, "leg": 5.0, "leg_segment": 3, "mode": "WALK", "route_short_name": "", "note": "", "from_library": "Hillcrest", "to_library": "Steeles", "segment_depart": "13:07:00", "segment_arrive": "13:09:00", "wait_min": 0.0, "duration_min": 1.8, "distance_m": 103.0 }, "geometry": { "type": "LineString", "coordinates": [ [ -79.321258, 43.80617 ], [ -79.32126, 43.806186 ], [ -79.321171, 43.806206 ], [ -79.32111, 43.8062 ], [ -79.320928, 43.806243 ], [ -79.320972, 43.806345 ], [ -79.321015, 43.806445 ], [ -79.320817, 43.806501 ], [ -79.320947, 43.806781 ] ] } },
{ "type": "Feature", "properties": { "route": 7.0, "segment": 24, "leg": 5.0, "leg_segment": 4, "mode": "BUS", "route_short_name": "68", "note": "", "from_library": "Hillcrest", "to_library": "Steeles", "segment_depart": "13:12:00", "segment_arrive": "13:14:00", "wait_min": 2.4, "duration_min": 2.9, "distance_m": 882.0 }, "geometry": { "type": "LineString", "coordinates": [ [ -79.321107, 43.806642 ], [ -79.321278, 43.807024 ], [ -79.321949, 43.808474 ], [ -79.322238, 43.809096 ], [ -79.322238, 43.809096 ], [ -79.322251, 43.809123 ], [ -79.322633, 43.809943 ], [ -79.322653, 43.809986 ], [ -79.323316, 43.811423 ], [ -79.323316, 43.811423 ], [ -79.323414, 43.811636 ], [ -79.323682, 43.812186 ], [ -79.324105, 43.813131 ], [ -79.324326, 43.813627 ], [ -79.324365, 43.813718 ], [ -79.324417, 43.813847 ], [ -79.324454, 43.813972 ], [ -79.324517, 43.814158 ], [ -79.324525, 43.814187 ] ] } },
{ "type": "Feature", "properties": { "route": 7.0, "segment": 25, "leg": 5.0, "leg_segment": 5, "mode": "WALK", "route_short_name": "", "note": "arrive Steeles", "from_library": "Hillcrest", "to_library": "Steeles", "segment_depart": "13:14:00", "segment_arrive": "13:18:00", "wait_min": 0.0, "duration_min": 4.0, "distance_m": 234.0 }, "geometry": { "type": "LineString", "coordinates": [ [ -79.324383, 43.814261 ], [ -79.324293, 43.814281 ], [ -79.324293, 43.814281 ], [ -79.324328, 43.814411 ], [ -79.324279, 43.814423 ], [ -79.324165, 43.81445 ], [ -79.324155, 43.814427 ], [ -79.32415, 43.814413 ], [ -79.323915, 43.814467 ], [ -79.323904, 43.814445 ], [ -79.323225, 43.814599 ], [ -79.32297, 43.814657 ], [ -79.322881, 43.814784 ], [ -79.322886, 43.814829 ], [ -79.322757, 43.815005 ], [ -79.322664, 43.815134 ], [ -79.322594, 43.815232 ], [ -79.322517, 43.815343 ], [ -79.32242, 43.815365 ] ] } },
{ "type": "Feature", "properties": { "route": 7.0, "segment": 26, "leg": 6.0, "leg_segment": 1, "mode": "WALK", "route_short_name": "", "note": "start Steeles", "from_library": "Steeles", "to_library": "Goldhawk Park", "segment_depart": "13:50:00", "segment_arrive": "13:54:00", "wait_min": 0.0, "duration_min": 3.8, "distance_m": 237.0 }, "geometry": { "type": "LineString", "coordinates": [ [ -79.32242, 43.815365 ], [ -79.322499, 43.815561 ], [ -79.322507, 43.815581 ], [ -79.322663, 43.815635 ], [ -79.322693, 43.815714 ], [ -79.322698, 43.815733 ], [ -79.322733, 43.815746 ], [ -79.322817, 43.815775 ], [ -79.322882, 43.815798 ], [ -79.322749, 43.815987 ], [ -79.322705, 43.816058 ], [ -79.322827, 43.816088 ], [ -79.322908, 43.816107 ], [ -79.322982, 43.816121 ], [ -79.323041, 43.816126 ], [ -79.323115, 43.816124 ], [ -79.323218, 43.816125 ], [ -79.323483, 43.816121 ], [ -79.323821, 43.816116 ], [ -79.324139, 43.816114 ], [ -79.324343, 43.816113 ], [ -79.324402, 43.816083 ] ] } },
{ "type": "Feature", "properties": { "route": 7.0, "segment": 27, "leg": 6.0, "leg_segment": 2, "mode": "BUS", "route_short_name": "68", "note": "", "from_library": "Steeles", "to_library": "Goldhawk Park", "segment_depart": "13:55:00", "segment_arrive": "13:56:00", "wait_min": 1.1, "duration_min": 1.2, "distance_m": 356.0 }, "geometry": { "type": "LineString", "coordinates": [ [ -79.324566, 43.816132 ], [ -79.324555, 43.816199 ], [ -79.324436, 43.816961 ], [ -79.324304, 43.817794 ], [ -79.324298, 43.817848 ], [ -79.324292, 43.817907 ], [ -79.324288, 43.81797 ], [ -79.324285, 43.818024 ], [ -79.324282, 43.818087 ], [ -79.32428, 43.818145 ], [ -79.324279, 43.818199 ], [ -79.324278, 43.818262 ], [ -79.324278, 43.818321 ], [ -79.32428, 43.818379 ], [ -79.324282, 43.818438 ], [ -79.324284, 43.818496 ], [ -79.324288, 43.818555 ], [ -79.324292, 43.818613 ], [ -79.324298, 43.818672 ], [ -79.324304, 43.81873 ], [ -79.32431, 43.818789 ], [ -79.324318, 43.818847 ], [ -79.324326, 43.818906 ], [ -79.324335, 43.818964 ], [ -79.324345, 43.819023 ], [ -79.324352, 43.819064 ], [ -79.324355, 43.819081 ], [ -79.324357, 43.819094 ], [ -79.324366, 43.81914 ], [ -79.324379, 43.819199 ], [ -79.324395, 43.819323 ] ] } },
{ "type": "Feature", "properties": { "route": 7.0, "segment": 28, "leg": 6.0, "leg_segment": 3, "mode": "WALK", "route_short_name": "", "note": "", "from_library": "Steeles", "to_library": "Goldhawk Park", "segment_depart": "13:56:00", "segment_arrive": "13:58:00", "wait_min": 0.0, "duration_min": 1.1, "distance_m": 62.0 }, "geometry": { "type": "LineString", "coordinates": [ [ -79.324229, 43.819365 ], [ -79.324199, 43.819377 ], [ -79.324238, 43.819529 ], [ -79.324331, 43.819509 ], [ -79.324522, 43.81947 ], [ -79.324653, 43.819443 ], [ -79.32473, 43.819428 ], [ -79.324739, 43.819426 ] ] } },
{ "type": "Feature", "properties": { "route": 7.0, "segment": 29, "leg": 6.0, "leg_segment": 4, "mode": "BUS", "route_short_name": "53", "note": "", "from_library": "Steeles", "to_library": "Goldhawk Park", "segment_depart": "14:00:00", "segment_arrive": "14:11:00", "wait_min": 2.0, "duration_min": 11.6, "distance_m": 3725.0 }, "geometry": { "type": "LineString", "coordinates": [ [ -79.324755, 43.819558 ], [ -79.324481, 43.819621 ], [ -79.320638, 43.820524 ], [ -79.320638, 43.820524 ], [ -79.320442, 43.82057 ], [ -79.317148, 43.821318 ], [ -79.317148, 43.821318 ], [ -79.316919, 43.82137 ], [ -79.315502, 43.821719 ], [ -79.314201, 43.822024 ], [ -79.312394, 43.822439 ], [ -79.312394, 43.822439 ], [ -79.312236, 43.822475 ], [ -79.307348, 43.823613 ], [ -79.307348, 43.823613 ], [ -79.307144, 43.823661 ], [ -79.307074, 43.823678 ], [ -79.306972, 43.823701 ], [ -79.30644, 43.823823 ], [ -79.305426, 43.824069 ], [ -79.305349, 43.824087 ], [ -79.305349, 43.824087 ], [ -79.305083, 43.824148 ], [ -79.302584, 43.824722 ], [ -79.302584, 43.824722 ], [ -79.3015, 43.824971 ], [ -79.300603, 43.825168 ], [ -79.30046, 43.8252 ], [ -79.30046, 43.8252 ], [ -79.300057, 43.825289 ], [ -79.299238, 43.82549 ], [ -79.297271, 43.825951 ], [ -79.296928, 43.826031 ], [ -79.296928, 43.826031 ], [ -79.293734, 43.826772 ], [ -79.292098, 43.827148 ], [ -79.292098, 43.827148 ], [ -79.291771, 43.827223 ], [ -79.289203, 43.82781 ], [ -79.287534, 43.828183 ], [ -79.287534, 43.828183 ], [ -79.28722, 43.828253 ], [ -79.285928, 43.82855 ], [ -79.283556, 43.829095 ], [ -79.283556, 43.829095 ], [ -79.282165, 43.829415 ], [ -79.28051, 43.82979 ] ] } },
{ "type": "Feature", "properties": { "route": 7.0, "segment": 30, "leg": 6.0, "leg_segment": 5, "mode": "WALK", "route_short_name": "", "note": "arrive Goldhawk Park", "from_library": "Steeles", "to_library": "Goldhawk Park", "segment_depart": "14:11:00", "segment_arrive": "14:23:00", "wait_min": 0.0, "duration_min": 11.6, "distance_m": 686.0 }, "geometry": { "type": "LineString", "coordinates": [ [ -79.280495, 43.829662 ], [ -79.280494, 43.829655 ], [ -79.280432, 43.82967 ], [ -79.280123, 43.828945 ], [ -79.2801, 43.828879 ], [ -79.280083, 43.8288 ], [ -79.280081, 43.828746 ], [ -79.280089, 43.82868 ], [ -79.280097, 43.828624 ], [ -79.280115, 43.82857 ], [ -79.280287, 43.828197 ], [ -79.280324, 43.828118 ], [ -79.280356, 43.828048 ], [ -79.280254, 43.828023 ], [ -79.28016, 43.828 ], [ -79.280025, 43.827963 ], [ -79.27993, 43.827929 ], [ -79.279844, 43.827889 ], [ -79.279762, 43.827841 ], [ -79.279693, 43.827793 ], [ -79.279637, 43.827746 ], [ -79.279582, 43.827684 ], [ -79.279541, 43.827629 ], [ -79.279507, 43.827575 ], [ -79.279479, 43.827517 ], [ -79.279453, 43.827459 ], [ -79.279368, 43.827276 ], [ -79.279244, 43.82701 ], [ -79.279175, 43.826863 ], [ -79.279157, 43.826821 ], [ -79.279135, 43.826769 ], [ -79.279069, 43.826622 ], [ -79.279005, 43.826509 ], [ -79.27898, 43.826473 ], [ -79.278945, 43.826424 ], [ -79.278907, 43.82638 ], [ -79.27889, 43.82636 ], [ -79.278854, 43.826327 ], [ -79.278795, 43.826278 ], [ -79.27872, 43.826228 ], [ -79.278624, 43.826169 ], [ -79.278553, 43.826135 ], [ -79.278477, 43.826107 ], [ -79.278405, 43.82608 ], [ -79.278332, 43.826059 ], [ -79.278275, 43.826041 ], [ -79.27828, 43.826028 ], [ -79.278293, 43.825993 ], [ -79.27831, 43.825947 ], [ -79.278323, 43.8259 ], [ -79.278337, 43.825848 ], [ -79.278345, 43.825802 ], [ -79.278347, 43.825775 ], [ -79.278352, 43.825722 ], [ -79.278356, 43.825669 ], [ -79.278354, 43.825604 ], [ -79.278345, 43.825535 ], [ -79.278338, 43.825494 ], [ -79.278331, 43.825454 ], [ -79.278289, 43.825316 ], [ -79.278271, 43.825275 ], [ -79.278253, 43.825234 ], [ -79.278155, 43.82501 ], [ -79.278137, 43.824965 ], [ -79.278123, 43.824928 ], [ -79.278077, 43.824827 ], [ -79.278057, 43.824782 ], [ -79.27804, 43.824742 ], [ -79.277948, 43.824526 ], [ -79.277891, 43.824395 ], [ -79.277878, 43.824365 ], [ -79.277862, 43.824329 ] ] } },
{ "type": "Feature", "properties": { "route": 7.0, "segment": 31, "leg": 7.0, "leg_segment": 1, "mode": "WALK", "route_short_name": "", "note": "start Goldhawk Park", "from_library": "Goldhawk Park", "to_library": "Woodside Square", "segment_depart": "14:46:00", "segment_arrive": "14:52:00", "wait_min": 0.0, "duration_min": 6.7, "distance_m": 471.0 }, "geometry": { "type": "LineString", "coordinates": [ [ -79.277455, 43.823372 ], [ -79.277478, 43.823427 ], [ -79.277862, 43.824329 ], [ -79.277878, 43.824365 ], [ -79.277776, 43.824387 ], [ -79.277845, 43.824554 ], [ -79.277783, 43.824567 ], [ -79.277745, 43.824578 ], [ -79.277921, 43.824983 ], [ -79.277849, 43.824993 ], [ -79.277768, 43.824983 ], [ -79.277724, 43.824978 ], [ -79.277286, 43.824776 ], [ -79.27722, 43.824746 ], [ -79.276048, 43.825015 ], [ -79.275369, 43.825171 ], [ -79.275486, 43.825404 ], [ -79.275524, 43.825494 ], [ -79.275456, 43.82551 ], [ -79.275465, 43.825587 ] ] } },
{ "type": "Feature", "properties": { "route": 7.0, "segment": 32, "leg": 7.0, "leg_segment": 2, "mode": "BUS", "route_short_name": "129", "note": "", "from_library": "Goldhawk Park", "to_library": "Woodside Square", "segment_depart": "14:54:00", "segment_arrive": "14:59:00", "wait_min": 1.2, "duration_min": 5.4, "distance_m": 1614.0 }, "geometry": { "type": "LineString", "coordinates": [ [ -79.275379, 43.825668 ], [ -79.275368, 43.825645 ], [ -79.275326, 43.82556 ], [ -79.275284, 43.825474 ], [ -79.275244, 43.825389 ], [ -79.274909, 43.824613 ], [ -79.274784, 43.824345 ], [ -79.274346, 43.823345 ], [ -79.274059, 43.822691 ], [ -79.274059, 43.822691 ], [ -79.273974, 43.822497 ], [ -79.273447, 43.821281 ], [ -79.273122, 43.820547 ], [ -79.272899, 43.820057 ], [ -79.272899, 43.820057 ], [ -79.272821, 43.819887 ], [ -79.27252, 43.819124 ], [ -79.272214, 43.818488 ], [ -79.272097, 43.818226 ], [ -79.272097, 43.818226 ], [ -79.271966, 43.817933 ], [ -79.271722, 43.817404 ], [ -79.271503, 43.816937 ], [ -79.271262, 43.816404 ], [ -79.270834, 43.815393 ], [ -79.270488, 43.814592 ], [ -79.270488, 43.814592 ], [ -79.270319, 43.814201 ], [ -79.269816, 43.813075 ], [ -79.269279, 43.811833 ] ] } },
{ "type": "Feature", "properties": { "route": 7.0, "segment": 33, "leg": 7.0, "leg_segment": 3, "mode": "WALK", "route_short_name": "", "note": "arrive Woodside Square", "from_library": "Goldhawk Park", "to_library": "Woodside Square", "segment_depart": "14:59:00", "segment_arrive": "15:06:00", "wait_min": 0.0, "duration_min": 6.8, "distance_m": 401.0 }, "geometry": { "type": "LineString", "coordinates": [ [ -79.269357, 43.811768 ], [ -79.269352, 43.81171 ], [ -79.269427, 43.811697 ], [ -79.269371, 43.811593 ], [ -79.269328, 43.811501 ], [ -79.269262, 43.81134 ], [ -79.268979, 43.810889 ], [ -79.268848, 43.810729 ], [ -79.269293, 43.810227 ], [ -79.269354, 43.810252 ], [ -79.269401, 43.810199 ], [ -79.269423, 43.810186 ], [ -79.269608, 43.809905 ], [ -79.269686, 43.809771 ], [ -79.26964, 43.809661 ], [ -79.269297, 43.808852 ], [ -79.26968, 43.80877 ] ] } },
{ "type": "Feature", "properties": { "route": 7.0, "segment": 34, "leg": 8.0, "leg_segment": 1, "mode": "WALK", "route_short_name": "", "note": "start Woodside Square", "from_library": "Woodside Square", "to_library": "Burrows Hall", "segment_depart": "15:27:00", "segment_arrive": "15:34:00", "wait_min": 0.0, "duration_min": 7.6, "distance_m": 440.0 }, "geometry": { "type": "LineString", "coordinates": [ [ -79.270212, 43.808976 ], [ -79.270182, 43.808895 ], [ -79.270101, 43.808673 ], [ -79.26968, 43.80877 ], [ -79.269531, 43.808411 ], [ -79.269525, 43.808398 ], [ -79.269153, 43.808448 ], [ -79.268928, 43.808494 ], [ -79.268837, 43.808497 ], [ -79.268721, 43.808517 ], [ -79.26871, 43.808497 ], [ -79.268632, 43.808514 ], [ -79.268419, 43.808562 ], [ -79.268201, 43.808612 ], [ -79.268065, 43.808643 ], [ -79.267943, 43.80867 ], [ -79.267665, 43.808083 ], [ -79.267499, 43.808122 ], [ -79.267288, 43.808171 ], [ -79.267115, 43.808211 ], [ -79.26691, 43.808167 ], [ -79.266767, 43.808111 ], [ -79.266724, 43.80813 ], [ -79.266686, 43.808047 ], [ -79.266643, 43.807934 ], [ -79.266615, 43.807847 ], [ -79.266724, 43.807824 ], [ -79.266726, 43.807845 ] ] } },
{ "type": "Feature", "properties": { "route": 7.0, "segment": 35, "leg": 8.0, "leg_segment": 2, "mode": "BUS", "route_short_name": "939", "note": "", "from_library": "Woodside Square", "to_library": "Burrows Hall", "segment_depart": "15:35:00", "segment_arrive": "15:41:00", "wait_min": 1.2, "duration_min": 6.0, "distance_m": 2124.0 }, "geometry": { "type": "LineString", "coordinates": [ [ -79.266739, 43.807968 ], [ -79.266493, 43.808019 ], [ -79.266365, 43.80772 ], [ -79.26593, 43.806621 ], [ -79.265317, 43.805125 ], [ -79.265157, 43.804774 ], [ -79.264552, 43.803279 ], [ -79.264178, 43.802393 ], [ -79.263768, 43.801423 ], [ -79.263642, 43.801134 ], [ -79.263387, 43.800504 ], [ -79.26315, 43.800014 ], [ -79.263008, 43.79972 ], [ -79.262765, 43.799188 ], [ -79.26256, 43.798666 ], [ -79.262119, 43.797639 ], [ -79.261501, 43.796116 ], [ -79.261312, 43.79572 ], [ -79.260949, 43.794855 ], [ -79.260749, 43.794324 ], [ -79.260529, 43.793738 ], [ -79.260463, 43.793573 ], [ -79.260416, 43.793468 ], [ -79.260366, 43.793369 ], [ -79.26025, 43.793134 ], [ -79.260029, 43.792585 ], [ -79.259801, 43.792053 ], [ -79.259661, 43.791686 ], [ -79.259546, 43.791387 ], [ -79.259151, 43.790459 ], [ -79.258936, 43.789898 ] ] } },
{ "type": "Feature", "properties": { "route": 7.0, "segment": 36, "leg": 8.0, "leg_segment": 3, "mode": "WALK", "route_short_name": "", "note": "", "from_library": "Woodside Square", "to_library": "Burrows Hall", "segment_depart": "15:41:00", "segment_arrive": "15:42:00", "wait_min": 0.0, "duration_min": 0.9, "distance_m": 50.0 }, "geometry": { "type": "LineString", "coordinates": [ [ -79.259086, 43.789787 ], [ -79.259069, 43.789746 ], [ -79.259018, 43.78963 ], [ -79.258971, 43.789523 ], [ -79.258934, 43.789438 ], [ -79.258973, 43.789443 ], [ -79.259047, 43.789427 ] ] } },
{ "type": "Feature", "properties": { "route": 7.0, "segment": 37, "leg": 8.0, "leg_segment": 4, "mode": "BUS", "route_short_name": "985", "note": "", "from_library": "Woodside Square", "to_library": "Burrows Hall", "segment_depart": "15:49:00", "segment_arrive": "15:54:00", "wait_min": 7.1, "duration_min": 4.8, "distance_m": 1997.0 }, "geometry": { "type": "LineString", "coordinates": [ [ -79.259063, 43.789574 ], [ -79.258838, 43.78962 ], [ -79.255704, 43.790295 ], [ -79.253506, 43.790769 ], [ -79.249465, 43.791636 ], [ -79.249465, 43.791636 ], [ -79.248975, 43.791741 ], [ -79.248486, 43.791848 ], [ -79.246727, 43.792213 ], [ -79.245208, 43.792534 ], [ -79.243899, 43.792798 ], [ -79.243787, 43.79282 ], [ -79.24287, 43.793005 ], [ -79.242862, 43.793007 ], [ -79.242862, 43.793007 ], [ -79.242414, 43.793104 ], [ -79.241551, 43.793291 ], [ -79.240022, 43.793611 ], [ -79.239398, 43.793738 ], [ -79.239398, 43.793738 ], [ -79.238752, 43.793869 ], [ -79.235172, 43.794612 ] ] } },
{ "type": "Feature", "properties": { "route": 7.0, "segment": 38, "leg": 8.0, "leg_segment": 5, "mode": "WALK", "route_short_name": "", "note": "arrive Burrows Hall", "from_library": "Woodside Square", "to_library": "Burrows Hall", "segment_depart": "15:54:00", "segment_arrive": "15:57:00", "wait_min": 0.0, "duration_min": 3.1, "distance_m": 184.0 }, "geometry": { "type": "LineString", "coordinates": [ [ -79.235159, 43.794491 ], [ -79.235156, 43.794468 ], [ -79.235061, 43.794489 ], [ -79.234975, 43.794505 ], [ -79.234918, 43.794335 ], [ -79.234916, 43.794329 ], [ -79.234909, 43.794325 ], [ -79.234896, 43.794316 ], [ -79.234814, 43.794251 ], [ -79.234765, 43.794123 ], [ -79.234525, 43.793569 ], [ -79.234395, 43.793594 ], [ -79.233868, 43.793702 ] ] } },
{ "type": "Feature", "properties": { "route": 7.0, "segment": 39, "leg": 9.0, "leg_segment": 1, "mode": "WALK", "route_short_name": "", "note": "start Burrows Hall", "from_library": "Burrows Hall", "to_library": "Malvern", "segment_depart": "16:19:00", "segment_arrive": "16:23:00", "wait_min": 0.0, "duration_min": 3.8, "distance_m": 269.0 }, "geometry": { "type": "LineString", "coordinates": [ [ -79.233619, 43.793752 ], [ -79.23375, 43.794039 ], [ -79.23398, 43.793983 ], [ -79.233868, 43.793702 ], [ -79.234395, 43.793594 ], [ -79.234525, 43.793569 ], [ -79.234765, 43.794123 ], [ -79.234814, 43.794251 ], [ -79.234896, 43.794316 ], [ -79.234909, 43.794325 ], [ -79.234916, 43.794329 ], [ -79.234918, 43.794335 ], [ -79.234975, 43.794505 ], [ -79.235061, 43.794489 ], [ -79.235156, 43.794468 ], [ -79.235159, 43.794491 ] ] } },
{ "type": "Feature", "properties": { "route": 7.0, "segment": 40, "leg": 9.0, "leg_segment": 2, "mode": "BUS", "route_short_name": "985", "note": "", "from_library": "Burrows Hall", "to_library": "Malvern", "segment_depart": "16:24:00", "segment_arrive": "16:30:00", "wait_min": 1.1, "duration_min": 5.7, "distance_m": 2331.0 }, "geometry": { "type": "LineString", "coordinates": [ [ -79.235172, 43.794612 ], [ -79.234931, 43.794662 ], [ -79.232357, 43.795178 ], [ -79.232181, 43.795213 ], [ -79.230321, 43.795594 ], [ -79.230008, 43.795658 ], [ -79.229441, 43.795783 ], [ -79.229162, 43.795837 ], [ -79.227542, 43.796148 ], [ -79.226964, 43.796262 ], [ -79.226964, 43.796262 ], [ -79.223034, 43.797037 ], [ -79.218225, 43.797997 ], [ -79.217886, 43.798073 ], [ -79.217886, 43.798073 ], [ -79.217665, 43.798122 ], [ -79.214872, 43.798745 ], [ -79.21289, 43.799181 ], [ -79.209976, 43.799822 ], [ -79.207245, 43.800406 ] ] } },
{ "type": "Feature", "properties": { "route": 7.0, "segment": 41, "leg": 9.0, "leg_segment": 3, "mode": "WALK", "route_short_name": "", "note": "", "from_library": "Burrows Hall", "to_library": "Malvern", "segment_depart": "16:30:00", "segment_arrive": "16:31:00", "wait_min": 0.0, "duration_min": 1.0, "distance_m": 122.0 }, "geometry": { "type": "LineString", "coordinates": [ [ -79.20723, 43.80027 ], [ -79.207228, 43.800251 ], [ -79.206972, 43.800306 ], [ -79.206839, 43.800338 ], [ -79.20668, 43.800376 ], [ -79.206664, 43.800306 ], [ -79.206655, 43.800263 ], [ -79.206591, 43.800093 ], [ -79.206528, 43.799969 ], [ -79.206454, 43.799868 ], [ -79.206357, 43.799764 ] ] } },
{ "type": "Feature", "properties": { "route": 7.0, "segment": 42, "leg": 9.0, "leg_segment": 4, "mode": "BUS", "route_short_name": "132", "note": "", "from_library": "Burrows Hall", "to_library": "Malvern", "segment_depart": "16:35:00", "segment_arrive": "16:38:00", "wait_min": 4.3, "duration_min": 3.1, "distance_m": 1134.0 }, "geometry": { "type": "LineString", "coordinates": [ [ -79.20679, 43.800226 ], [ -79.206887, 43.800472 ], [ -79.207335, 43.801604 ], [ -79.207335, 43.801604 ], [ -79.207407, 43.801787 ], [ -79.20747, 43.801952 ], [ -79.207746, 43.802643 ], [ -79.207801, 43.802774 ], [ -79.207847, 43.802895 ], [ -79.207893, 43.802985 ], [ -79.207943, 43.803074 ], [ -79.207991, 43.80316 ], [ -79.208032, 43.803238 ], [ -79.208089, 43.803324 ], [ -79.208118, 43.803385 ], [ -79.20817, 43.803461 ], [ -79.208171, 43.803462 ], [ -79.208171, 43.803462 ], [ -79.208213, 43.803522 ], [ -79.208267, 43.803584 ], [ -79.208312, 43.803645 ], [ -79.208415, 43.803757 ], [ -79.208483, 43.803829 ], [ -79.208548, 43.803911 ], [ -79.208647, 43.804011 ], [ -79.208804, 43.804157 ], [ -79.208936, 43.804264 ], [ -79.209078, 43.804374 ], [ -79.209202, 43.804468 ], [ -79.209391, 43.804599 ], [ -79.209606, 43.804737 ], [ -79.20976, 43.804818 ], [ -79.209902, 43.804895 ], [ -79.210064, 43.804972 ], [ -79.210227, 43.805042 ], [ -79.210456, 43.80514 ], [ -79.210617, 43.805204 ], [ -79.210896, 43.805307 ], [ -79.21117, 43.805405 ], [ -79.211305, 43.805451 ], [ -79.211305, 43.805451 ], [ -79.211404, 43.805484 ], [ -79.211544, 43.805532 ], [ -79.211905, 43.805666 ], [ -79.213011, 43.806059 ], [ -79.213153, 43.806113 ], [ -79.213336, 43.806183 ], [ -79.213564, 43.806265 ], [ -79.213809, 43.806353 ], [ -79.213809, 43.806353 ], [ -79.213851, 43.806368 ], [ -79.213864, 43.806373 ], [ -79.213962, 43.806415 ], [ -79.214058, 43.806454 ], [ -79.214161, 43.806505 ], [ -79.214232, 43.806539 ], [ -79.214312, 43.806587 ], [ -79.214383, 43.806625 ], [ -79.214456, 43.806661 ], [ -79.214517, 43.806699 ], [ -79.21458, 43.806738 ], [ -79.214672, 43.806805 ], [ -79.214738, 43.806855 ], [ -79.214826, 43.806921 ], [ -79.214878, 43.80696 ], [ -79.214982, 43.807048 ], [ -79.215077, 43.807135 ], [ -79.215174, 43.80723 ], [ -79.215253, 43.807317 ], [ -79.215314, 43.807385 ], [ -79.21537, 43.807467 ], [ -79.215436, 43.807563 ], [ -79.215439, 43.807567 ] ] } },
{ "type": "Feature", "properties": { "route": 7.0, "segment": 43, "leg": 9.0, "leg_segment": 5, "mode": "WALK", "route_short_name": "", "note": "arrive Malvern", "from_library": "Burrows Hall", "to_library": "Malvern", "segment_depart": "16:38:00", "segment_arrive": "16:40:00", "wait_min": 0.0, "duration_min": 1.6, "distance_m": 92.0 }, "geometry": { "type": "LineString", "coordinates": [ [ -79.21538, 43.807648 ], [ -79.215355, 43.807685 ], [ -79.21537, 43.807704 ], [ -79.215404, 43.807761 ], [ -79.215478, 43.807854 ], [ -79.215555, 43.807944 ], [ -79.215131, 43.80813 ], [ -79.215237, 43.808239 ] ] } },
{ "type": "Feature", "properties": { "route": 8.0, "segment": 1, "leg": 1.0, "leg_segment": 1, "mode": "WALK", "route_short_name": "", "note": "start Eglinton Square", "from_library": "Eglinton Square", "to_library": "Victoria Village", "segment_depart": "09:03:00", "segment_arrive": "09:05:00", "wait_min": 0.0, "duration_min": 1.8, "distance_m": 136.0 }, "geometry": { "type": "LineString", "coordinates": [ [ -79.30136, 43.723773 ], [ -79.301809, 43.723494 ], [ -79.301924, 43.723359 ], [ -79.301901, 43.723359 ], [ -79.301885, 43.723353 ], [ -79.301898, 43.723332 ], [ -79.301906, 43.723296 ], [ -79.301912, 43.723254 ], [ -79.301843, 43.723083 ], [ -79.301712, 43.722769 ], [ -79.30171, 43.722771 ] ] } },
{ "type": "Feature", "properties": { "route": 8.0, "segment": 2, "leg": 1.0, "leg_segment": 2, "mode": "BUS", "route_short_name": "24", "note": "", "from_library": "Eglinton Square", "to_library": "Victoria Village", "segment_depart": "09:07:00", "segment_arrive": "09:13:00", "wait_min": 1.4, "duration_min": 6.3, "distance_m": 1604.0 }, "geometry": { "type": "LineString", "coordinates": [ [ -79.301814, 43.722692 ], [ -79.302087, 43.723374 ], [ -79.302345, 43.72401 ], [ -79.302345, 43.72401 ], [ -79.302632, 43.724716 ], [ -79.302879, 43.725262 ], [ -79.302879, 43.725262 ], [ -79.302917, 43.725347 ], [ -79.303373, 43.726471 ], [ -79.303373, 43.726471 ], [ -79.303458, 43.72668 ], [ -79.303937, 43.727813 ], [ -79.303973, 43.727896 ], [ -79.304123, 43.728265 ], [ -79.304374, 43.728885 ], [ -79.304495, 43.729184 ], [ -79.304565, 43.729354 ], [ -79.304565, 43.729354 ], [ -79.304987, 43.730377 ], [ -79.3051, 43.730652 ], [ -79.305598, 43.731859 ], [ -79.305666, 43.732025 ], [ -79.305666, 43.732025 ], [ -79.30588, 43.732544 ], [ -79.306213, 43.733355 ], [ -79.306668, 43.734458 ], [ -79.306668, 43.734458 ], [ -79.306748, 43.734652 ], [ -79.307415, 43.736264 ], [ -79.307521, 43.736527 ] ] } },
{ "type": "Feature", "properties": { "route": 8.0, "segment": 3, "leg": 1.0, "leg_segment": 3, "mode": "WALK", "route_short_name": "", "note": "", "from_library": "Eglinton Square", "to_library": "Victoria Village", "segment_depart": "09:13:00", "segment_arrive": "09:15:00", "wait_min": 0.0, "duration_min": 1.8, "distance_m": 111.0 }, "geometry": { "type": "LineString", "coordinates": [ [ -79.307405, 43.736617 ], [ -79.307399, 43.736621 ], [ -79.307441, 43.736727 ], [ -79.307573, 43.736697 ], [ -79.307599, 43.73675 ], [ -79.307614, 43.736775 ], [ -79.307621, 43.736788 ], [ -79.307631, 43.736808 ], [ -79.30778, 43.73678 ], [ -79.307799, 43.736842 ], [ -79.307807, 43.736861 ], [ -79.308315, 43.736747 ], [ -79.308315, 43.736747 ], [ -79.308426, 43.73672 ] ] } },
{ "type": "Feature", "properties": { "route": 8.0, "segment": 4, "leg": 1.0, "leg_segment": 4, "mode": "BUS", "route_short_name": "91", "note": "", "from_library": "Eglinton Square", "to_library": "Victoria Village", "segment_depart": "09:16:00", "segment_arrive": "09:17:00", "wait_min": 1.3, "duration_min": 0.8, "distance_m": 370.0 }, "geometry": { "type": "LineString", "coordinates": [ [ -79.308285, 43.736667 ], [ -79.308406, 43.736637 ], [ -79.308972, 43.736494 ], [ -79.309507, 43.736373 ], [ -79.310472, 43.736145 ], [ -79.311291, 43.735966 ], [ -79.312398, 43.73573 ], [ -79.312315, 43.735529 ] ] } },
{ "type": "Feature", "properties": { "route": 8.0, "segment": 5, "leg": 1.0, "leg_segment": 5, "mode": "WALK", "route_short_name": "", "note": "arrive Victoria Village", "from_library": "Eglinton Square", "to_library": "Victoria Village", "segment_depart": "09:17:00", "segment_arrive": "09:18:00", "wait_min": 0.0, "duration_min": 0.7, "distance_m": 38.0 }, "geometry": { "type": "LineString", "coordinates": [ [ -79.312392, 43.735468 ], [ -79.312381, 43.735477 ], [ -79.312469, 43.735682 ], [ -79.312479, 43.735727 ], [ -79.31249, 43.73578 ], [ -79.312498, 43.735799 ] ] } },
{ "type": "Feature", "properties": { "route": 8.0, "segment": 6, "leg": 2.0, "leg_segment": 1, "mode": "WALK", "route_short_name": "", "note": "start Victoria Village", "from_library": "Victoria Village", "to_library": "Don Mills", "segment_depart": "09:41:00", "segment_arrive": "09:43:00", "wait_min": 0.0, "duration_min": 1.9, "distance_m": 146.0 }, "geometry": { "type": "LineString", "coordinates": [ [ -79.312879, 43.73679 ], [ -79.312847, 43.736602 ], [ -79.312498, 43.735799 ], [ -79.31249, 43.73578 ], [ -79.312479, 43.735727 ], [ -79.312713, 43.735674 ], [ -79.312716, 43.735703 ] ] } },
{ "type": "Feature", "properties": { "route": 8.0, "segment": 7, "leg": 2.0, "leg_segment": 2, "mode": "BUS", "route_short_name": "91", "note": "", "from_library": "Victoria Village", "to_library": "Don Mills", "segment_depart": "09:45:00", "segment_arrive": "09:47:00", "wait_min": 1.2, "duration_min": 2.8, "distance_m": 1194.0 }, "geometry": { "type": "LineString", "coordinates": [ [ -79.312711, 43.73566 ], [ -79.314318, 43.735301 ], [ -79.314451, 43.735265 ], [ -79.314595, 43.735252 ], [ -79.314729, 43.735234 ], [ -79.314876, 43.73523 ], [ -79.315013, 43.73523 ], [ -79.315137, 43.735248 ], [ -79.315267, 43.735266 ], [ -79.315457, 43.735302 ], [ -79.315618, 43.735348 ], [ -79.315693, 43.735362 ], [ -79.315693, 43.735362 ], [ -79.316183, 43.735455 ], [ -79.316278, 43.735475 ], [ -79.31637, 43.735493 ], [ -79.316441, 43.735507 ], [ -79.316521, 43.735525 ], [ -79.316664, 43.735534 ], [ -79.316755, 43.73553 ], [ -79.316887, 43.735521 ], [ -79.316987, 43.735503 ], [ -79.317045, 43.735494 ], [ -79.31708, 43.735485 ], [ -79.317138, 43.735476 ], [ -79.317233, 43.735458 ], [ -79.317244, 43.735454 ], [ -79.317244, 43.735454 ], [ -79.317297, 43.735436 ], [ -79.317377, 43.7354 ], [ -79.317436, 43.735481 ], [ -79.317496, 43.735553 ], [ -79.317578, 43.735616 ], [ -79.317721, 43.735684 ], [ -79.318128, 43.735896 ], [ -79.318202, 43.735946 ], [ -79.318247, 43.735996 ], [ -79.318267, 43.73605 ], [ -79.318253, 43.736104 ], [ -79.318215, 43.736139 ], [ -79.318152, 43.736184 ], [ -79.318071, 43.736243 ], [ -79.317924, 43.736396 ], [ -79.317388, 43.73693 ], [ -79.317211, 43.737101 ], [ -79.317589, 43.737306 ], [ -79.317589, 43.737306 ], [ -79.317836, 43.73744 ], [ -79.31673, 43.738518 ], [ -79.315968, 43.739253 ], [ -79.315968, 43.739253 ], [ -79.314596, 43.740576 ], [ -79.314513, 43.740657 ], [ -79.31444, 43.740729 ], [ -79.31438, 43.740792 ], [ -79.314314, 43.740864 ], [ -79.314252, 43.740949 ], [ -79.314212, 43.741021 ] ] } },
{ "type": "Feature", "properties": { "route": 8.0, "segment": 8, "leg": 2.0, "leg_segment": 3, "mode": "WALK", "route_short_name": "", "note": "", "from_library": "Victoria Village", "to_library": "Don Mills", "segment_depart": "09:47:00", "segment_arrive": "09:49:00", "wait_min": 0.0, "duration_min": 1.4, "distance_m": 84.0 }, "geometry": { "type": "LineString", "coordinates": [ [ -79.314144, 43.74095 ], [ -79.314118, 43.740926 ], [ -79.314067, 43.741031 ], [ -79.314031, 43.741179 ], [ -79.314031, 43.741395 ], [ -79.314025, 43.741418 ], [ -79.314039, 43.741523 ], [ -79.314054, 43.741645 ] ] } },
{ "type": "Feature", "properties": { "route": 8.0, "segment": 9, "leg": 2.0, "leg_segment": 4, "mode": "BUS", "route_short_name": "54", "note": "", "from_library": "Victoria Village", "to_library": "Don Mills", "segment_depart": "09:50:00", "segment_arrive": "09:57:00", "wait_min": 1.7, "duration_min": 6.4, "distance_m": 2482.0 }, "geometry": { "type": "LineString", "coordinates": [ [ -79.314002, 43.741516 ], [ -79.31424, 43.741498 ], [ -79.316073, 43.741379 ], [ -79.316169, 43.741373 ], [ -79.316204, 43.741371 ], [ -79.318001, 43.741266 ], [ -79.319279, 43.741182 ], [ -79.319585, 43.74116 ], [ -79.319585, 43.74116 ], [ -79.319705, 43.741151 ], [ -79.322143, 43.741006 ], [ -79.324166, 43.740848 ], [ -79.324486, 43.740814 ], [ -79.324486, 43.740814 ], [ -79.324705, 43.74079 ], [ -79.325671, 43.740665 ], [ -79.327442, 43.74038 ], [ -79.328443, 43.740192 ], [ -79.329658, 43.73996 ], [ -79.330554, 43.739789 ], [ -79.332087, 43.739497 ], [ -79.332283, 43.739459 ], [ -79.334717, 43.738943 ], [ -79.335799, 43.738743 ], [ -79.335854, 43.738733 ], [ -79.336075, 43.738693 ], [ -79.337082, 43.738508 ], [ -79.337532, 43.738422 ], [ -79.337532, 43.738422 ], [ -79.338217, 43.73829 ], [ -79.340739, 43.737746 ], [ -79.340739, 43.737746 ], [ -79.340977, 43.737695 ], [ -79.343448, 43.737173 ], [ -79.343376, 43.737028 ], [ -79.343271, 43.736644 ] ] } },
{ "type": "Feature", "properties": { "route": 8.0, "segment": 10, "leg": 2.0, "leg_segment": 5, "mode": "WALK", "route_short_name": "", "note": "arrive Don Mills", "from_library": "Victoria Village", "to_library": "Don Mills", "segment_depart": "09:57:00", "segment_arrive": "10:04:00", "wait_min": 0.0, "duration_min": 7.6, "distance_m": 445.0 }, "geometry": { "type": "LineString", "coordinates": [ [ -79.343442, 43.736625 ], [ -79.343456, 43.736618 ], [ -79.343466, 43.736655 ], [ -79.343512, 43.736813 ], [ -79.343525, 43.736861 ], [ -79.343552, 43.736907 ], [ -79.343581, 43.736936 ], [ -79.3436, 43.736952 ], [ -79.34362, 43.736965 ], [ -79.343648, 43.736974 ], [ -79.34368, 43.736978 ], [ -79.343723, 43.73698 ], [ -79.343774, 43.736973 ], [ -79.34389, 43.736948 ], [ -79.344797, 43.736747 ], [ -79.344898, 43.736726 ], [ -79.344956, 43.736713 ], [ -79.34502, 43.736699 ], [ -79.345088, 43.736685 ], [ -79.345136, 43.736733 ], [ -79.345178, 43.736789 ], [ -79.345801, 43.736664 ], [ -79.345936, 43.736693 ], [ -79.346402, 43.736593 ], [ -79.346429, 43.736661 ], [ -79.346493, 43.736772 ], [ -79.346606, 43.737075 ], [ -79.346667, 43.737063 ], [ -79.346828, 43.737037 ], [ -79.346882, 43.737027 ], [ -79.346913, 43.73702 ], [ -79.347568, 43.736874 ], [ -79.347517, 43.736734 ], [ -79.347585, 43.73672 ], [ -79.347587, 43.736726 ], [ -79.347538, 43.736736 ] ] } },
{ "type": "Feature", "properties": { "route": 8.0, "segment": 11, "leg": 3.0, "leg_segment": 1, "mode": "WALK", "route_short_name": "", "note": "start Don Mills", "from_library": "Don Mills", "to_library": "Fairview", "segment_depart": "10:27:00", "segment_arrive": "10:35:00", "wait_min": 0.0, "duration_min": 8.3, "distance_m": 469.0 }, "geometry": { "type": "LineString", "coordinates": [ [ -79.347515, 43.736731 ], [ -79.347519, 43.73674 ], [ -79.347538, 43.736736 ], [ -79.347587, 43.736726 ], [ -79.347585, 43.73672 ], [ -79.347517, 43.736734 ], [ -79.347568, 43.736874 ], [ -79.346913, 43.73702 ], [ -79.346882, 43.737027 ], [ -79.346828, 43.737037 ], [ -79.346667, 43.737063 ], [ -79.346606, 43.737075 ], [ -79.346493, 43.736772 ], [ -79.346429, 43.736661 ], [ -79.346402, 43.736593 ], [ -79.345936, 43.736693 ], [ -79.345801, 43.736664 ], [ -79.345178, 43.736789 ], [ -79.345136, 43.736733 ], [ -79.345088, 43.736685 ], [ -79.34502, 43.736699 ], [ -79.344956, 43.736713 ], [ -79.344898, 43.736726 ], [ -79.344797, 43.736747 ], [ -79.34389, 43.736948 ], [ -79.343774, 43.736973 ], [ -79.343723, 43.73698 ], [ -79.34368, 43.736978 ], [ -79.343648, 43.736974 ], [ -79.34362, 43.736965 ], [ -79.343607, 43.736983 ], [ -79.343474, 43.737001 ], [ -79.343295, 43.737026 ], [ -79.343258, 43.736861 ], [ -79.343177, 43.736878 ], [ -79.343154, 43.736794 ], [ -79.34314, 43.736801 ] ] } },
{ "type": "Feature", "properties": { "route": 8.0, "segment": 12, "leg": 3.0, "leg_segment": 2, "mode": "BUS", "route_short_name": "25", "note": "", "from_library": "Don Mills", "to_library": "Fairview", "segment_depart": "10:37:00", "segment_arrive": "10:50:00", "wait_min": 1.9, "duration_min": 12.4, "distance_m": 4374.0 }, "geometry": { "type": "LineString", "coordinates": [ [ -79.343283, 43.736726 ], [ -79.343364, 43.737021 ], [ -79.343436, 43.737166 ], [ -79.344, 43.739207 ], [ -79.344379, 43.740593 ], [ -79.344379, 43.740593 ], [ -79.344445, 43.740836 ], [ -79.344902, 43.742654 ], [ -79.345059, 43.743247 ], [ -79.345266, 43.744066 ], [ -79.345384, 43.744533 ], [ -79.345384, 43.744533 ], [ -79.345433, 43.744728 ], [ -79.34582, 43.746136 ], [ -79.34582, 43.746136 ], [ -79.345876, 43.746342 ], [ -79.346237, 43.747831 ], [ -79.346305, 43.748078 ], [ -79.346305, 43.748078 ], [ -79.34634, 43.748207 ], [ -79.346694, 43.749586 ], [ -79.346744, 43.749745 ], [ -79.346802, 43.749894 ], [ -79.346845, 43.750015 ], [ -79.346861, 43.750078 ], [ -79.346937, 43.750266 ], [ -79.346937, 43.750266 ], [ -79.346974, 43.750357 ], [ -79.34715, 43.750783 ], [ -79.347242, 43.751016 ], [ -79.347271, 43.75121 ], [ -79.347284, 43.751388 ], [ -79.347295, 43.751532 ], [ -79.347301, 43.751666 ], [ -79.347299, 43.751815 ], [ -79.347276, 43.752021 ], [ -79.347232, 43.752191 ], [ -79.347172, 43.752385 ], [ -79.34713, 43.752608 ], [ -79.347088, 43.752808 ], [ -79.347088, 43.752808 ], [ -79.347075, 43.752868 ], [ -79.347032, 43.753076 ], [ -79.347009, 43.753288 ], [ -79.346988, 43.753497 ], [ -79.346984, 43.753675 ], [ -79.346988, 43.754172 ], [ -79.347011, 43.754862 ], [ -79.347029, 43.755628 ], [ -79.347029, 43.755628 ], [ -79.347033, 43.755804 ], [ -79.347108, 43.757705 ], [ -79.347136, 43.758447 ], [ -79.347136, 43.758447 ], [ -79.347142, 43.758614 ], [ -79.347174, 43.759637 ], [ -79.347207, 43.76127 ], [ -79.347215, 43.761625 ], [ -79.347215, 43.761625 ], [ -79.347218, 43.761745 ], [ -79.347225, 43.762266 ], [ -79.34718, 43.762822 ], [ -79.347095, 43.763743 ], [ -79.347004, 43.764816 ], [ -79.346958, 43.76515 ], [ -79.346958, 43.76515 ], [ -79.34694, 43.76528 ], [ -79.346819, 43.766595 ], [ -79.346783, 43.766942 ], [ -79.346765, 43.767127 ], [ -79.346725, 43.767493 ], [ -79.346696, 43.767772 ], [ -79.346608, 43.768617 ], [ -79.346559, 43.769164 ], [ -79.346531, 43.769447 ], [ -79.346531, 43.769447 ], [ -79.346519, 43.769564 ], [ -79.346469, 43.77023 ], [ -79.346405, 43.770867 ], [ -79.346305, 43.771649 ], [ -79.346295, 43.771938 ], [ -79.346298, 43.772268 ], [ -79.346307, 43.772578 ], [ -79.346332, 43.772767 ], [ -79.346332, 43.772767 ], [ -79.346361, 43.772989 ], [ -79.34642, 43.773336 ], [ -79.34645, 43.773491 ], [ -79.346529, 43.773737 ], [ -79.346722, 43.774323 ], [ -79.346905, 43.774793 ], [ -79.347029, 43.7751 ], [ -79.347267, 43.775662 ] ] } },
{ "type": "Feature", "properties": { "route": 8.0, "segment": 13, "leg": 3.0, "leg_segment": 3, "mode": "WALK", "route_short_name": "", "note": "arrive Fairview", "from_library": "Don Mills", "to_library": "Fairview", "segment_depart": "10:50:00", "segment_arrive": "10:58:00", "wait_min": 0.0, "duration_min": 8.0, "distance_m": 471.0 }, "geometry": { "type": "LineString", "coordinates": [ [ -79.347104, 43.775794 ], [ -79.347109, 43.775791 ], [ -79.347224, 43.776116 ], [ -79.347365, 43.776515 ], [ -79.347399, 43.776586 ], [ -79.347492, 43.776804 ], [ -79.347623, 43.777114 ], [ -79.347649, 43.777183 ], [ -79.347681, 43.777255 ], [ -79.347716, 43.777332 ], [ -79.347817, 43.777557 ], [ -79.348084, 43.778151 ], [ -79.348092, 43.778169 ], [ -79.34824, 43.778498 ], [ -79.34827, 43.778566 ], [ -79.348228, 43.778611 ], [ -79.348215, 43.778636 ], [ -79.348212, 43.778743 ], [ -79.348203, 43.77877 ], [ -79.348187, 43.778783 ], [ -79.348136, 43.778795 ], [ -79.347958, 43.77885 ], [ -79.347868, 43.778893 ], [ -79.347941, 43.778909 ], [ -79.347689, 43.779011 ], [ -79.34765, 43.779091 ], [ -79.347624, 43.779144 ], [ -79.347659, 43.779213 ], [ -79.347268, 43.7793 ], [ -79.347258, 43.779272 ], [ -79.347245, 43.779238 ] ] } },
{ "type": "Feature", "properties": { "route": 8.0, "segment": 14, "leg": 4.0, "leg_segment": 1, "mode": "WALK", "route_short_name": "", "note": "start Fairview", "from_library": "Fairview", "to_library": "Pleasant View", "segment_depart": "11:39:00", "segment_arrive": "11:44:00", "wait_min": 0.0, "duration_min": 5.2, "distance_m": 315.0 }, "geometry": { "type": "LineString", "coordinates": [ [ -79.346284, 43.779007 ], [ -79.347003, 43.778616 ], [ -79.347245, 43.779238 ], [ -79.347258, 43.779272 ], [ -79.347268, 43.7793 ], [ -79.347659, 43.779213 ], [ -79.348443, 43.779042 ], [ -79.348482, 43.779036 ], [ -79.348521, 43.779133 ], [ -79.348558, 43.779245 ], [ -79.348677, 43.779548 ], [ -79.348701, 43.77953 ] ] } },
{ "type": "Feature", "properties": { "route": 8.0, "segment": 15, "leg": 4.0, "leg_segment": 2, "mode": "BUS", "route_short_name": "169", "note": "", "from_library": "Fairview", "to_library": "Pleasant View", "segment_depart": "11:46:00", "segment_arrive": "11:52:00", "wait_min": 1.8, "duration_min": 6.0, "distance_m": 2579.0 }, "geometry": { "type": "LineString", "coordinates": [ [ -79.348772, 43.779507 ], [ -79.348796, 43.779651 ], [ -79.348816, 43.779765 ], [ -79.348822, 43.779873 ], [ -79.348792, 43.779987 ], [ -79.348769, 43.780104 ], [ -79.348735, 43.780184 ], [ -79.348706, 43.780257 ], [ -79.348469, 43.780707 ], [ -79.348381, 43.780917 ], [ -79.348316, 43.781048 ], [ -79.348281, 43.781189 ], [ -79.348266, 43.781314 ], [ -79.348255, 43.781423 ], [ -79.348262, 43.781529 ], [ -79.348277, 43.781635 ], [ -79.348307, 43.781718 ], [ -79.348337, 43.781795 ], [ -79.348379, 43.781886 ], [ -79.348427, 43.781987 ], [ -79.348487, 43.782072 ], [ -79.348544, 43.782152 ], [ -79.348646, 43.78227 ], [ -79.348853, 43.782484 ], [ -79.348965, 43.782603 ], [ -79.348965, 43.782603 ], [ -79.349113, 43.78276 ], [ -79.349656, 43.783355 ], [ -79.349839, 43.783558 ], [ -79.349997, 43.78376 ], [ -79.350101, 43.783936 ], [ -79.350195, 43.784105 ], [ -79.350288, 43.784316 ], [ -79.350353, 43.784489 ], [ -79.350449, 43.784747 ], [ -79.350632, 43.78518 ], [ -79.350648, 43.785222 ], [ -79.350648, 43.785222 ], [ -79.350721, 43.785408 ], [ -79.350823, 43.785584 ], [ -79.350938, 43.785752 ], [ -79.351085, 43.785881 ], [ -79.351296, 43.786038 ], [ -79.351479, 43.786162 ], [ -79.351697, 43.786261 ], [ -79.351893, 43.786375 ], [ -79.352089, 43.786479 ], [ -79.352195, 43.786542 ], [ -79.352313, 43.786617 ], [ -79.352435, 43.786702 ], [ -79.352524, 43.78678 ], [ -79.352623, 43.786867 ], [ -79.352711, 43.786969 ], [ -79.352803, 43.78706 ], [ -79.352878, 43.787154 ], [ -79.352947, 43.787255 ], [ -79.353018, 43.787338 ], [ -79.352363, 43.787483 ], [ -79.352363, 43.787483 ], [ -79.351645, 43.787642 ], [ -79.350665, 43.787863 ], [ -79.350423, 43.787916 ], [ -79.350296, 43.787942 ], [ -79.350164, 43.787963 ], [ -79.350057, 43.787975 ], [ -79.349907, 43.787996 ], [ -79.349887, 43.787998 ], [ -79.349887, 43.787998 ], [ -79.349801, 43.788007 ], [ -79.349687, 43.788009 ], [ -79.349515, 43.78801 ], [ -79.349344, 43.788007 ], [ -79.349152, 43.787997 ], [ -79.34899, 43.78799 ], [ -79.348816, 43.787976 ], [ -79.348679, 43.787957 ], [ -79.348583, 43.787945 ], [ -79.348406, 43.787923 ], [ -79.348306, 43.787894 ], [ -79.348198, 43.787869 ], [ -79.348116, 43.787843 ], [ -79.347955, 43.787792 ], [ -79.347846, 43.787761 ], [ -79.347659, 43.787693 ], [ -79.347626, 43.787681 ], [ -79.347626, 43.787681 ], [ -79.347518, 43.78764 ], [ -79.347367, 43.787576 ], [ -79.347225, 43.787514 ], [ -79.347085, 43.787435 ], [ -79.346188, 43.787011 ], [ -79.34555, 43.786709 ], [ -79.34555, 43.786709 ], [ -79.345342, 43.786611 ], [ -79.345182, 43.786553 ], [ -79.345069, 43.786508 ], [ -79.34492, 43.786463 ], [ -79.344803, 43.786428 ], [ -79.344703, 43.786397 ], [ -79.34457, 43.786376 ], [ -79.344425, 43.786346 ], [ -79.344295, 43.786334 ], [ -79.344191, 43.786323 ], [ -79.344061, 43.78632 ], [ -79.343938, 43.786311 ], [ -79.343824, 43.786317 ], [ -79.343654, 43.786317 ], [ -79.343461, 43.786333 ], [ -79.343176, 43.786367 ], [ -79.341879, 43.786531 ], [ -79.341552, 43.786578 ], [ -79.340867, 43.786678 ], [ -79.340767, 43.786697 ], [ -79.340675, 43.786722 ], [ -79.340508, 43.786779 ], [ -79.34031, 43.786838 ], [ -79.340115, 43.786892 ], [ -79.339501, 43.787031 ], [ -79.339501, 43.787031 ], [ -79.338729, 43.787205 ], [ -79.337953, 43.787371 ], [ -79.337953, 43.787371 ], [ -79.337773, 43.78741 ], [ -79.336373, 43.787724 ], [ -79.335012, 43.788019 ], [ -79.334418, 43.788159 ] ] } },
{ "type": "Feature", "properties": { "route": 8.0, "segment": 16, "leg": 4.0, "leg_segment": 3, "mode": "WALK", "route_short_name": "", "note": "arrive Pleasant View", "from_library": "Fairview", "to_library": "Pleasant View", "segment_depart": "11:52:00", "segment_arrive": "11:54:00", "wait_min": 0.0, "duration_min": 2.3, "distance_m": 133.0 }, "geometry": { "type": "LineString", "coordinates": [ [ -79.334411, 43.788106 ], [ -79.334407, 43.788069 ], [ -79.334851, 43.787973 ], [ -79.334933, 43.787956 ], [ -79.334997, 43.787942 ], [ -79.335038, 43.787933 ], [ -79.335119, 43.787913 ], [ -79.335726, 43.787792 ], [ -79.335656, 43.787629 ] ] } },
{ "type": "Feature", "properties": { "route": 8.0, "segment": 17, "leg": 5.0, "leg_segment": 1, "mode": "WALK", "route_short_name": "", "note": "start Pleasant View", "from_library": "Pleasant View", "to_library": "Bridlewood", "segment_depart": "12:18:00", "segment_arrive": "12:20:00", "wait_min": 0.0, "duration_min": 2.6, "distance_m": 135.0 }, "geometry": { "type": "LineString", "coordinates": [ [ -79.335629, 43.787632 ], [ -79.335656, 43.787629 ], [ -79.335726, 43.787792 ], [ -79.335119, 43.787913 ], [ -79.335038, 43.787933 ], [ -79.334997, 43.787942 ], [ -79.334933, 43.787956 ], [ -79.334851, 43.787973 ], [ -79.334407, 43.788069 ], [ -79.334411, 43.788106 ] ] } },
{ "type": "Feature", "properties": { "route": 8.0, "segment": 18, "leg": 5.0, "leg_segment": 2, "mode": "BUS", "route_short_name": "169", "note": "", "from_library": "Pleasant View", "to_library": "Bridlewood", "segment_depart": "12:22:00", "segment_arrive": "12:29:00", "wait_min": 1.3, "duration_min": 7.5, "distance_m": 2840.0 }, "geometry": { "type": "LineString", "coordinates": [ [ -79.334418, 43.788159 ], [ -79.334067, 43.788242 ], [ -79.332643, 43.788555 ], [ -79.331763, 43.788754 ], [ -79.331763, 43.788754 ], [ -79.331575, 43.788797 ], [ -79.330471, 43.789038 ], [ -79.330125, 43.789118 ], [ -79.330125, 43.789118 ], [ -79.329574, 43.789244 ], [ -79.328993, 43.787992 ], [ -79.328013, 43.785917 ], [ -79.328013, 43.785917 ], [ -79.327985, 43.785857 ], [ -79.327921, 43.785722 ], [ -79.327213, 43.784236 ], [ -79.327131, 43.784054 ], [ -79.327131, 43.784054 ], [ -79.327046, 43.783867 ], [ -79.326943, 43.783641 ], [ -79.326395, 43.782485 ], [ -79.326301, 43.782285 ], [ -79.326301, 43.782285 ], [ -79.326273, 43.782227 ], [ -79.325383, 43.780344 ], [ -79.32484, 43.78048 ], [ -79.32484, 43.78048 ], [ -79.323991, 43.780693 ], [ -79.32393, 43.780709 ], [ -79.323842, 43.780731 ], [ -79.32312, 43.780913 ], [ -79.32312, 43.780913 ], [ -79.322819, 43.780989 ], [ -79.321639, 43.781284 ], [ -79.321429, 43.781346 ], [ -79.320403, 43.781606 ], [ -79.320403, 43.781606 ], [ -79.320153, 43.781669 ], [ -79.319859, 43.78174 ], [ -79.31968, 43.781785 ], [ -79.319473, 43.781847 ], [ -79.319336, 43.781901 ], [ -79.319242, 43.781964 ], [ -79.319078, 43.782036 ], [ -79.318972, 43.782117 ], [ -79.318838, 43.782216 ], [ -79.318716, 43.782314 ], [ -79.318589, 43.782413 ], [ -79.318419, 43.782557 ], [ -79.318279, 43.782683 ], [ -79.318184, 43.782755 ], [ -79.317313, 43.783482 ], [ -79.317177, 43.783573 ], [ -79.317151, 43.783592 ], [ -79.317151, 43.783592 ], [ -79.317033, 43.78368 ], [ -79.316865, 43.783788 ], [ -79.316678, 43.783916 ], [ -79.316473, 43.784021 ], [ -79.316236, 43.784138 ], [ -79.316081, 43.784209 ], [ -79.315923, 43.784272 ], [ -79.315861, 43.78429 ], [ -79.315631, 43.784362 ], [ -79.315306, 43.78446 ], [ -79.315293, 43.784463 ], [ -79.315293, 43.784463 ], [ -79.315217, 43.784483 ], [ -79.314923, 43.784559 ], [ -79.314424, 43.784666 ], [ -79.312939, 43.785005 ], [ -79.312398, 43.78514 ], [ -79.31094, 43.78547 ], [ -79.310129, 43.785664 ] ] } },
{ "type": "Feature", "properties": { "route": 8.0, "segment": 19, "leg": 5.0, "leg_segment": 3, "mode": "WALK", "route_short_name": "", "note": "", "from_library": "Pleasant View", "to_library": "Bridlewood", "segment_depart": "12:29:00", "segment_arrive": "12:30:00", "wait_min": 0.0, "duration_min": 1.0, "distance_m": 83.0 }, "geometry": { "type": "LineString", "coordinates": [ [ -79.310121, 43.7856 ], [ -79.310119, 43.785585 ], [ -79.310418, 43.785515 ], [ -79.310689, 43.785451 ], [ -79.310705, 43.78544 ], [ -79.310713, 43.785427 ], [ -79.310691, 43.785378 ], [ -79.3106, 43.785169 ] ] } },
{ "type": "Feature", "properties": { "route": 8.0, "segment": 20, "leg": 5.0, "leg_segment": 4, "mode": "BUS", "route_short_name": "68", "note": "", "from_library": "Pleasant View", "to_library": "Bridlewood", "segment_depart": "12:34:00", "segment_arrive": "12:39:00", "wait_min": 4.3, "duration_min": 4.8, "distance_m": 1604.0 }, "geometry": { "type": "LineString", "coordinates": [ [ -79.310856, 43.785246 ], [ -79.310952, 43.785477 ], [ -79.312305, 43.788576 ], [ -79.313281, 43.79079 ], [ -79.313385, 43.791026 ], [ -79.313683, 43.79171 ], [ -79.313806, 43.792001 ], [ -79.313806, 43.792001 ], [ -79.313882, 43.792179 ], [ -79.314057, 43.792566 ], [ -79.314598, 43.793827 ], [ -79.314885, 43.794512 ], [ -79.314885, 43.794512 ], [ -79.315036, 43.794872 ], [ -79.315146, 43.795214 ], [ -79.315285, 43.795602 ], [ -79.315473, 43.796052 ], [ -79.315614, 43.79643 ], [ -79.315644, 43.796497 ], [ -79.315644, 43.796497 ], [ -79.315766, 43.796772 ], [ -79.316009, 43.797331 ], [ -79.316178, 43.7977 ], [ -79.316366, 43.798097 ], [ -79.316537, 43.798457 ], [ -79.316614, 43.798619 ], [ -79.316678, 43.798736 ], [ -79.316755, 43.798853 ], [ -79.316855, 43.799006 ], [ -79.316858, 43.799009 ] ] } },
{ "type": "Feature", "properties": { "route": 8.0, "segment": 21, "leg": 5.0, "leg_segment": 5, "mode": "WALK", "route_short_name": "", "note": "arrive Bridlewood", "from_library": "Pleasant View", "to_library": "Bridlewood", "segment_depart": "12:39:00", "segment_arrive": "12:44:00", "wait_min": 0.0, "duration_min": 4.9, "distance_m": 288.0 }, "geometry": { "type": "LineString", "coordinates": [ [ -79.316801, 43.799101 ], [ -79.316855, 43.799057 ], [ -79.316973, 43.79918 ], [ -79.317163, 43.799099 ], [ -79.317183, 43.799128 ], [ -79.317384, 43.799331 ], [ -79.31765, 43.7996 ], [ -79.317823, 43.799577 ], [ -79.318133, 43.799513 ], [ -79.318265, 43.799687 ], [ -79.318278, 43.799704 ], [ -79.318452, 43.79968 ], [ -79.318517, 43.799792 ], [ -79.318778, 43.800347 ], [ -79.318985, 43.800297 ], [ -79.319016, 43.80027 ] ] } },
{ "type": "Feature", "properties": { "route": 8.0, "segment": 22, "leg": 6.0, "leg_segment": 1, "mode": "WALK", "route_short_name": "", "note": "start Bridlewood", "from_library": "Bridlewood", "to_library": "Agincourt", "segment_depart": "13:05:00", "segment_arrive": "13:15:00", "wait_min": 0.0, "duration_min": 10.2, "distance_m": 622.0 }, "geometry": { "type": "LineString", "coordinates": [ [ -79.319016, 43.80027 ], [ -79.319045, 43.800244 ], [ -79.318905, 43.799929 ], [ -79.319045, 43.799842 ], [ -79.319243, 43.799773 ], [ -79.319204, 43.799704 ], [ -79.318894, 43.799051 ], [ -79.31862, 43.798881 ], [ -79.318589, 43.798838 ], [ -79.318572, 43.798793 ], [ -79.31852, 43.798663 ], [ -79.318459, 43.798511 ], [ -79.318356, 43.798412 ], [ -79.318282, 43.798341 ], [ -79.318249, 43.798273 ], [ -79.318128, 43.798157 ], [ -79.318087, 43.798068 ], [ -79.317772, 43.798145 ], [ -79.317664, 43.79817 ], [ -79.316936, 43.798349 ], [ -79.31686, 43.798195 ], [ -79.316784, 43.798043 ], [ -79.316707, 43.797887 ], [ -79.316683, 43.797838 ], [ -79.316641, 43.797759 ], [ -79.316573, 43.797774 ], [ -79.316421, 43.797766 ], [ -79.316049, 43.796974 ], [ -79.316, 43.79687 ], [ -79.315967, 43.796787 ], [ -79.315924, 43.796679 ], [ -79.315889, 43.79659 ], [ -79.316011, 43.796563 ], [ -79.316012, 43.796575 ] ] } },
{ "type": "Feature", "properties": { "route": 8.0, "segment": 23, "leg": 6.0, "leg_segment": 2, "mode": "BUS", "route_short_name": "939", "note": "", "from_library": "Bridlewood", "to_library": "Agincourt", "segment_depart": "13:16:00", "segment_arrive": "13:21:00", "wait_min": 1.2, "duration_min": 5.0, "distance_m": 1627.0 }, "geometry": { "type": "LineString", "coordinates": [ [ -79.316028, 43.796691 ], [ -79.315754, 43.796765 ], [ -79.314965, 43.796935 ], [ -79.313839, 43.797167 ], [ -79.312301, 43.79748 ], [ -79.311695, 43.797632 ], [ -79.310588, 43.797891 ], [ -79.309499, 43.79815 ], [ -79.309172, 43.798218 ], [ -79.309066, 43.79824 ], [ -79.30814, 43.798456 ], [ -79.308033, 43.798481 ], [ -79.307223, 43.798678 ], [ -79.306206, 43.798932 ], [ -79.306206, 43.798932 ], [ -79.305969, 43.798991 ], [ -79.304912, 43.799232 ], [ -79.303006, 43.799697 ], [ -79.299635, 43.80051 ], [ -79.29835, 43.800814 ], [ -79.297296, 43.801082 ], [ -79.29675, 43.80122 ] ] } },
{ "type": "Feature", "properties": { "route": 8.0, "segment": 24, "leg": 6.0, "leg_segment": 3, "mode": "WALK", "route_short_name": "", "note": "", "from_library": "Bridlewood", "to_library": "Agincourt", "segment_depart": "13:21:00", "segment_arrive": "13:22:00", "wait_min": 0.0, "duration_min": 0.8, "distance_m": 59.0 }, "geometry": { "type": "LineString", "coordinates": [ [ -79.296731, 43.801077 ], [ -79.29673, 43.801071 ], [ -79.296661, 43.801089 ], [ -79.296744, 43.801159 ], [ -79.296851, 43.80125 ], [ -79.296948, 43.801325 ], [ -79.297061, 43.801458 ] ] } },
{ "type": "Feature", "properties": { "route": 8.0, "segment": 25, "leg": 6.0, "leg_segment": 4, "mode": "BUS", "route_short_name": "43", "note": "", "from_library": "Bridlewood", "to_library": "Agincourt", "segment_depart": "13:24:00", "segment_arrive": "13:29:00", "wait_min": 2.2, "duration_min": 4.4, "distance_m": 1830.0 }, "geometry": { "type": "LineString", "coordinates": [ [ -79.296888, 43.801493 ], [ -79.296874, 43.801477 ], [ -79.296585, 43.801261 ], [ -79.296253, 43.8009 ], [ -79.295982, 43.80062 ], [ -79.295808, 43.800422 ], [ -79.295687, 43.80026 ], [ -79.295546, 43.800035 ], [ -79.295476, 43.799899 ], [ -79.295408, 43.799728 ], [ -79.295229, 43.799291 ], [ -79.295229, 43.799291 ], [ -79.295153, 43.799107 ], [ -79.295114, 43.799017 ], [ -79.294837, 43.798377 ], [ -79.294407, 43.797369 ], [ -79.294407, 43.797369 ], [ -79.294338, 43.797206 ], [ -79.294145, 43.796801 ], [ -79.293701, 43.795765 ], [ -79.293541, 43.795387 ], [ -79.293541, 43.795387 ], [ -79.293438, 43.795143 ], [ -79.293165, 43.794468 ], [ -79.292738, 43.793495 ], [ -79.292644, 43.793273 ], [ -79.292644, 43.793273 ], [ -79.292147, 43.792108 ], [ -79.291777, 43.791275 ], [ -79.291777, 43.791275 ], [ -79.291694, 43.79109 ], [ -79.291536, 43.790693 ], [ -79.291014, 43.78945 ], [ -79.290658, 43.788621 ], [ -79.290417, 43.788027 ], [ -79.290311, 43.78779 ], [ -79.290311, 43.78779 ], [ -79.290068, 43.787243 ], [ -79.289908, 43.786874 ], [ -79.289658, 43.786297 ], [ -79.289537, 43.78598 ] ] } },
{ "type": "Feature", "properties": { "route": 8.0, "segment": 26, "leg": 6.0, "leg_segment": 5, "mode": "WALK", "route_short_name": "", "note": "arrive Agincourt", "from_library": "Bridlewood", "to_library": "Agincourt", "segment_depart": "13:29:00", "segment_arrive": "13:35:00", "wait_min": 0.0, "duration_min": 6.2, "distance_m": 360.0 }, "geometry": { "type": "LineString", "coordinates": [ [ -79.289679, 43.785876 ], [ -79.289665, 43.785879 ], [ -79.289663, 43.78586 ], [ -79.289668, 43.785831 ], [ -79.289678, 43.785823 ], [ -79.289654, 43.785761 ], [ -79.289956, 43.785703 ], [ -79.290102, 43.785616 ], [ -79.290125, 43.785617 ], [ -79.290212, 43.785603 ], [ -79.290325, 43.785598 ], [ -79.290414, 43.785604 ], [ -79.290437, 43.785508 ], [ -79.290551, 43.78553 ], [ -79.290673, 43.785586 ], [ -79.291303, 43.785987 ], [ -79.291452, 43.786036 ], [ -79.291483, 43.786038 ], [ -79.291611, 43.786046 ], [ -79.291739, 43.786026 ], [ -79.292145, 43.785958 ], [ -79.292199, 43.785949 ], [ -79.292237, 43.785943 ], [ -79.292303, 43.785927 ], [ -79.292329, 43.785921 ], [ -79.292599, 43.785855 ], [ -79.292855, 43.785778 ], [ -79.293026, 43.785733 ], [ -79.293214, 43.785673 ], [ -79.293343, 43.785632 ], [ -79.293362, 43.785627 ], [ -79.293396, 43.785611 ], [ -79.293421, 43.785599 ] ] } },
{ "type": "Feature", "properties": { "route": 8.0, "segment": 27, "leg": 7.0, "leg_segment": 1, "mode": "WALK", "route_short_name": "", "note": "start Agincourt", "from_library": "Agincourt", "to_library": "McGregor Park", "segment_depart": "14:03:00", "segment_arrive": "14:13:00", "wait_min": 0.0, "duration_min": 9.9, "distance_m": 592.0 }, "geometry": { "type": "LineString", "coordinates": [ [ -79.293421, 43.785599 ], [ -79.293538, 43.785538 ], [ -79.293612, 43.785459 ], [ -79.293953, 43.78488 ], [ -79.294059, 43.784787 ], [ -79.294222, 43.784693 ], [ -79.294266, 43.78468 ], [ -79.294396, 43.78464 ], [ -79.294983, 43.784515 ], [ -79.296173, 43.784244 ], [ -79.297025, 43.784056 ], [ -79.297057, 43.784047 ], [ -79.297132, 43.784029 ], [ -79.297167, 43.784123 ], [ -79.297281, 43.784095 ], [ -79.298213, 43.783854 ], [ -79.298473, 43.783786 ], [ -79.298795, 43.783716 ], [ -79.299177, 43.783621 ], [ -79.299333, 43.783585 ], [ -79.299506, 43.783564 ], [ -79.299539, 43.783654 ], [ -79.299549, 43.783702 ] ] } },
{ "type": "Feature", "properties": { "route": 8.0, "segment": 28, "leg": 7.0, "leg_segment": 2, "mode": "BUS", "route_short_name": "17", "note": "", "from_library": "Agincourt", "to_library": "McGregor Park", "segment_depart": "14:14:00", "segment_arrive": "14:26:00", "wait_min": 1.6, "duration_min": 12.0, "distance_m": 4175.0 }, "geometry": { "type": "LineString", "coordinates": [ [ -79.299429, 43.783802 ], [ -79.299336, 43.783587 ], [ -79.299145, 43.78311 ], [ -79.29897, 43.782705 ], [ -79.298876, 43.782497 ], [ -79.298632, 43.781957 ], [ -79.298438, 43.781587 ], [ -79.298299, 43.781345 ], [ -79.298299, 43.781345 ], [ -79.298216, 43.7812 ], [ -79.298094, 43.781047 ], [ -79.298054, 43.780977 ], [ -79.298016, 43.780912 ], [ -79.297935, 43.780798 ], [ -79.297867, 43.780673 ], [ -79.29778, 43.780531 ], [ -79.297699, 43.780385 ], [ -79.297605, 43.780234 ], [ -79.297499, 43.780019 ], [ -79.297417, 43.779809 ], [ -79.297129, 43.779119 ], [ -79.297129, 43.779119 ], [ -79.297055, 43.778943 ], [ -79.296307, 43.777181 ], [ -79.296307, 43.777181 ], [ -79.296232, 43.777005 ], [ -79.295099, 43.774367 ], [ -79.295099, 43.774367 ], [ -79.29504, 43.774229 ], [ -79.294772, 43.773616 ], [ -79.294486, 43.772885 ], [ -79.294412, 43.772719 ], [ -79.29434, 43.772554 ], [ -79.29425, 43.772352 ], [ -79.293937, 43.77162 ], [ -79.293594, 43.77085 ], [ -79.293386, 43.770343 ], [ -79.293202, 43.769909 ], [ -79.293098, 43.769644 ], [ -79.2924, 43.767995 ], [ -79.2924, 43.767995 ], [ -79.292241, 43.767621 ], [ -79.292012, 43.767123 ], [ -79.291889, 43.766836 ], [ -79.291594, 43.766142 ], [ -79.291423, 43.765746 ], [ -79.291391, 43.765661 ], [ -79.291355, 43.76557 ], [ -79.291326, 43.765475 ], [ -79.29132, 43.765458 ], [ -79.29132, 43.765458 ], [ -79.291299, 43.765393 ], [ -79.291286, 43.765291 ], [ -79.291278, 43.765207 ], [ -79.291271, 43.765128 ], [ -79.291285, 43.765057 ], [ -79.291296, 43.764982 ], [ -79.291314, 43.764897 ], [ -79.291347, 43.764795 ], [ -79.291382, 43.764698 ], [ -79.291397, 43.764632 ], [ -79.29142, 43.764571 ], [ -79.291442, 43.764502 ], [ -79.291459, 43.764437 ], [ -79.29147, 43.76437 ], [ -79.291485, 43.764323 ], [ -79.291494, 43.76426 ], [ -79.291497, 43.764201 ], [ -79.291504, 43.764138 ], [ -79.291508, 43.764071 ], [ -79.291502, 43.764002 ], [ -79.291497, 43.763925 ], [ -79.291479, 43.76384 ], [ -79.291464, 43.76377 ], [ -79.29144, 43.763703 ], [ -79.29144, 43.763703 ], [ -79.291434, 43.763685 ], [ -79.291419, 43.763609 ], [ -79.29135, 43.763419 ], [ -79.290956, 43.762483 ], [ -79.290829, 43.76214 ], [ -79.290816, 43.762108 ], [ -79.290684, 43.761771 ], [ -79.290599, 43.761573 ], [ -79.290599, 43.761573 ], [ -79.290511, 43.761366 ], [ -79.290164, 43.760519 ], [ -79.289747, 43.759501 ], [ -79.289579, 43.759123 ], [ -79.289507, 43.758952 ], [ -79.289435, 43.758767 ], [ -79.289435, 43.758767 ], [ -79.28929, 43.758393 ], [ -79.28906, 43.757889 ], [ -79.288665, 43.756862 ], [ -79.288239, 43.755844 ], [ -79.288043, 43.755366 ], [ -79.287959, 43.755169 ], [ -79.287959, 43.755169 ], [ -79.287737, 43.754646 ], [ -79.28722, 43.753385 ], [ -79.286734, 43.752199 ], [ -79.286734, 43.752199 ], [ -79.286626, 43.751934 ], [ -79.286127, 43.7507 ], [ -79.285772, 43.749837 ], [ -79.285772, 43.749837 ], [ -79.28559, 43.749394 ], [ -79.285201, 43.748475 ], [ -79.284961, 43.747858 ] ] } },
{ "type": "Feature", "properties": { "route": 8.0, "segment": 29, "leg": 7.0, "leg_segment": 3, "mode": "WALK", "route_short_name": "", "note": "arrive McGregor Park", "from_library": "Agincourt", "to_library": "McGregor Park", "segment_depart": "14:26:00", "segment_arrive": "14:33:00", "wait_min": 0.0, "duration_min": 6.3, "distance_m": 374.0 }, "geometry": { "type": "LineString", "coordinates": [ [ -79.285096, 43.747757 ], [ -79.285072, 43.747771 ], [ -79.285049, 43.747696 ], [ -79.285051, 43.747661 ], [ -79.28507, 43.747624 ], [ -79.284968, 43.747645 ], [ -79.284922, 43.747543 ], [ -79.284782, 43.74757 ], [ -79.284642, 43.7476 ], [ -79.284094, 43.747724 ], [ -79.283946, 43.747701 ], [ -79.283727, 43.747751 ], [ -79.28366, 43.747606 ], [ -79.283224, 43.747698 ], [ -79.282865, 43.747774 ], [ -79.282239, 43.747905 ], [ -79.282021, 43.747951 ], [ -79.281216, 43.748107 ], [ -79.281172, 43.747994 ] ] } },
{ "type": "Feature", "properties": { "route": 8.0, "segment": 30, "leg": 8.0, "leg_segment": 1, "mode": "WALK", "route_short_name": "", "note": "start McGregor Park", "from_library": "McGregor Park", "to_library": "Maryvale", "segment_depart": "15:03:00", "segment_arrive": "15:06:00", "wait_min": 0.0, "duration_min": 3.2, "distance_m": 201.0 }, "geometry": { "type": "LineString", "coordinates": [ [ -79.281172, 43.747994 ], [ -79.280316, 43.748157 ], [ -79.280277, 43.748127 ], [ -79.27972, 43.748236 ], [ -79.279611, 43.748258 ], [ -79.279616, 43.748281 ], [ -79.279598, 43.74831 ], [ -79.279605, 43.748422 ], [ -79.279513, 43.74844 ], [ -79.279568, 43.748607 ], [ -79.279611, 43.748731 ], [ -79.279525, 43.748748 ], [ -79.279522, 43.748715 ] ] } },
{ "type": "Feature", "properties": { "route": 8.0, "segment": 31, "leg": 8.0, "leg_segment": 2, "mode": "BUS", "route_short_name": "54", "note": "", "from_library": "McGregor Park", "to_library": "Maryvale", "segment_depart": "15:07:00", "segment_arrive": "15:20:00", "wait_min": 1.5, "duration_min": 13.0, "distance_m": 2516.0 }, "geometry": { "type": "LineString", "coordinates": [ [ -79.279486, 43.748586 ], [ -79.279786, 43.748523 ], [ -79.281442, 43.748178 ], [ -79.28196, 43.748089 ], [ -79.282762, 43.747927 ], [ -79.283283, 43.747821 ], [ -79.284599, 43.747564 ], [ -79.284599, 43.747564 ], [ -79.284836, 43.747518 ], [ -79.286332, 43.74717 ], [ -79.287683, 43.746881 ], [ -79.287782, 43.74686 ], [ -79.287782, 43.74686 ], [ -79.287961, 43.746822 ], [ -79.289686, 43.746429 ], [ -79.290002, 43.746367 ], [ -79.290695, 43.746225 ], [ -79.290695, 43.746225 ], [ -79.290918, 43.746179 ], [ -79.29127, 43.746099 ], [ -79.292324, 43.745903 ], [ -79.293466, 43.745653 ], [ -79.294509, 43.745424 ], [ -79.294509, 43.745424 ], [ -79.29473, 43.745376 ], [ -79.29592, 43.745117 ], [ -79.296684, 43.744929 ], [ -79.297655, 43.744715 ], [ -79.298337, 43.744572 ], [ -79.299188, 43.744394 ], [ -79.299392, 43.74435 ], [ -79.300344, 43.744144 ], [ -79.300344, 43.744144 ], [ -79.300554, 43.744099 ], [ -79.301354, 43.74392 ], [ -79.302203, 43.74376 ], [ -79.303359, 43.74351 ], [ -79.304433, 43.743286 ], [ -79.304433, 43.743286 ], [ -79.304645, 43.743242 ], [ -79.305992, 43.742938 ], [ -79.307033, 43.742722 ], [ -79.307033, 43.742722 ], [ -79.307406, 43.742644 ], [ -79.308543, 43.742384 ], [ -79.309547, 43.742191 ] ] } },
{ "type": "Feature", "properties": { "route": 8.0, "segment": 32, "leg": 8.0, "leg_segment": 3, "mode": "WALK", "route_short_name": "", "note": "", "from_library": "McGregor Park", "to_library": "Maryvale", "segment_depart": "15:20:00", "segment_arrive": "15:22:00", "wait_min": 0.0, "duration_min": 1.4, "distance_m": 95.0 }, "geometry": { "type": "LineString", "coordinates": [ [ -79.309589, 43.742302 ], [ -79.309593, 43.742347 ], [ -79.30969, 43.74233 ], [ -79.309661, 43.742213 ], [ -79.309639, 43.742123 ], [ -79.309604, 43.741987 ], [ -79.309517, 43.741759 ], [ -79.309461, 43.741609 ] ] } },
{ "type": "Feature", "properties": { "route": 8.0, "segment": 33, "leg": 8.0, "leg_segment": 4, "mode": "BUS", "route_short_name": "924", "note": "", "from_library": "McGregor Park", "to_library": "Maryvale", "segment_depart": "15:23:00", "segment_arrive": "15:30:00", "wait_min": 1.7, "duration_min": 6.3, "distance_m": 1885.0 }, "geometry": { "type": "LineString", "coordinates": [ [ -79.309626, 43.741684 ], [ -79.309793, 43.742144 ], [ -79.310029, 43.74272 ], [ -79.310307, 43.743549 ], [ -79.310577, 43.744377 ], [ -79.31079, 43.744963 ], [ -79.310938, 43.745404 ], [ -79.311051, 43.745728 ], [ -79.311129, 43.745953 ], [ -79.311174, 43.746043 ], [ -79.311414, 43.746728 ], [ -79.311711, 43.74762 ], [ -79.311817, 43.747962 ], [ -79.31197, 43.74843 ], [ -79.312111, 43.748835 ], [ -79.312433, 43.749736 ], [ -79.312753, 43.750682 ], [ -79.312972, 43.75134 ], [ -79.312972, 43.75134 ], [ -79.313024, 43.751498 ], [ -79.313262, 43.752213 ], [ -79.313535, 43.753005 ], [ -79.313804, 43.753726 ], [ -79.314018, 43.754341 ], [ -79.314495, 43.755707 ], [ -79.314615, 43.756063 ], [ -79.314836, 43.756716 ], [ -79.315245, 43.757869 ], [ -79.315354, 43.758127 ] ] } },
{ "type": "Feature", "properties": { "route": 8.0, "segment": 34, "leg": 8.0, "leg_segment": 5, "mode": "WALK", "route_short_name": "", "note": "arrive Maryvale", "from_library": "McGregor Park", "to_library": "Maryvale", "segment_depart": "15:30:00", "segment_arrive": "15:36:00", "wait_min": 0.0, "duration_min": 6.0, "distance_m": 350.0 }, "geometry": { "type": "LineString", "coordinates": [ [ -79.315211, 43.758242 ], [ -79.315216, 43.758238 ], [ -79.315145, 43.758059 ], [ -79.315059, 43.758074 ], [ -79.315009, 43.758067 ], [ -79.314961, 43.758073 ], [ -79.314912, 43.758085 ], [ -79.314807, 43.75811 ], [ -79.314783, 43.758063 ], [ -79.314472, 43.758129 ], [ -79.314266, 43.758172 ], [ -79.314132, 43.758154 ], [ -79.313835, 43.758215 ], [ -79.313716, 43.75824 ], [ -79.313645, 43.758144 ], [ -79.313384, 43.757714 ], [ -79.313231, 43.75736 ], [ -79.313207, 43.75731 ], [ -79.313189, 43.757265 ], [ -79.313085, 43.757285 ], [ -79.312381, 43.75743 ], [ -79.312367, 43.7574 ], [ -79.312293, 43.757237 ] ] } },
{ "type": "Feature", "properties": { "route": 8.0, "segment": 35, "leg": 9.0, "leg_segment": 1, "mode": "WALK", "route_short_name": "", "note": "start Maryvale", "from_library": "Maryvale", "to_library": "Brookbanks", "segment_depart": "15:58:00", "segment_arrive": "16:03:00", "wait_min": 0.0, "duration_min": 5.8, "distance_m": 371.0 }, "geometry": { "type": "LineString", "coordinates": [ [ -79.312293, 43.757237 ], [ -79.311389, 43.757441 ], [ -79.311274, 43.757463 ], [ -79.31113, 43.757427 ], [ -79.311052, 43.757407 ], [ -79.310968, 43.757426 ], [ -79.310687, 43.757487 ], [ -79.310516, 43.757471 ], [ -79.310514, 43.75751 ], [ -79.310482, 43.757615 ], [ -79.310447, 43.757729 ], [ -79.310432, 43.757774 ], [ -79.31039, 43.757907 ], [ -79.310297, 43.75809 ], [ -79.310291, 43.758118 ], [ -79.310272, 43.758212 ], [ -79.310251, 43.758317 ], [ -79.310263, 43.758343 ], [ -79.310393, 43.758675 ], [ -79.310449, 43.758693 ], [ -79.310425, 43.758725 ], [ -79.31034, 43.75888 ], [ -79.310359, 43.758883 ], [ -79.31036, 43.758894 ], [ -79.310366, 43.758966 ], [ -79.310373, 43.759059 ], [ -79.310247, 43.75909 ], [ -79.310097, 43.759127 ], [ -79.310123, 43.759174 ], [ -79.310129, 43.759185 ], [ -79.310072, 43.75918 ] ] } },
{ "type": "Feature", "properties": { "route": 8.0, "segment": 36, "leg": 9.0, "leg_segment": 2, "mode": "BUS", "route_short_name": "996", "note": "", "from_library": "Maryvale", "to_library": "Brookbanks", "segment_depart": "16:05:00", "segment_arrive": "16:09:00", "wait_min": 1.8, "duration_min": 4.1, "distance_m": 1273.0 }, "geometry": { "type": "LineString", "coordinates": [ [ -79.310057, 43.759062 ], [ -79.310188, 43.759031 ], [ -79.311762, 43.758664 ], [ -79.312928, 43.758414 ], [ -79.314067, 43.758137 ], [ -79.314724, 43.757988 ], [ -79.314724, 43.757988 ], [ -79.315245, 43.757869 ], [ -79.315521, 43.757819 ], [ -79.316457, 43.757716 ], [ -79.317382, 43.757599 ], [ -79.317723, 43.757633 ], [ -79.318204, 43.757678 ], [ -79.318555, 43.757763 ], [ -79.319196, 43.758051 ], [ -79.31942, 43.758187 ], [ -79.319645, 43.758363 ], [ -79.319905, 43.758566 ], [ -79.320211, 43.758807 ], [ -79.320572, 43.759091 ], [ -79.320924, 43.759365 ], [ -79.321373, 43.75968 ], [ -79.32167, 43.759913 ], [ -79.321995, 43.760112 ], [ -79.322349, 43.760296 ], [ -79.323045, 43.760665 ], [ -79.323493, 43.760927 ], [ -79.323727, 43.761038 ], [ -79.323847, 43.761085 ] ] } },
{ "type": "Feature", "properties": { "route": 8.0, "segment": 37, "leg": 9.0, "leg_segment": 3, "mode": "WALK", "route_short_name": "", "note": "arrive Brookbanks", "from_library": "Maryvale", "to_library": "Brookbanks", "segment_depart": "16:09:00", "segment_arrive": "16:14:00", "wait_min": 0.0, "duration_min": 4.4, "distance_m": 256.0 }, "geometry": { "type": "LineString", "coordinates": [ [ -79.323838, 43.761128 ], [ -79.323852, 43.761077 ], [ -79.323909, 43.761106 ], [ -79.324059, 43.761124 ], [ -79.324076, 43.761075 ], [ -79.324115, 43.761011 ], [ -79.324163, 43.760931 ], [ -79.324136, 43.760919 ], [ -79.3241, 43.760903 ], [ -79.324044, 43.760786 ], [ -79.324222, 43.760616 ], [ -79.324183, 43.760537 ], [ -79.324252, 43.760485 ], [ -79.324483, 43.760321 ], [ -79.324552, 43.760273 ], [ -79.325244, 43.759782 ], [ -79.325539, 43.759567 ], [ -79.325566, 43.759548 ] ] } },
{ "type": "Feature", "properties": { "route": 9.0, "segment": 1, "leg": 1.0, "leg_segment": 1, "mode": "WALK", "route_short_name": "", "note": "start St. Lawrence", "from_library": "St. Lawrence", "to_library": "Parliament Street", "segment_depart": "09:02:00", "segment_arrive": "09:04:00", "wait_min": 0.0, "duration_min": 1.3, "distance_m": 77.0 }, "geometry": { "type": "LineString", "coordinates": [ [ -79.36827, 43.650083 ], [ -79.36831, 43.650187 ], [ -79.368319, 43.65021 ], [ -79.367999, 43.650282 ], [ -79.367943, 43.650274 ], [ -79.367906, 43.650283 ], [ -79.367826, 43.650301 ], [ -79.367755, 43.650318 ], [ -79.367721, 43.650326 ], [ -79.367682, 43.650234 ], [ -79.367695, 43.650224 ] ] } },
{ "type": "Feature", "properties": { "route": 9.0, "segment": 2, "leg": 1.0, "leg_segment": 2, "mode": "BUS", "route_short_name": "75", "note": "", "from_library": "St. Lawrence", "to_library": "Parliament Street", "segment_depart": "09:06:00", "segment_arrive": "09:13:00", "wait_min": 1.9, "duration_min": 7.7, "distance_m": 1259.0 }, "geometry": { "type": "LineString", "coordinates": [ [ -79.367777, 43.650155 ], [ -79.367879, 43.650388 ], [ -79.368054, 43.650822 ], [ -79.368158, 43.651062 ], [ -79.368158, 43.651062 ], [ -79.368249, 43.65127 ], [ -79.368625, 43.652141 ], [ -79.368767, 43.652484 ], [ -79.368767, 43.652484 ], [ -79.369135, 43.653371 ], [ -79.369267, 43.653886 ], [ -79.369377, 43.654275 ], [ -79.369377, 43.654275 ], [ -79.369446, 43.654518 ], [ -79.369513, 43.654716 ], [ -79.369571, 43.654856 ], [ -79.36958, 43.654876 ], [ -79.370027, 43.655958 ], [ -79.370027, 43.655958 ], [ -79.370109, 43.656155 ], [ -79.371019, 43.658287 ], [ -79.371204, 43.658732 ], [ -79.371204, 43.658732 ], [ -79.371343, 43.659066 ], [ -79.371917, 43.660443 ], [ -79.372021, 43.660706 ], [ -79.372147, 43.661026 ] ] } },
{ "type": "Feature", "properties": { "route": 9.0, "segment": 3, "leg": 1.0, "leg_segment": 3, "mode": "WALK", "route_short_name": "", "note": "arrive Parliament Street", "from_library": "St. Lawrence", "to_library": "Parliament Street", "segment_depart": "09:13:00", "segment_arrive": "09:19:00", "wait_min": 0.0, "duration_min": 5.9, "distance_m": 347.0 }, "geometry": { "type": "LineString", "coordinates": [ [ -79.372083, 43.661074 ], [ -79.372052, 43.661098 ], [ -79.372086, 43.661179 ], [ -79.371391, 43.661326 ], [ -79.370766, 43.661471 ], [ -79.370672, 43.661492 ], [ -79.370582, 43.661512 ], [ -79.370227, 43.661591 ], [ -79.369954, 43.661651 ], [ -79.369817, 43.661686 ], [ -79.369795, 43.661688 ], [ -79.369763, 43.661681 ], [ -79.369687, 43.661698 ], [ -79.36961, 43.661713 ], [ -79.369586, 43.66173 ], [ -79.369565, 43.661739 ], [ -79.368641, 43.661944 ], [ -79.368607, 43.661944 ], [ -79.368571, 43.661935 ], [ -79.36856, 43.661928 ], [ -79.368497, 43.661941 ], [ -79.36846, 43.661949 ], [ -79.368417, 43.661958 ], [ -79.368424, 43.661928 ], [ -79.368424, 43.661915 ], [ -79.368354, 43.661746 ] ] } },
{ "type": "Feature", "properties": { "route": 9.0, "segment": 4, "leg": 2.0, "leg_segment": 1, "mode": "WALK", "route_short_name": "", "note": "start Parliament Street", "from_library": "Parliament Street", "to_library": "Riverdale", "segment_depart": "09:46:00", "segment_arrive": "09:49:00", "wait_min": 0.0, "duration_min": 2.9, "distance_m": 156.0 }, "geometry": { "type": "LineString", "coordinates": [ [ -79.368226, 43.661772 ], [ -79.368354, 43.661746 ], [ -79.368424, 43.661915 ], [ -79.368424, 43.661928 ], [ -79.368417, 43.661958 ], [ -79.368458, 43.662056 ], [ -79.368338, 43.662073 ], [ -79.368302, 43.662077 ], [ -79.368095, 43.662146 ], [ -79.367292, 43.662307 ], [ -79.367319, 43.662375 ], [ -79.367314, 43.662405 ] ] } },
{ "type": "Feature", "properties": { "route": 9.0, "segment": 5, "leg": 2.0, "leg_segment": 2, "mode": "TRAM", "route_short_name": "506", "note": "", "from_library": "Parliament Street", "to_library": "Riverdale", "segment_depart": "09:50:00", "segment_arrive": "09:56:00", "wait_min": 1.2, "duration_min": 6.2, "distance_m": 1412.0 }, "geometry": { "type": "LineString", "coordinates": [ [ -79.367242, 43.662461 ], [ -79.367191, 43.662334 ], [ -79.367035, 43.66195 ], [ -79.366045, 43.66217 ], [ -79.365978, 43.662185 ], [ -79.364122, 43.662569 ], [ -79.364122, 43.662569 ], [ -79.364037, 43.662587 ], [ -79.363184, 43.662791 ], [ -79.362334, 43.662971 ], [ -79.361605, 43.663134 ], [ -79.361605, 43.663134 ], [ -79.361498, 43.663158 ], [ -79.360917, 43.663291 ], [ -79.360895, 43.663296 ], [ -79.360327, 43.663426 ], [ -79.359762, 43.663553 ], [ -79.359635, 43.663582 ], [ -79.359353, 43.663672 ], [ -79.359353, 43.663672 ], [ -79.359244, 43.663707 ], [ -79.358923, 43.663799 ], [ -79.356869, 43.664375 ], [ -79.356711, 43.664423 ], [ -79.356529, 43.664478 ], [ -79.35649, 43.66449 ], [ -79.356303, 43.664533 ], [ -79.355963, 43.664602 ], [ -79.355774, 43.664644 ], [ -79.355293, 43.664781 ], [ -79.355179, 43.664814 ], [ -79.355284, 43.66507 ], [ -79.355284, 43.66507 ], [ -79.355452, 43.665482 ], [ -79.354707, 43.665646 ], [ -79.354495, 43.665692 ], [ -79.354152, 43.665768 ], [ -79.354099, 43.665779 ], [ -79.353958, 43.665821 ], [ -79.353831, 43.665886 ], [ -79.353821, 43.665889 ], [ -79.353758, 43.665922 ], [ -79.353708, 43.665948 ], [ -79.353617, 43.665971 ], [ -79.352911, 43.66616 ], [ -79.352724, 43.66572 ] ] } },
{ "type": "Feature", "properties": { "route": 9.0, "segment": 6, "leg": 2.0, "leg_segment": 3, "mode": "WALK", "route_short_name": "", "note": "arrive Riverdale", "from_library": "Parliament Street", "to_library": "Riverdale", "segment_depart": "09:56:00", "segment_arrive": "09:57:00", "wait_min": 0.0, "duration_min": 0.4, "distance_m": 21.0 }, "geometry": { "type": "LineString", "coordinates": [ [ -79.352794, 43.665663 ], [ -79.352816, 43.665662 ], [ -79.352815, 43.66564 ], [ -79.352819, 43.665605 ], [ -79.352895, 43.665631 ], [ -79.352931, 43.665646 ], [ -79.352961, 43.665663 ] ] } },
{ "type": "Feature", "properties": { "route": 9.0, "segment": 7, "leg": 3.0, "leg_segment": 1, "mode": "WALK", "route_short_name": "", "note": "start Riverdale", "from_library": "Riverdale", "to_library": "Pape/Danforth", "segment_depart": "10:19:00", "segment_arrive": "10:20:00", "wait_min": 0.0, "duration_min": 1.5, "distance_m": 74.0 }, "geometry": { "type": "LineString", "coordinates": [ [ -79.352994, 43.665682 ], [ -79.352961, 43.665663 ], [ -79.352931, 43.665646 ], [ -79.352895, 43.665631 ], [ -79.352819, 43.665605 ], [ -79.352788, 43.665529 ], [ -79.352779, 43.665505 ], [ -79.352772, 43.665489 ], [ -79.352753, 43.665488 ], [ -79.35271, 43.665488 ], [ -79.352645, 43.665482 ], [ -79.352625, 43.66548 ], [ -79.352619, 43.665465 ], [ -79.35259, 43.665395 ], [ -79.352588, 43.665389 ], [ -79.352566, 43.665387 ], [ -79.352523, 43.665383 ], [ -79.352479, 43.665379 ], [ -79.352437, 43.665279 ], [ -79.352444, 43.665274 ] ] } },
{ "type": "Feature", "properties": { "route": 9.0, "segment": 8, "leg": 3.0, "leg_segment": 2, "mode": "TRAM", "route_short_name": "505", "note": "", "from_library": "Riverdale", "to_library": "Pape/Danforth", "segment_depart": "10:21:00", "segment_arrive": "10:28:00", "wait_min": 1.2, "duration_min": 6.2, "distance_m": 1500.0 }, "geometry": { "type": "LineString", "coordinates": [ [ -79.352504, 43.665226 ], [ -79.35261, 43.66548 ], [ -79.352897, 43.666153 ], [ -79.353224, 43.666934 ], [ -79.353412, 43.667409 ], [ -79.353416, 43.667472 ], [ -79.353419, 43.667541 ], [ -79.353419, 43.667544 ], [ -79.353408, 43.667608 ], [ -79.353383, 43.667702 ], [ -79.353383, 43.667702 ], [ -79.35337, 43.667752 ], [ -79.353155, 43.668246 ], [ -79.35308, 43.668466 ], [ -79.353016, 43.668795 ], [ -79.352984, 43.669069 ], [ -79.352982, 43.669277 ], [ -79.352992, 43.669353 ], [ -79.353021, 43.669443 ], [ -79.353058, 43.669515 ], [ -79.35309, 43.669565 ], [ -79.35309, 43.669565 ], [ -79.353104, 43.669587 ], [ -79.353202, 43.669699 ], [ -79.35392, 43.670484 ], [ -79.354084, 43.670664 ], [ -79.354242, 43.670844 ], [ -79.354371, 43.670993 ], [ -79.354516, 43.671258 ], [ -79.354816, 43.671812 ], [ -79.354816, 43.671812 ], [ -79.354918, 43.672001 ], [ -79.355363, 43.672493 ], [ -79.356104, 43.67325 ], [ -79.356215, 43.673368 ], [ -79.35694, 43.674126 ], [ -79.35694, 43.674126 ], [ -79.357067, 43.674258 ], [ -79.357567, 43.67479 ], [ -79.358072, 43.675395 ], [ -79.358859, 43.676195 ], [ -79.358905, 43.6763 ], [ -79.358924, 43.676395 ], [ -79.358829, 43.676772 ], [ -79.358684, 43.67681 ], [ -79.358552, 43.676852 ], [ -79.358352, 43.676945 ], [ -79.358155, 43.677045 ] ] } },
{ "type": "Feature", "properties": { "route": 9.0, "segment": 9, "leg": 3.0, "leg_segment": 3, "mode": "WALK", "route_short_name": "", "note": "", "from_library": "Riverdale", "to_library": "Pape/Danforth", "segment_depart": "10:28:00", "segment_arrive": "10:28:00", "wait_min": 0.0, "duration_min": 0.1, "distance_m": 12.0 }, "geometry": { "type": "LineString", "coordinates": [ [ -79.358147, 43.677013 ], [ -79.358105, 43.67702 ], [ -79.358163, 43.677085 ] ] } },
{ "type": "Feature", "properties": { "route": 9.0, "segment": 10, "leg": 3.0, "leg_segment": 4, "mode": "SUBWAY", "route_short_name": "2", "note": "", "from_library": "Riverdale", "to_library": "Pape/Danforth", "segment_depart": "10:32:00", "segment_arrive": "10:34:00", "wait_min": 4.2, "duration_min": 2.6, "distance_m": 1168.0 }, "geometry": { "type": "LineString", "coordinates": [ [ -79.358114, 43.677201 ], [ -79.358036, 43.677226 ], [ -79.357885, 43.677252 ], [ -79.35685, 43.677436 ], [ -79.35554, 43.677691 ], [ -79.354537, 43.677894 ], [ -79.353738, 43.678054 ], [ -79.35327, 43.678137 ], [ -79.352507, 43.678291 ], [ -79.352507, 43.678291 ], [ -79.352498, 43.678293 ], [ -79.35123, 43.678544 ], [ -79.350212, 43.67874 ], [ -79.350104, 43.678762 ], [ -79.348989, 43.678979 ], [ -79.348964, 43.678989 ], [ -79.34879, 43.679022 ], [ -79.347826, 43.67921 ], [ -79.346746, 43.679419 ], [ -79.346598, 43.67945 ], [ -79.344753, 43.679814 ], [ -79.344087, 43.679948 ] ] } },
{ "type": "Feature", "properties": { "route": 9.0, "segment": 11, "leg": 3.0, "leg_segment": 5, "mode": "WALK", "route_short_name": "", "note": "arrive Pape/Danforth", "from_library": "Riverdale", "to_library": "Pape/Danforth", "segment_depart": "10:34:00", "segment_arrive": "10:38:00", "wait_min": 0.0, "duration_min": 3.4, "distance_m": 199.0 }, "geometry": { "type": "LineString", "coordinates": [ [ -79.344087, 43.679949 ], [ -79.344054, 43.679923 ], [ -79.344052, 43.679917 ], [ -79.344082, 43.679911 ], [ -79.344146, 43.679908 ], [ -79.344148, 43.679865 ], [ -79.344443, 43.679817 ], [ -79.344698, 43.679776 ], [ -79.345014, 43.679715 ], [ -79.345045, 43.679709 ], [ -79.345019, 43.679628 ], [ -79.345025, 43.679612 ], [ -79.344822, 43.679084 ], [ -79.344814, 43.679074 ], [ -79.344802, 43.679068 ], [ -79.344758, 43.678962 ], [ -79.344721, 43.678874 ], [ -79.344749, 43.678854 ], [ -79.344723, 43.67879 ] ] } },
{ "type": "Feature", "properties": { "route": 9.0, "segment": 12, "leg": 4.0, "leg_segment": 1, "mode": "WALK", "route_short_name": "", "note": "start Pape/Danforth", "from_library": "Pape/Danforth", "to_library": "Dawes Road", "segment_depart": "11:06:00", "segment_arrive": "11:10:00", "wait_min": 0.0, "duration_min": 3.9, "distance_m": 231.0 }, "geometry": { "type": "LineString", "coordinates": [ [ -79.34461, 43.678511 ], [ -79.344723, 43.67879 ], [ -79.344749, 43.678854 ], [ -79.344721, 43.678874 ], [ -79.344758, 43.678962 ], [ -79.344802, 43.679068 ], [ -79.344814, 43.679074 ], [ -79.344822, 43.679084 ], [ -79.345025, 43.679612 ], [ -79.345019, 43.679628 ], [ -79.345045, 43.679709 ], [ -79.345014, 43.679715 ], [ -79.344698, 43.679776 ], [ -79.344443, 43.679817 ], [ -79.344148, 43.679865 ], [ -79.344146, 43.679908 ], [ -79.344082, 43.679911 ], [ -79.344052, 43.679917 ], [ -79.344054, 43.679923 ], [ -79.344087, 43.679949 ] ] } },
{ "type": "Feature", "properties": { "route": 9.0, "segment": 13, "leg": 4.0, "leg_segment": 2, "mode": "SUBWAY", "route_short_name": "2", "note": "", "from_library": "Pape/Danforth", "to_library": "Dawes Road", "segment_depart": "11:11:00", "segment_arrive": "11:18:00", "wait_min": 1.7, "duration_min": 6.5, "distance_m": 3641.0 }, "geometry": { "type": "LineString", "coordinates": [ [ -79.344087, 43.679948 ], [ -79.343565, 43.680053 ], [ -79.342259, 43.680318 ], [ -79.34109, 43.68054 ], [ -79.340594, 43.680636 ], [ -79.339916, 43.680761 ], [ -79.338299, 43.681063 ], [ -79.337797, 43.681172 ], [ -79.337497, 43.681237 ], [ -79.337497, 43.681237 ], [ -79.335848, 43.681594 ], [ -79.335342, 43.681698 ], [ -79.332863, 43.682235 ], [ -79.33183, 43.682457 ], [ -79.33168, 43.682491 ], [ -79.33168, 43.682491 ], [ -79.330427, 43.682772 ], [ -79.329813, 43.682896 ], [ -79.328751, 43.683107 ], [ -79.327653, 43.683337 ], [ -79.326687, 43.683563 ], [ -79.326098, 43.683688 ], [ -79.32525, 43.683866 ], [ -79.32412, 43.684115 ], [ -79.32382, 43.684176 ], [ -79.321986, 43.68455 ], [ -79.321986, 43.68455 ], [ -79.321671, 43.684614 ], [ -79.321374, 43.684696 ], [ -79.320685, 43.684834 ], [ -79.319722, 43.685035 ], [ -79.318703, 43.685272 ], [ -79.318151, 43.685378 ], [ -79.317659, 43.685487 ], [ -79.316708, 43.685693 ], [ -79.315754, 43.685901 ], [ -79.314277, 43.686279 ], [ -79.313205, 43.686496 ], [ -79.312442, 43.68665 ], [ -79.312288, 43.686676 ], [ -79.312288, 43.686676 ], [ -79.312163, 43.686698 ], [ -79.31142, 43.686862 ], [ -79.31115, 43.686913 ], [ -79.309069, 43.687329 ], [ -79.30787, 43.687603 ], [ -79.305729, 43.688093 ], [ -79.303507, 43.688596 ], [ -79.302617, 43.688809 ], [ -79.302205, 43.688921 ], [ -79.300844, 43.689289 ], [ -79.300701, 43.689336 ] ] } },
{ "type": "Feature", "properties": { "route": 9.0, "segment": 14, "leg": 4.0, "leg_segment": 3, "mode": "WALK", "route_short_name": "", "note": "", "from_library": "Pape/Danforth", "to_library": "Dawes Road", "segment_depart": "11:18:00", "segment_arrive": "11:21:00", "wait_min": 0.0, "duration_min": 3.1, "distance_m": 185.0 }, "geometry": { "type": "LineString", "coordinates": [ [ -79.300686, 43.689249 ], [ -79.300815, 43.68932 ], [ -79.300853, 43.689285 ], [ -79.300877, 43.689346 ], [ -79.300888, 43.689343 ], [ -79.300892, 43.689358 ], [ -79.300886, 43.689385 ], [ -79.300919, 43.689455 ], [ -79.300986, 43.689439 ], [ -79.301005, 43.68948 ], [ -79.301067, 43.689466 ], [ -79.301116, 43.689457 ], [ -79.301296, 43.689415 ], [ -79.301507, 43.689366 ], [ -79.301654, 43.689332 ], [ -79.301734, 43.689313 ], [ -79.302203, 43.689208 ], [ -79.302186, 43.689177 ], [ -79.302158, 43.689134 ], [ -79.302134, 43.689086 ], [ -79.302064, 43.688969 ], [ -79.302064, 43.688969 ], [ -79.302042, 43.688916 ] ] } },
{ "type": "Feature", "properties": { "route": 9.0, "segment": 15, "leg": 4.0, "leg_segment": 4, "mode": "BUS", "route_short_name": "23", "note": "", "from_library": "Pape/Danforth", "to_library": "Dawes Road", "segment_depart": "11:24:00", "segment_arrive": "11:33:00", "wait_min": 3.5, "duration_min": 8.6, "distance_m": 2017.0 }, "geometry": { "type": "LineString", "coordinates": [ [ -79.301941, 43.689155 ], [ -79.301613, 43.689236 ], [ -79.301288, 43.689316 ], [ -79.301224, 43.689316 ], [ -79.301167, 43.689307 ], [ -79.30111, 43.689283 ], [ -79.301071, 43.689254 ], [ -79.30104, 43.689211 ], [ -79.301014, 43.68916 ], [ -79.301013, 43.689107 ], [ -79.301027, 43.689057 ], [ -79.301065, 43.689018 ], [ -79.301128, 43.688984 ], [ -79.301823, 43.688801 ], [ -79.302109, 43.688726 ], [ -79.302045, 43.688598 ], [ -79.301831, 43.688145 ], [ -79.301008, 43.688338 ], [ -79.300546, 43.688447 ], [ -79.299691, 43.688637 ], [ -79.299691, 43.688637 ], [ -79.298408, 43.688921 ], [ -79.2979, 43.68904 ], [ -79.296771, 43.689305 ], [ -79.296759, 43.689449 ], [ -79.296795, 43.689747 ], [ -79.296795, 43.689747 ], [ -79.296807, 43.689845 ], [ -79.296871, 43.690363 ], [ -79.296982, 43.691268 ], [ -79.297031, 43.691742 ], [ -79.297042, 43.691862 ], [ -79.297042, 43.691862 ], [ -79.297063, 43.692078 ], [ -79.297075, 43.692197 ], [ -79.297157, 43.692829 ], [ -79.297167, 43.693084 ], [ -79.297216, 43.693449 ], [ -79.297216, 43.693449 ], [ -79.297228, 43.693542 ], [ -79.297282, 43.694091 ], [ -79.297328, 43.694578 ], [ -79.297333, 43.6948 ], [ -79.297333, 43.6948 ], [ -79.297335, 43.694915 ], [ -79.297378, 43.695153 ], [ -79.297387, 43.695203 ], [ -79.297457, 43.69567 ], [ -79.297444, 43.695897 ], [ -79.297412, 43.696132 ], [ -79.297313, 43.696524 ], [ -79.297223, 43.696894 ], [ -79.297219, 43.696915 ], [ -79.297219, 43.696915 ], [ -79.297207, 43.696983 ], [ -79.297114, 43.697362 ], [ -79.297107, 43.697402 ], [ -79.297092, 43.697488 ], [ -79.297068, 43.697798 ], [ -79.297069, 43.697873 ], [ -79.297069, 43.697873 ], [ -79.29707, 43.698048 ], [ -79.297071, 43.698246 ], [ -79.297067, 43.698999 ], [ -79.297029, 43.699625 ], [ -79.29698, 43.700457 ], [ -79.296914, 43.700896 ], [ -79.29691, 43.701139 ], [ -79.296921, 43.70121 ] ] } },
{ "type": "Feature", "properties": { "route": 9.0, "segment": 16, "leg": 4.0, "leg_segment": 5, "mode": "WALK", "route_short_name": "", "note": "arrive Dawes Road", "from_library": "Pape/Danforth", "to_library": "Dawes Road", "segment_depart": "11:33:00", "segment_arrive": "11:34:00", "wait_min": 0.0, "duration_min": 0.7, "distance_m": 41.0 }, "geometry": { "type": "LineString", "coordinates": [ [ -79.296853, 43.701231 ], [ -79.296848, 43.701231 ], [ -79.296849, 43.701262 ], [ -79.29685, 43.70128 ], [ -79.296844, 43.701297 ], [ -79.296831, 43.701315 ], [ -79.296813, 43.701329 ], [ -79.296822, 43.701335 ], [ -79.296826, 43.701386 ], [ -79.296938, 43.701369 ], [ -79.296939, 43.70149 ] ] } },
{ "type": "Feature", "properties": { "route": 9.0, "segment": 17, "leg": 5.0, "leg_segment": 1, "mode": "WALK", "route_short_name": "", "note": "start Dawes Road", "from_library": "Dawes Road", "to_library": "Main Street", "segment_depart": "11:56:00", "segment_arrive": "11:57:00", "wait_min": 0.0, "duration_min": 1.4, "distance_m": 105.0 }, "geometry": { "type": "LineString", "coordinates": [ [ -79.296939, 43.70149 ], [ -79.29694, 43.701771 ], [ -79.296941, 43.702207 ], [ -79.296945, 43.702272 ], [ -79.297043, 43.702277 ], [ -79.297044, 43.702356 ], [ -79.297052, 43.702372 ] ] } },
{ "type": "Feature", "properties": { "route": 9.0, "segment": 18, "leg": 5.0, "leg_segment": 2, "mode": "BUS", "route_short_name": "23", "note": "", "from_library": "Dawes Road", "to_library": "Main Street", "segment_depart": "11:58:00", "segment_arrive": "12:05:00", "wait_min": 1.3, "duration_min": 7.1, "distance_m": 2019.0 }, "geometry": { "type": "LineString", "coordinates": [ [ -79.296926, 43.702363 ], [ -79.29693, 43.702256 ], [ -79.296931, 43.70179 ], [ -79.29694, 43.701329 ], [ -79.29691, 43.701139 ], [ -79.296914, 43.700896 ], [ -79.29698, 43.700457 ], [ -79.296995, 43.700196 ], [ -79.296995, 43.700196 ], [ -79.297029, 43.699625 ], [ -79.297067, 43.698999 ], [ -79.297071, 43.698246 ], [ -79.29707, 43.698048 ], [ -79.29707, 43.697986 ], [ -79.29707, 43.697986 ], [ -79.297068, 43.697798 ], [ -79.297092, 43.697488 ], [ -79.297107, 43.697402 ], [ -79.297114, 43.697362 ], [ -79.297207, 43.696983 ], [ -79.297223, 43.696894 ], [ -79.297278, 43.696669 ], [ -79.297278, 43.696669 ], [ -79.297313, 43.696524 ], [ -79.297412, 43.696132 ], [ -79.297444, 43.695897 ], [ -79.297457, 43.69567 ], [ -79.297399, 43.695284 ], [ -79.297399, 43.695284 ], [ -79.297387, 43.695203 ], [ -79.297378, 43.695153 ], [ -79.297335, 43.694915 ], [ -79.297328, 43.694578 ], [ -79.297282, 43.694091 ], [ -79.297237, 43.693636 ], [ -79.297237, 43.693636 ], [ -79.297228, 43.693542 ], [ -79.297167, 43.693084 ], [ -79.297157, 43.692829 ], [ -79.297083, 43.692255 ], [ -79.297083, 43.692255 ], [ -79.297075, 43.692197 ], [ -79.297063, 43.692078 ], [ -79.297031, 43.691742 ], [ -79.296982, 43.691268 ], [ -79.296871, 43.690363 ], [ -79.296807, 43.689845 ], [ -79.296759, 43.689449 ], [ -79.296771, 43.689305 ], [ -79.297153, 43.689215 ], [ -79.297153, 43.689215 ], [ -79.2979, 43.68904 ], [ -79.298408, 43.688921 ], [ -79.299312, 43.688721 ], [ -79.299312, 43.688721 ], [ -79.300546, 43.688447 ], [ -79.301008, 43.688338 ], [ -79.301831, 43.688145 ], [ -79.302045, 43.688598 ], [ -79.302105, 43.688724 ], [ -79.302258, 43.689078 ], [ -79.301951, 43.689153 ], [ -79.301941, 43.689155 ] ] } },
{ "type": "Feature", "properties": { "route": 9.0, "segment": 19, "leg": 5.0, "leg_segment": 3, "mode": "WALK", "route_short_name": "", "note": "", "from_library": "Dawes Road", "to_library": "Main Street", "segment_depart": "12:05:00", "segment_arrive": "12:06:00", "wait_min": 0.0, "duration_min": 0.9, "distance_m": 54.0 }, "geometry": { "type": "LineString", "coordinates": [ [ -79.301926, 43.689037 ], [ -79.302064, 43.688969 ], [ -79.302064, 43.688969 ], [ -79.302042, 43.688916 ], [ -79.302036, 43.688901 ], [ -79.302003, 43.688794 ], [ -79.301992, 43.68876 ], [ -79.301974, 43.688706 ], [ -79.301852, 43.688732 ] ] } },
{ "type": "Feature", "properties": { "route": 9.0, "segment": 20, "leg": 5.0, "leg_segment": 4, "mode": "TRAM", "route_short_name": "506", "note": "", "from_library": "Dawes Road", "to_library": "Main Street", "segment_depart": "12:08:00", "segment_arrive": "12:11:00", "wait_min": 1.9, "duration_min": 2.7, "distance_m": 554.0 }, "geometry": { "type": "LineString", "coordinates": [ [ -79.301797, 43.688808 ], [ -79.301823, 43.688801 ], [ -79.302109, 43.688726 ], [ -79.302045, 43.688598 ], [ -79.301831, 43.688145 ], [ -79.301598, 43.687675 ], [ -79.301421, 43.687254 ], [ -79.300935, 43.686107 ], [ -79.300585, 43.685276 ], [ -79.300393, 43.68482 ], [ -79.300274, 43.684438 ], [ -79.300213, 43.684241 ], [ -79.300194, 43.684192 ] ] } },
{ "type": "Feature", "properties": { "route": 9.0, "segment": 21, "leg": 5.0, "leg_segment": 5, "mode": "WALK", "route_short_name": "", "note": "arrive Main Street", "from_library": "Dawes Road", "to_library": "Main Street", "segment_depart": "12:11:00", "segment_arrive": "12:13:00", "wait_min": 0.0, "duration_min": 2.2, "distance_m": 122.0 }, "geometry": { "type": "LineString", "coordinates": [ [ -79.300207, 43.684182 ], [ -79.300193, 43.684147 ], [ -79.300177, 43.684106 ], [ -79.300159, 43.684109 ], [ -79.300145, 43.684074 ], [ -79.300226, 43.684055 ], [ -79.300207, 43.683997 ], [ -79.300197, 43.683966 ], [ -79.300193, 43.683957 ], [ -79.300164, 43.683887 ], [ -79.300156, 43.683867 ], [ -79.299984, 43.68345 ], [ -79.299905, 43.68347 ], [ -79.299882, 43.683415 ], [ -79.299747, 43.683366 ], [ -79.299726, 43.68332 ] ] } },
{ "type": "Feature", "properties": { "route": 9.0, "segment": 22, "leg": 6.0, "leg_segment": 1, "mode": "WALK", "route_short_name": "", "note": "start Main Street", "from_library": "Main Street", "to_library": "Beaches", "segment_depart": "12:40:00", "segment_arrive": "12:42:00", "wait_min": 0.0, "duration_min": 2.3, "distance_m": 126.0 }, "geometry": { "type": "LineString", "coordinates": [ [ -79.299726, 43.68332 ], [ -79.299701, 43.683326 ], [ -79.299662, 43.683353 ], [ -79.29966, 43.683376 ], [ -79.29972, 43.6834 ], [ -79.299747, 43.683366 ], [ -79.299882, 43.683415 ], [ -79.299905, 43.68347 ], [ -79.299984, 43.68345 ], [ -79.300156, 43.683867 ], [ -79.300164, 43.683887 ], [ -79.300245, 43.683869 ], [ -79.30026, 43.683866 ], [ -79.300264, 43.683875 ], [ -79.300288, 43.683934 ], [ -79.300293, 43.683946 ], [ -79.300301, 43.683964 ], [ -79.300316, 43.684 ], [ -79.300329, 43.684031 ], [ -79.300315, 43.684061 ] ] } },
{ "type": "Feature", "properties": { "route": 9.0, "segment": 23, "leg": 6.0, "leg_segment": 2, "mode": "BUS", "route_short_name": "64", "note": "", "from_library": "Main Street", "to_library": "Beaches", "segment_depart": "12:44:00", "segment_arrive": "12:51:00", "wait_min": 1.6, "duration_min": 6.5, "distance_m": 1575.0 }, "geometry": { "type": "LineString", "coordinates": [ [ -79.300182, 43.68416 ], [ -79.300146, 43.684068 ], [ -79.300141, 43.684005 ], [ -79.300155, 43.68395 ], [ -79.30016, 43.683909 ], [ -79.300154, 43.683828 ], [ -79.299995, 43.683442 ], [ -79.299603, 43.682488 ], [ -79.299603, 43.682488 ], [ -79.299483, 43.682197 ], [ -79.299041, 43.681179 ], [ -79.299041, 43.681179 ], [ -79.298851, 43.680741 ], [ -79.298612, 43.680588 ], [ -79.29837, 43.680428 ], [ -79.298199, 43.680273 ], [ -79.298137, 43.680163 ], [ -79.298074, 43.680037 ], [ -79.298057, 43.679959 ], [ -79.298059, 43.679895 ], [ -79.298063, 43.679786 ], [ -79.298108, 43.679249 ], [ -79.298108, 43.679249 ], [ -79.298114, 43.679182 ], [ -79.298114, 43.679045 ], [ -79.2981, 43.678972 ], [ -79.298066, 43.67892 ], [ -79.298023, 43.678885 ], [ -79.297971, 43.678854 ], [ -79.297928, 43.678805 ], [ -79.297815, 43.678531 ], [ -79.297656, 43.678145 ], [ -79.297492, 43.677749 ], [ -79.297492, 43.677749 ], [ -79.297292, 43.677269 ], [ -79.296844, 43.676186 ], [ -79.29683, 43.676103 ], [ -79.29683, 43.676103 ], [ -79.296824, 43.676071 ], [ -79.296842, 43.675984 ], [ -79.296828, 43.675919 ], [ -79.296833, 43.675868 ], [ -79.296836, 43.675801 ], [ -79.296647, 43.675321 ], [ -79.296398, 43.674672 ], [ -79.296394, 43.674661 ], [ -79.296362, 43.674577 ], [ -79.296362, 43.674577 ], [ -79.296219, 43.674204 ], [ -79.297036, 43.674024 ], [ -79.296902, 43.673717 ], [ -79.296902, 43.673717 ], [ -79.2966, 43.673023 ], [ -79.29615, 43.671939 ], [ -79.295981, 43.671548 ], [ -79.29595, 43.671464 ], [ -79.295858, 43.671217 ], [ -79.295831, 43.671144 ] ] } },
{ "type": "Feature", "properties": { "route": 9.0, "segment": 24, "leg": 6.0, "leg_segment": 3, "mode": "WALK", "route_short_name": "", "note": "arrive Beaches", "from_library": "Main Street", "to_library": "Beaches", "segment_depart": "12:51:00", "segment_arrive": "12:56:00", "wait_min": 0.0, "duration_min": 5.6, "distance_m": 324.0 }, "geometry": { "type": "LineString", "coordinates": [ [ -79.295898, 43.671096 ], [ -79.295892, 43.671101 ], [ -79.295879, 43.67107 ], [ -79.295886, 43.671021 ], [ -79.295945, 43.670996 ], [ -79.296004, 43.670983 ], [ -79.296059, 43.670971 ], [ -79.296118, 43.670958 ], [ -79.29624, 43.670931 ], [ -79.296297, 43.670918 ], [ -79.296413, 43.670895 ], [ -79.296603, 43.670855 ], [ -79.296671, 43.670839 ], [ -79.296792, 43.670817 ], [ -79.296897, 43.670799 ], [ -79.296876, 43.670747 ], [ -79.296871, 43.670733 ], [ -79.297921, 43.670506 ], [ -79.297996, 43.67049 ], [ -79.29806, 43.670476 ], [ -79.298054, 43.670463 ], [ -79.298033, 43.670409 ], [ -79.298028, 43.670397 ], [ -79.298016, 43.670396 ], [ -79.29801, 43.670391 ], [ -79.298004, 43.67038 ], [ -79.297923, 43.670186 ], [ -79.297847, 43.67 ], [ -79.297884, 43.66999 ], [ -79.297977, 43.669985 ], [ -79.298263, 43.66992 ], [ -79.29831, 43.670017 ], [ -79.29833, 43.670064 ], [ -79.298376, 43.670187 ] ] } },
{ "type": "Feature", "properties": { "route": 9.0, "segment": 25, "leg": 7.0, "leg_segment": 1, "mode": "WALK", "route_short_name": "", "note": "start Beaches", "from_library": "Beaches", "to_library": "Gerrard/Ashdale", "segment_depart": "13:25", "segment_arrive": "13:29", "wait_min": 0.0, "duration_min": 3.2, "distance_m": 178.0 }, "geometry": { "type": "LineString", "coordinates": [ [ -79.29841, 43.670175 ], [ -79.298376, 43.670187 ], [ -79.29833, 43.670064 ], [ -79.29831, 43.670017 ], [ -79.298263, 43.66992 ], [ -79.298423, 43.669868 ], [ -79.298465, 43.66984 ], [ -79.298506, 43.669846 ], [ -79.298566, 43.669854 ], [ -79.298615, 43.669865 ], [ -79.298654, 43.669877 ], [ -79.298699, 43.669893 ], [ -79.298761, 43.669942 ], [ -79.298802, 43.669962 ], [ -79.298873, 43.66999 ], [ -79.298928, 43.669983 ], [ -79.299013, 43.669987 ], [ -79.299079, 43.669996 ], [ -79.299212, 43.670006 ], [ -79.299313, 43.67 ], [ -79.299408, 43.669987 ], [ -79.299461, 43.66999 ], [ -79.299505, 43.670002 ], [ -79.299517, 43.670012 ], [ -79.299579, 43.670065 ], [ -79.299735, 43.670031 ], [ -79.299741, 43.670045 ], [ -79.299758, 43.670091 ], [ -79.299763, 43.670103 ], [ -79.299769, 43.670118 ], [ -79.299743, 43.670148 ] ] } },
{ "type": "Feature", "properties": { "route": 9.0, "segment": 26, "leg": 7.0, "leg_segment": 2, "mode": "TRAM", "route_short_name": "501", "note": "", "from_library": "Beaches", "to_library": "Gerrard/Ashdale", "segment_depart": "13:30", "segment_arrive": "13:35", "wait_min": 1.5, "duration_min": 5.1, "distance_m": 1042.0 }, "geometry": { "type": "LineString", "coordinates": [ [ -79.299734, 43.670091 ], [ -79.299825, 43.670072 ], [ -79.300866, 43.669845 ], [ -79.301905, 43.669619 ], [ -79.302235, 43.66956 ], [ -79.303416, 43.669286 ], [ -79.303416, 43.669286 ], [ -79.303518, 43.669262 ], [ -79.303877, 43.669175 ], [ -79.304644, 43.669001 ], [ -79.305647, 43.668785 ], [ -79.305647, 43.668785 ], [ -79.305775, 43.668757 ], [ -79.306917, 43.668499 ], [ -79.308047, 43.668245 ], [ -79.308907, 43.668054 ], [ -79.308907, 43.668054 ], [ -79.309195, 43.66799 ], [ -79.310335, 43.667731 ], [ -79.311161, 43.667553 ], [ -79.311257, 43.667532 ], [ -79.311264, 43.667531 ], [ -79.31144, 43.667493 ], [ -79.311552, 43.667469 ], [ -79.312122, 43.667346 ] ] } },
{ "type": "Feature", "properties": { "route": 9.0, "segment": 27, "leg": 7.0, "leg_segment": 3, "mode": "WALK", "route_short_name": "", "note": "", "from_library": "Beaches", "to_library": "Gerrard/Ashdale", "segment_depart": "13:35", "segment_arrive": "13:37", "wait_min": 0.0, "duration_min": 1.8, "distance_m": 104.0 }, "geometry": { "type": "LineString", "coordinates": [ [ -79.312137, 43.667398 ], [ -79.31214, 43.667428 ], [ -79.312289, 43.667396 ], [ -79.312305, 43.66737 ], [ -79.312323, 43.667341 ], [ -79.312343, 43.667308 ], [ -79.312369, 43.667263 ], [ -79.312394, 43.667226 ], [ -79.312444, 43.667147 ], [ -79.312614, 43.667105 ], [ -79.312757, 43.667071 ], [ -79.312743, 43.666974 ], [ -79.312742, 43.666868 ], [ -79.312748, 43.666789 ] ] } },
{ "type": "Feature", "properties": { "route": 9.0, "segment": 28, "leg": 7.0, "leg_segment": 4, "mode": "BUS", "route_short_name": "22", "note": "", "from_library": "Beaches", "to_library": "Gerrard/Ashdale", "segment_depart": "13:42", "segment_arrive": "13:46", "wait_min": 4.5, "duration_min": 4.8, "distance_m": 1170.0 }, "geometry": { "type": "LineString", "coordinates": [ [ -79.312616, 43.66677 ], [ -79.312621, 43.666707 ], [ -79.312645, 43.666646 ], [ -79.312682, 43.666552 ], [ -79.312753, 43.666442 ], [ -79.312863, 43.666349 ], [ -79.312967, 43.666276 ], [ -79.313077, 43.666216 ], [ -79.313214, 43.666161 ], [ -79.313323, 43.666133 ], [ -79.314937, 43.665773 ], [ -79.315451, 43.665666 ], [ -79.31552, 43.665647 ], [ -79.31562, 43.665623 ], [ -79.316202, 43.665486 ], [ -79.31638, 43.665885 ], [ -79.31638, 43.665885 ], [ -79.316407, 43.665946 ], [ -79.316589, 43.666353 ], [ -79.316759, 43.666784 ], [ -79.316904, 43.667154 ], [ -79.317231, 43.667924 ], [ -79.31747, 43.668476 ], [ -79.31747, 43.668476 ], [ -79.317564, 43.668695 ], [ -79.317639, 43.668883 ], [ -79.317972, 43.66972 ], [ -79.317972, 43.66972 ], [ -79.318042, 43.669897 ], [ -79.318373, 43.670726 ], [ -79.319186, 43.67264 ] ] } },
{ "type": "Feature", "properties": { "route": 9.0, "segment": 29, "leg": 7.0, "leg_segment": 5, "mode": "WALK", "route_short_name": "", "note": "arrive Gerrard/Ashdale", "from_library": "Beaches", "to_library": "Gerrard/Ashdale", "segment_depart": "13:46", "segment_arrive": "13:51", "wait_min": 0.0, "duration_min": 4.5, "distance_m": 262.0 }, "geometry": { "type": "LineString", "coordinates": [ [ -79.319104, 43.672707 ], [ -79.319087, 43.67272 ], [ -79.319135, 43.672838 ], [ -79.319222, 43.67282 ], [ -79.319237, 43.672817 ], [ -79.319242, 43.672816 ], [ -79.319245, 43.672823 ], [ -79.319275, 43.672892 ], [ -79.31929, 43.672888 ], [ -79.319372, 43.67287 ], [ -79.319376, 43.672869 ], [ -79.319385, 43.672867 ], [ -79.320363, 43.672647 ], [ -79.321211, 43.672458 ], [ -79.32182, 43.672319 ], [ -79.321825, 43.672333 ], [ -79.321849, 43.672393 ], [ -79.321916, 43.672377 ] ] } },
{ "type": "Feature", "properties": { "route": 9.0, "segment": 30, "leg": 8.0, "leg_segment": 1, "mode": "WALK", "route_short_name": "", "note": "start Gerrard/Ashdale", "from_library": "Gerrard/Ashdale", "to_library": "Jones", "segment_depart": "14:18:00", "segment_arrive": "14:19:00", "wait_min": 0.0, "duration_min": 0.7, "distance_m": 58.0 }, "geometry": { "type": "LineString", "coordinates": [ [ -79.322057, 43.67272 ], [ -79.322057, 43.672718 ], [ -79.321916, 43.672377 ], [ -79.321849, 43.672393 ], [ -79.321801, 43.672404 ], [ -79.321741, 43.672406 ], [ -79.321721, 43.67241 ], [ -79.321719, 43.67239 ] ] } },
{ "type": "Feature", "properties": { "route": 9.0, "segment": 31, "leg": 8.0, "leg_segment": 2, "mode": "TRAM", "route_short_name": "506", "note": "", "from_library": "Gerrard/Ashdale", "to_library": "Jones", "segment_depart": "14:21:00", "segment_arrive": "14:27:00", "wait_min": 1.9, "duration_min": 6.6, "distance_m": 1324.0 }, "geometry": { "type": "LineString", "coordinates": [ [ -79.321714, 43.67235 ], [ -79.321861, 43.672313 ], [ -79.322914, 43.672081 ], [ -79.323672, 43.671914 ], [ -79.323672, 43.671914 ], [ -79.32399, 43.671844 ], [ -79.324938, 43.671611 ], [ -79.325074, 43.67158 ], [ -79.325938, 43.671401 ], [ -79.326922, 43.671186 ], [ -79.327851, 43.670964 ], [ -79.327851, 43.670964 ], [ -79.328022, 43.670923 ], [ -79.330311, 43.670408 ], [ -79.330311, 43.670408 ], [ -79.33057, 43.67035 ], [ -79.330692, 43.670319 ], [ -79.331716, 43.670086 ], [ -79.332011, 43.670033 ], [ -79.332929, 43.669843 ], [ -79.332929, 43.669843 ], [ -79.333068, 43.669814 ], [ -79.335415, 43.669293 ], [ -79.335415, 43.669293 ], [ -79.335608, 43.66925 ], [ -79.336586, 43.669018 ], [ -79.337445, 43.668827 ] ] } },
{ "type": "Feature", "properties": { "route": 9.0, "segment": 32, "leg": 8.0, "leg_segment": 3, "mode": "WALK", "route_short_name": "", "note": "arrive Jones", "from_library": "Gerrard/Ashdale", "to_library": "Jones", "segment_depart": "14:27:00", "segment_arrive": "14:34:00", "wait_min": 0.0, "duration_min": 6.9, "distance_m": 408.0 }, "geometry": { "type": "LineString", "coordinates": [ [ -79.337448, 43.668855 ], [ -79.337477, 43.66882 ], [ -79.337472, 43.668806 ], [ -79.337468, 43.668793 ], [ -79.337445, 43.668728 ], [ -79.337461, 43.668706 ], [ -79.33745, 43.668667 ], [ -79.337337, 43.668415 ], [ -79.337224, 43.668158 ], [ -79.336589, 43.666665 ], [ -79.336645, 43.666653 ], [ -79.336504, 43.666348 ], [ -79.336482, 43.6663 ], [ -79.336642, 43.666262 ], [ -79.336771, 43.66623 ], [ -79.336824, 43.666194 ], [ -79.336833, 43.666157 ], [ -79.336816, 43.666108 ], [ -79.336771, 43.665991 ], [ -79.336766, 43.665972 ], [ -79.336749, 43.665903 ], [ -79.336436, 43.665937 ], [ -79.336403, 43.665856 ], [ -79.336309, 43.66587 ] ] } },
{ "type": "Feature", "properties": { "route": 9.0, "segment": 33, "leg": 9.0, "leg_segment": 1, "mode": "WALK", "route_short_name": "", "note": "start Jones", "from_library": "Jones", "to_library": "Queen/Saulter", "segment_depart": "15:06:00", "segment_arrive": "15:07:00", "wait_min": 0.0, "duration_min": 0.8, "distance_m": 181.0 }, "geometry": { "type": "LineString", "coordinates": [ [ -79.336309, 43.66587 ], [ -79.336268, 43.665881 ], [ -79.334421, 43.666083 ], [ -79.334383, 43.666076 ], [ -79.334419, 43.666157 ], [ -79.334461, 43.666252 ], [ -79.334444, 43.666282 ] ] } },
{ "type": "Feature", "properties": { "route": 9.0, "segment": 34, "leg": 9.0, "leg_segment": 2, "mode": "BUS", "route_short_name": "83", "note": "", "from_library": "Jones", "to_library": "Queen/Saulter", "segment_depart": "15:08:00", "segment_arrive": "15:10:00", "wait_min": 1.1, "duration_min": 2.4, "distance_m": 369.0 }, "geometry": { "type": "LineString", "coordinates": [ [ -79.334369, 43.666335 ], [ -79.334305, 43.666164 ], [ -79.334159, 43.665853 ], [ -79.333807, 43.665027 ], [ -79.333796, 43.665001 ], [ -79.333581, 43.664497 ], [ -79.333013, 43.663164 ] ] } },
{ "type": "Feature", "properties": { "route": 9.0, "segment": 35, "leg": 9.0, "leg_segment": 3, "mode": "WALK", "route_short_name": "", "note": "", "from_library": "Jones", "to_library": "Queen/Saulter", "segment_depart": "15:10:00", "segment_arrive": "15:11:00", "wait_min": 0.0, "duration_min": 1.3, "distance_m": 87.0 }, "geometry": { "type": "LineString", "coordinates": [ [ -79.333046, 43.663137 ], [ -79.333015, 43.663162 ], [ -79.332941, 43.662989 ], [ -79.332839, 43.663007 ], [ -79.332737, 43.662778 ], [ -79.332573, 43.662815 ], [ -79.332737, 43.662778 ] ] } },
{ "type": "Feature", "properties": { "route": 9.0, "segment": 36, "leg": 9.0, "leg_segment": 4, "mode": "TRAM", "route_short_name": "501", "note": "", "from_library": "Jones", "to_library": "Queen/Saulter", "segment_depart": "15:14:00", "segment_arrive": "15:20:00", "wait_min": 2.8, "duration_min": 5.8, "distance_m": 1177.0 }, "geometry": { "type": "LineString", "coordinates": [ [ -79.332548, 43.662736 ], [ -79.332814, 43.662671 ], [ -79.333304, 43.662573 ], [ -79.333456, 43.662542 ], [ -79.334071, 43.662416 ], [ -79.334315, 43.662336 ], [ -79.33489, 43.662233 ], [ -79.335334, 43.662117 ], [ -79.335793, 43.662029 ], [ -79.335793, 43.662029 ], [ -79.335895, 43.662009 ], [ -79.336315, 43.661911 ], [ -79.337614, 43.661618 ], [ -79.337614, 43.661618 ], [ -79.337704, 43.661598 ], [ -79.33882, 43.661356 ], [ -79.338913, 43.661338 ], [ -79.339939, 43.661097 ], [ -79.339939, 43.661097 ], [ -79.340092, 43.661061 ], [ -79.340799, 43.660887 ], [ -79.341268, 43.660793 ], [ -79.342366, 43.660559 ], [ -79.342366, 43.660559 ], [ -79.342506, 43.660529 ], [ -79.343591, 43.660287 ], [ -79.344092, 43.660171 ], [ -79.344092, 43.660171 ], [ -79.344458, 43.660086 ], [ -79.345111, 43.659942 ], [ -79.34547, 43.659862 ], [ -79.345674, 43.659818 ], [ -79.345803, 43.659794 ], [ -79.346115, 43.659737 ], [ -79.346411, 43.659663 ], [ -79.346533, 43.659632 ] ] } },
{ "type": "Feature", "properties": { "route": 9.0, "segment": 37, "leg": 9.0, "leg_segment": 5, "mode": "WALK", "route_short_name": "", "note": "arrive Queen/Saulter", "from_library": "Jones", "to_library": "Queen/Saulter", "segment_depart": "15:20:00", "segment_arrive": "15:22:00", "wait_min": 0.0, "duration_min": 1.8, "distance_m": 101.0 }, "geometry": { "type": "LineString", "coordinates": [ [ -79.346553, 43.65966 ], [ -79.346556, 43.659686 ], [ -79.346667, 43.659661 ], [ -79.346704, 43.659665 ], [ -79.346758, 43.659652 ], [ -79.346734, 43.659593 ], [ -79.346728, 43.659577 ], [ -79.346731, 43.659564 ], [ -79.346739, 43.659536 ], [ -79.346733, 43.659497 ], [ -79.346772, 43.659489 ], [ -79.347098, 43.659413 ], [ -79.34731, 43.659364 ], [ -79.347396, 43.659344 ], [ -79.347486, 43.659323 ] ] } },
{ "type": "Feature", "properties": { "route": 10.0, "segment": 1, "leg": 1.0, "leg_segment": 1, "mode": "WALK", "route_short_name": "", "note": "start Albert Campbell", "from_library": "Albert Campbell", "to_library": "Cliffcrest", "segment_depart": "09:01:00", "segment_arrive": "09:15:00", "wait_min": 0.0, "duration_min": 13.5, "distance_m": 839.0 }, "geometry": { "type": "LineString", "coordinates": [ [ -79.269667, 43.708021 ], [ -79.269593, 43.707856 ], [ -79.268672, 43.708073 ], [ -79.26937, 43.709779 ], [ -79.269404, 43.709834 ], [ -79.269432, 43.709905 ], [ -79.269465, 43.70999 ], [ -79.269483, 43.710062 ], [ -79.269592, 43.710315 ], [ -79.269645, 43.710441 ], [ -79.269689, 43.710548 ], [ -79.269729, 43.710646 ], [ -79.269781, 43.71077 ], [ -79.269917, 43.711095 ], [ -79.269813, 43.71112 ], [ -79.269925, 43.711395 ], [ -79.270144, 43.711933 ], [ -79.270165, 43.711984 ], [ -79.270231, 43.712148 ], [ -79.270296, 43.712307 ], [ -79.270312, 43.712346 ], [ -79.270327, 43.712384 ], [ -79.270367, 43.712483 ], [ -79.27038, 43.712513 ], [ -79.270462, 43.712716 ], [ -79.270499, 43.712807 ], [ -79.270533, 43.71289 ], [ -79.270622, 43.713108 ], [ -79.270688, 43.713273 ], [ -79.270608, 43.71329 ], [ -79.27062, 43.713328 ], [ -79.270665, 43.713461 ], [ -79.270713, 43.713597 ], [ -79.270723, 43.713672 ], [ -79.270731, 43.713703 ], [ -79.270796, 43.713852 ], [ -79.270884, 43.71405 ], [ -79.270898, 43.714084 ], [ -79.270871, 43.714103 ], [ -79.270814, 43.714133 ], [ -79.270749, 43.714153 ], [ -79.270535, 43.714205 ], [ -79.270532, 43.714182 ] ] } },
{ "type": "Feature", "properties": { "route": 10.0, "segment": 2, "leg": 1.0, "leg_segment": 2, "mode": "BUS", "route_short_name": "102", "note": "", "from_library": "Albert Campbell", "to_library": "Cliffcrest", "segment_depart": "09:17:00", "segment_arrive": "09:31:00", "wait_min": 1.6, "duration_min": 14.3, "distance_m": 3335.0 }, "geometry": { "type": "LineString", "coordinates": [ [ -79.270547, 43.714293 ], [ -79.268926, 43.714707 ], [ -79.266848, 43.715221 ], [ -79.266848, 43.715221 ], [ -79.266724, 43.715252 ], [ -79.265704, 43.715511 ], [ -79.264703, 43.715779 ], [ -79.263806, 43.715965 ], [ -79.263806, 43.715965 ], [ -79.263677, 43.715992 ], [ -79.262658, 43.716224 ], [ -79.261569, 43.716465 ], [ -79.261569, 43.716465 ], [ -79.261322, 43.716519 ], [ -79.260272, 43.716757 ], [ -79.260272, 43.716757 ], [ -79.259908, 43.71684 ], [ -79.259359, 43.716965 ], [ -79.256146, 43.717675 ], [ -79.256146, 43.717675 ], [ -79.255769, 43.717758 ], [ -79.254765, 43.717972 ], [ -79.254461, 43.718039 ], [ -79.254321, 43.71807 ], [ -79.254263, 43.718081 ], [ -79.253857, 43.718159 ], [ -79.253615, 43.718222 ], [ -79.253029, 43.718346 ], [ -79.252455, 43.71848 ], [ -79.251609, 43.718681 ], [ -79.251609, 43.718681 ], [ -79.251287, 43.718757 ], [ -79.249165, 43.719184 ], [ -79.247675, 43.719503 ], [ -79.247675, 43.719503 ], [ -79.247539, 43.719532 ], [ -79.247073, 43.71963 ], [ -79.245806, 43.719924 ], [ -79.244724, 43.720162 ], [ -79.244724, 43.720162 ], [ -79.244591, 43.720191 ], [ -79.241612, 43.72083 ], [ -79.241612, 43.72083 ], [ -79.241437, 43.720868 ], [ -79.239278, 43.721332 ], [ -79.239278, 43.721332 ], [ -79.239156, 43.721358 ], [ -79.236842, 43.721849 ], [ -79.236842, 43.721849 ], [ -79.236007, 43.722026 ], [ -79.23519, 43.722708 ], [ -79.234285, 43.723497 ], [ -79.234285, 43.723497 ], [ -79.234232, 43.723543 ], [ -79.233293, 43.724378 ], [ -79.232573, 43.725 ] ] } },
{ "type": "Feature", "properties": { "route": 10.0, "segment": 3, "leg": 1.0, "leg_segment": 3, "mode": "WALK", "route_short_name": "", "note": "arrive Cliffcrest", "from_library": "Albert Campbell", "to_library": "Cliffcrest", "segment_depart": "09:31:00", "segment_arrive": "09:32:00", "wait_min": 0.0, "duration_min": 1.6, "distance_m": 95.0 }, "geometry": { "type": "LineString", "coordinates": [ [ -79.232508, 43.724857 ], [ -79.23249, 43.724879 ], [ -79.232385, 43.72497 ], [ -79.232298, 43.725046 ], [ -79.232257, 43.72509 ], [ -79.231831, 43.725455 ], [ -79.231757, 43.725514 ] ] } },
{ "type": "Feature", "properties": { "route": 10.0, "segment": 4, "leg": 2.0, "leg_segment": 1, "mode": "WALK", "route_short_name": "", "note": "start Cliffcrest", "from_library": "Cliffcrest", "to_library": "Guildwood", "segment_depart": "10:04:00", "segment_arrive": "10:09:00", "wait_min": 0.0, "duration_min": 4.3, "distance_m": 186.0 }, "geometry": { "type": "LineString", "coordinates": [ [ -79.231042, 43.726151 ], [ -79.23158, 43.725674 ], [ -79.231757, 43.725514 ], [ -79.231831, 43.725455 ], [ -79.232257, 43.72509 ], [ -79.232298, 43.725046 ], [ -79.232385, 43.72497 ], [ -79.23249, 43.724879 ], [ -79.232508, 43.724857 ] ] } },
{ "type": "Feature", "properties": { "route": 10.0, "segment": 5, "leg": 2.0, "leg_segment": 2, "mode": "BUS", "route_short_name": "12", "note": "", "from_library": "Cliffcrest", "to_library": "Guildwood", "segment_depart": "10:10:00", "segment_arrive": "10:17:00", "wait_min": 1.1, "duration_min": 7.7, "distance_m": 2666.0 }, "geometry": { "type": "LineString", "coordinates": [ [ -79.232579, 43.725013 ], [ -79.232433, 43.725139 ], [ -79.230761, 43.726575 ], [ -79.229897, 43.72732 ], [ -79.229776, 43.727416 ], [ -79.229776, 43.727416 ], [ -79.229716, 43.727464 ], [ -79.229121, 43.727984 ], [ -79.228361, 43.728658 ], [ -79.228255, 43.728757 ], [ -79.22793, 43.729039 ], [ -79.22793, 43.729039 ], [ -79.226794, 43.730022 ], [ -79.226594, 43.730175 ], [ -79.226519, 43.730246 ], [ -79.226519, 43.730246 ], [ -79.226461, 43.730301 ], [ -79.226175, 43.730543 ], [ -79.225387, 43.731297 ], [ -79.224881, 43.731769 ], [ -79.224881, 43.731769 ], [ -79.224569, 43.73206 ], [ -79.224292, 43.732304 ], [ -79.224255, 43.732336 ], [ -79.22421, 43.732376 ], [ -79.222119, 43.734215 ], [ -79.221977, 43.73435 ], [ -79.221856, 43.734457 ], [ -79.221856, 43.734457 ], [ -79.221274, 43.734973 ], [ -79.220734, 43.735454 ], [ -79.220409, 43.735751 ], [ -79.220409, 43.735751 ], [ -79.220204, 43.735939 ], [ -79.219491, 43.736603 ], [ -79.218581, 43.73742 ], [ -79.218327, 43.737642 ], [ -79.217388, 43.738466 ], [ -79.217388, 43.738466 ], [ -79.217035, 43.738776 ], [ -79.215581, 43.740131 ], [ -79.215506, 43.740201 ], [ -79.214469, 43.741154 ], [ -79.213392, 43.742141 ], [ -79.212067, 43.743354 ], [ -79.211716, 43.743673 ] ] } },
{ "type": "Feature", "properties": { "route": 10.0, "segment": 6, "leg": 2.0, "leg_segment": 3, "mode": "WALK", "route_short_name": "", "note": "", "from_library": "Cliffcrest", "to_library": "Guildwood", "segment_depart": "10:17:00", "segment_arrive": "10:18:00", "wait_min": 0.0, "duration_min": 1.0, "distance_m": 56.0 }, "geometry": { "type": "LineString", "coordinates": [ [ -79.211648, 43.74353 ], [ -79.211645, 43.743524 ], [ -79.211603, 43.743563 ], [ -79.211628, 43.743577 ], [ -79.211687, 43.743612 ], [ -79.211744, 43.743645 ], [ -79.211785, 43.743669 ], [ -79.211846, 43.743693 ], [ -79.211962, 43.743737 ], [ -79.211984, 43.743744 ], [ -79.212136, 43.743788 ] ] } },
{ "type": "Feature", "properties": { "route": 10.0, "segment": 7, "leg": 2.0, "leg_segment": 4, "mode": "BUS", "route_short_name": "116", "note": "", "from_library": "Cliffcrest", "to_library": "Guildwood", "segment_depart": "10:21:00", "segment_arrive": "10:25:00", "wait_min": 2.7, "duration_min": 4.1, "distance_m": 1578.0 }, "geometry": { "type": "LineString", "coordinates": [ [ -79.212121, 43.743882 ], [ -79.212019, 43.74385 ], [ -79.211651, 43.743714 ], [ -79.210992, 43.744307 ], [ -79.210703, 43.744585 ], [ -79.210279, 43.745007 ], [ -79.209337, 43.745995 ], [ -79.209056, 43.746301 ], [ -79.209056, 43.746301 ], [ -79.208118, 43.747321 ], [ -79.207628, 43.747854 ], [ -79.205944, 43.749649 ], [ -79.205487, 43.749405 ], [ -79.205424, 43.749378 ], [ -79.205424, 43.749378 ], [ -79.205341, 43.749342 ], [ -79.20524, 43.749288 ], [ -79.205133, 43.749233 ], [ -79.205064, 43.749188 ], [ -79.205012, 43.749152 ], [ -79.204949, 43.749107 ], [ -79.204892, 43.749035 ], [ -79.204841, 43.748963 ], [ -79.2048, 43.748908 ], [ -79.204766, 43.748836 ], [ -79.204757, 43.748803 ], [ -79.204747, 43.748764 ], [ -79.204725, 43.748719 ], [ -79.204704, 43.748647 ], [ -79.204693, 43.748571 ], [ -79.204677, 43.748521 ], [ -79.204667, 43.748449 ], [ -79.204656, 43.748377 ], [ -79.204616, 43.748188 ], [ -79.204551, 43.747783 ], [ -79.204516, 43.747657 ], [ -79.204515, 43.747558 ], [ -79.204505, 43.747485 ], [ -79.204503, 43.747332 ], [ -79.204497, 43.747188 ], [ -79.204505, 43.747071 ], [ -79.204511, 43.746999 ], [ -79.204508, 43.746927 ], [ -79.204502, 43.746828 ], [ -79.204492, 43.74672 ], [ -79.204443, 43.746603 ], [ -79.204403, 43.746531 ], [ -79.204356, 43.746459 ], [ -79.204311, 43.746423 ], [ -79.204257, 43.746369 ], [ -79.204189, 43.746315 ], [ -79.204136, 43.746287 ], [ -79.204061, 43.746242 ], [ -79.203974, 43.746197 ], [ -79.203885, 43.74617 ], [ -79.203789, 43.746142 ], [ -79.203699, 43.746115 ], [ -79.203582, 43.746079 ], [ -79.203455, 43.74607 ], [ -79.203311, 43.746069 ], [ -79.203214, 43.74606 ], [ -79.203109, 43.746078 ], [ -79.202985, 43.746095 ], [ -79.202871, 43.746131 ], [ -79.202757, 43.746185 ], [ -79.202663, 43.74623 ], [ -79.202575, 43.746292 ], [ -79.202499, 43.746337 ], [ -79.202434, 43.7464 ], [ -79.202327, 43.746463 ], [ -79.202258, 43.746526 ], [ -79.202198, 43.74657 ], [ -79.202127, 43.746615 ], [ -79.202031, 43.746678 ], [ -79.201948, 43.746732 ], [ -79.201865, 43.746768 ], [ -79.201783, 43.74683 ], [ -79.201714, 43.746875 ], [ -79.201638, 43.746911 ], [ -79.201561, 43.746947 ], [ -79.201456, 43.746992 ], [ -79.201384, 43.747018 ], [ -79.201306, 43.747054 ], [ -79.201213, 43.747072 ], [ -79.20092, 43.747135 ] ] } },
{ "type": "Feature", "properties": { "route": 10.0, "segment": 8, "leg": 2.0, "leg_segment": 5, "mode": "WALK", "route_short_name": "", "note": "arrive Guildwood", "from_library": "Cliffcrest", "to_library": "Guildwood", "segment_depart": "10:25:00", "segment_arrive": "10:26:00", "wait_min": 0.0, "duration_min": 1.1, "distance_m": 66.0 }, "geometry": { "type": "LineString", "coordinates": [ [ -79.200909, 43.747041 ], [ -79.20091, 43.747047 ], [ -79.200366, 43.747165 ], [ -79.200324, 43.747065 ], [ -79.200222, 43.747088 ] ] } },
{ "type": "Feature", "properties": { "route": 10.0, "segment": 9, "leg": 3.0, "leg_segment": 1, "mode": "WALK", "route_short_name": "", "note": "start Guildwood", "from_library": "Guildwood", "to_library": "Highland Creek", "segment_depart": "10:54:00", "segment_arrive": "10:56:00", "wait_min": 0.0, "duration_min": 1.7, "distance_m": 159.0 }, "geometry": { "type": "LineString", "coordinates": [ [ -79.200222, 43.747088 ], [ -79.199425, 43.747247 ], [ -79.199321, 43.746975 ], [ -79.199195, 43.747007 ], [ -79.199336, 43.747343 ], [ -79.199343, 43.747388 ], [ -79.199381, 43.747381 ], [ -79.199399, 43.74735 ] ] } },
{ "type": "Feature", "properties": { "route": 10.0, "segment": 10, "leg": 3.0, "leg_segment": 2, "mode": "BUS", "route_short_name": "116", "note": "", "from_library": "Guildwood", "to_library": "Highland Creek", "segment_depart": "10:58:00", "segment_arrive": "11:12:00", "wait_min": 1.5, "duration_min": 14.9, "distance_m": 5434.0 }, "geometry": { "type": "LineString", "coordinates": [ [ -79.199411, 43.74746 ], [ -79.199229, 43.747499 ], [ -79.197795, 43.747837 ], [ -79.197083, 43.747989 ], [ -79.197083, 43.747989 ], [ -79.196456, 43.748122 ], [ -79.195816, 43.748273 ], [ -79.193523, 43.748768 ], [ -79.193523, 43.748768 ], [ -79.190465, 43.749429 ], [ -79.189567, 43.749624 ], [ -79.189567, 43.749624 ], [ -79.189398, 43.74966 ], [ -79.187307, 43.750113 ], [ -79.186327, 43.750341 ], [ -79.186327, 43.750341 ], [ -79.186238, 43.750362 ], [ -79.184489, 43.750754 ], [ -79.18431, 43.750789 ], [ -79.184128, 43.750843 ], [ -79.18392, 43.750896 ], [ -79.183751, 43.75095 ], [ -79.18356, 43.751003 ], [ -79.183428, 43.751039 ], [ -79.183318, 43.751092 ], [ -79.183221, 43.751128 ], [ -79.18311, 43.751177 ], [ -79.18311, 43.751177 ], [ -79.183098, 43.751182 ], [ -79.18294, 43.751235 ], [ -79.182779, 43.751307 ], [ -79.182644, 43.751388 ], [ -79.18253, 43.751441 ], [ -79.18236, 43.751549 ], [ -79.182176, 43.751665 ], [ -79.181959, 43.751791 ], [ -79.181784, 43.751916 ], [ -79.181601, 43.752024 ], [ -79.181426, 43.75214 ], [ -79.180617, 43.752651 ], [ -79.179945, 43.753063 ], [ -79.17977, 43.753198 ], [ -79.179868, 43.753414 ], [ -79.179868, 43.753414 ], [ -79.180393, 43.754575 ], [ -79.180393, 43.754575 ], [ -79.180483, 43.754775 ], [ -79.181178, 43.756379 ], [ -79.181906, 43.758076 ], [ -79.181913, 43.758091 ], [ -79.182734, 43.759958 ], [ -79.182734, 43.759958 ], [ -79.182789, 43.760083 ], [ -79.183092, 43.760804 ], [ -79.183598, 43.761904 ], [ -79.183677, 43.762093 ], [ -79.183677, 43.762093 ], [ -79.184307, 43.763589 ], [ -79.184808, 43.764721 ], [ -79.184808, 43.764721 ], [ -79.184869, 43.764859 ], [ -79.185315, 43.765833 ], [ -79.185575, 43.766433 ], [ -79.185575, 43.766433 ], [ -79.185647, 43.766599 ], [ -79.18591, 43.767239 ], [ -79.18599, 43.767446 ], [ -79.186051, 43.767644 ], [ -79.186081, 43.767788 ], [ -79.186127, 43.767959 ], [ -79.18614, 43.768085 ], [ -79.186159, 43.76817 ], [ -79.186159, 43.76817 ], [ -79.18617, 43.76822 ], [ -79.186213, 43.768401 ], [ -79.186218, 43.768575 ], [ -79.186233, 43.768716 ], [ -79.186256, 43.768882 ], [ -79.186293, 43.769075 ], [ -79.186323, 43.769232 ], [ -79.186372, 43.769364 ], [ -79.186442, 43.769537 ], [ -79.186518, 43.769752 ], [ -79.186576, 43.769888 ], [ -79.186576, 43.769888 ], [ -79.186587, 43.769915 ], [ -79.186646, 43.770063 ], [ -79.186721, 43.770216 ], [ -79.186774, 43.770343 ], [ -79.186799, 43.770452 ], [ -79.186854, 43.770604 ], [ -79.187112, 43.771194 ], [ -79.187112, 43.771194 ], [ -79.187592, 43.772295 ], [ -79.187592, 43.772295 ], [ -79.187766, 43.772693 ], [ -79.188414, 43.774192 ], [ -79.188644, 43.77473 ], [ -79.188932, 43.775377 ], [ -79.188932, 43.775377 ], [ -79.189113, 43.775782 ], [ -79.189182, 43.775883 ], [ -79.189292, 43.776041 ], [ -79.189377, 43.776188 ], [ -79.189441, 43.776331 ], [ -79.189506, 43.776439 ], [ -79.189572, 43.776563 ], [ -79.18964, 43.776702 ], [ -79.189711, 43.776823 ], [ -79.189785, 43.776971 ], [ -79.189854, 43.777093 ], [ -79.189946, 43.777309 ], [ -79.1906, 43.778842 ], [ -79.190665, 43.778993 ], [ -79.191434, 43.780814 ], [ -79.191434, 43.780814 ], [ -79.192176, 43.782568 ], [ -79.193228, 43.785092 ] ] } },
{ "type": "Feature", "properties": { "route": 10.0, "segment": 11, "leg": 3.0, "leg_segment": 3, "mode": "WALK", "route_short_name": "", "note": "", "from_library": "Guildwood", "to_library": "Highland Creek", "segment_depart": "11:12:00", "segment_arrive": "11:13:00", "wait_min": 0.0, "duration_min": 1.0, "distance_m": 38.0 }, "geometry": { "type": "LineString", "coordinates": [ [ -79.193228, 43.785092 ], [ -79.193636, 43.78526 ] ] } },
{ "type": "Feature", "properties": { "route": 10.0, "segment": 12, "leg": 3.0, "leg_segment": 4, "mode": "BUS", "route_short_name": "95", "note": "", "from_library": "Guildwood", "to_library": "Highland Creek", "segment_depart": "11:15:00", "segment_arrive": "11:19:00", "wait_min": 2.0, "duration_min": 3.6, "distance_m": 1505.0 }, "geometry": { "type": "LineString", "coordinates": [ [ -79.193636, 43.78526 ], [ -79.193329, 43.785336 ], [ -79.190768, 43.785947 ], [ -79.188435, 43.786536 ], [ -79.188435, 43.786536 ], [ -79.188298, 43.786571 ], [ -79.185313, 43.787336 ], [ -79.184981, 43.787418 ], [ -79.183525, 43.787775 ], [ -79.183525, 43.787775 ], [ -79.183244, 43.787844 ], [ -79.181611, 43.788208 ], [ -79.180909, 43.788387 ], [ -79.180909, 43.788387 ], [ -79.180667, 43.788449 ], [ -79.179811, 43.788635 ], [ -79.17915, 43.788786 ], [ -79.17915, 43.788786 ], [ -79.178497, 43.788936 ], [ -79.177828, 43.789089 ], [ -79.177773, 43.789102 ], [ -79.177735, 43.789111 ], [ -79.176723, 43.789347 ], [ -79.17584, 43.789543 ] ] } },
{ "type": "Feature", "properties": { "route": 10.0, "segment": 13, "leg": 3.0, "leg_segment": 5, "mode": "WALK", "route_short_name": "", "note": "arrive Highland Creek", "from_library": "Guildwood", "to_library": "Highland Creek", "segment_depart": "11:19:00", "segment_arrive": "11:22:00", "wait_min": 0.0, "duration_min": 3.0, "distance_m": 175.0 }, "geometry": { "type": "LineString", "coordinates": [ [ -79.17583, 43.789459 ], [ -79.175828, 43.78944 ], [ -79.175624, 43.789485 ], [ -79.175589, 43.789493 ], [ -79.175517, 43.789509 ], [ -79.175569, 43.789607 ], [ -79.17663, 43.789368 ], [ -79.176735, 43.789344 ], [ -79.176799, 43.789503 ], [ -79.176749, 43.789515 ], [ -79.176699, 43.789526 ], [ -79.176578, 43.789553 ] ] } },
{ "type": "Feature", "properties": { "route": 10.0, "segment": 14, "leg": 4.0, "leg_segment": 1, "mode": "WALK", "route_short_name": "", "note": "start Highland Creek", "from_library": "Highland Creek", "to_library": "Port Union", "segment_depart": "11:44:00", "segment_arrive": "11:46:00", "wait_min": 0.0, "duration_min": 2.4, "distance_m": 165.0 }, "geometry": { "type": "LineString", "coordinates": [ [ -79.174696, 43.789982 ], [ -79.176578, 43.789553 ], [ -79.176571, 43.78949 ] ] } },
{ "type": "Feature", "properties": { "route": 10.0, "segment": 15, "leg": 4.0, "leg_segment": 2, "mode": "BUS", "route_short_name": "95", "note": "", "from_library": "Highland Creek", "to_library": "Port Union", "segment_depart": "11:48:00", "segment_arrive": "11:52:00", "wait_min": 1.3, "duration_min": 4.3, "distance_m": 1576.0 }, "geometry": { "type": "LineString", "coordinates": [ [ -79.176559, 43.789383 ], [ -79.176723, 43.789347 ], [ -79.177735, 43.789111 ], [ -79.177773, 43.789102 ], [ -79.177828, 43.789089 ], [ -79.178497, 43.788936 ], [ -79.178796, 43.788867 ], [ -79.178796, 43.788867 ], [ -79.179811, 43.788635 ], [ -79.180512, 43.788483 ], [ -79.180512, 43.788483 ], [ -79.180667, 43.788449 ], [ -79.181611, 43.788208 ], [ -79.182959, 43.787907 ], [ -79.182959, 43.787907 ], [ -79.183244, 43.787844 ], [ -79.184981, 43.787418 ], [ -79.185313, 43.787336 ], [ -79.188156, 43.786607 ], [ -79.188156, 43.786607 ], [ -79.188298, 43.786571 ], [ -79.189012, 43.786391 ], [ -79.189012, 43.786391 ], [ -79.190768, 43.785947 ], [ -79.193112, 43.785388 ], [ -79.193112, 43.785388 ], [ -79.193329, 43.785336 ], [ -79.195178, 43.784882 ] ] } },
{ "type": "Feature", "properties": { "route": 10.0, "segment": 16, "leg": 4.0, "leg_segment": 3, "mode": "WALK", "route_short_name": "", "note": "", "from_library": "Highland Creek", "to_library": "Port Union", "segment_depart": "11:52:00", "segment_arrive": "11:54:00", "wait_min": 0.0, "duration_min": 2.4, "distance_m": 171.0 }, "geometry": { "type": "LineString", "coordinates": [ [ -79.195193, 43.785001 ], [ -79.195198, 43.785041 ], [ -79.19401, 43.785317 ], [ -79.193605, 43.785412 ], [ -79.193714, 43.785687 ] ] } },
{ "type": "Feature", "properties": { "route": 10.0, "segment": 17, "leg": 4.0, "leg_segment": 4, "mode": "BUS", "route_short_name": "905", "note": "", "from_library": "Highland Creek", "to_library": "Port Union", "segment_depart": "11:55:00", "segment_arrive": "12:03:00", "wait_min": 1.1, "duration_min": 7.3, "distance_m": 2266.0 }, "geometry": { "type": "LineString", "coordinates": [ [ -79.193474, 43.785578 ], [ -79.193445, 43.785515 ], [ -79.193329, 43.785336 ], [ -79.192176, 43.782568 ], [ -79.190665, 43.778993 ], [ -79.1906, 43.778842 ], [ -79.189946, 43.777309 ], [ -79.189854, 43.777093 ], [ -79.189785, 43.776971 ], [ -79.189711, 43.776823 ], [ -79.18964, 43.776702 ], [ -79.189572, 43.776563 ], [ -79.189506, 43.776439 ], [ -79.189441, 43.776331 ], [ -79.189377, 43.776188 ], [ -79.189348, 43.776137 ], [ -79.189348, 43.776137 ], [ -79.189292, 43.776041 ], [ -79.189182, 43.775883 ], [ -79.189113, 43.775782 ], [ -79.188644, 43.77473 ], [ -79.188414, 43.774192 ], [ -79.187766, 43.772693 ], [ -79.18695, 43.770824 ], [ -79.18695, 43.770824 ], [ -79.186854, 43.770604 ], [ -79.188807, 43.768499 ], [ -79.189597, 43.767645 ], [ -79.189794, 43.767402 ], [ -79.190013, 43.767151 ], [ -79.190406, 43.76671 ] ] } },
{ "type": "Feature", "properties": { "route": 10.0, "segment": 18, "leg": 4.0, "leg_segment": 5, "mode": "WALK", "route_short_name": "", "note": "", "from_library": "Highland Creek", "to_library": "Port Union", "segment_depart": "12:03:00", "segment_arrive": "12:04:00", "wait_min": 0.0, "duration_min": 1.2, "distance_m": 85.0 }, "geometry": { "type": "LineString", "coordinates": [ [ -79.190515, 43.766896 ], [ -79.190522, 43.766908 ], [ -79.190176, 43.76727 ], [ -79.190096, 43.767383 ], [ -79.190073, 43.767411 ], [ -79.190101, 43.767419 ], [ -79.189995, 43.767524 ] ] } },
{ "type": "Feature", "properties": { "route": 10.0, "segment": 19, "leg": 4.0, "leg_segment": 6, "mode": "BUS", "route_short_name": "54", "note": "", "from_library": "Highland Creek", "to_library": "Port Union", "segment_depart": "12:09:00", "segment_arrive": "12:21:00", "wait_min": 5.4, "duration_min": 11.9, "distance_m": 4130.0 }, "geometry": { "type": "LineString", "coordinates": [ [ -79.190139, 43.767532 ], [ -79.189609, 43.767653 ], [ -79.18837, 43.767929 ], [ -79.18656, 43.768333 ], [ -79.18656, 43.768333 ], [ -79.186225, 43.768408 ], [ -79.184668, 43.768755 ], [ -79.182947, 43.769148 ], [ -79.182947, 43.769148 ], [ -79.182836, 43.769173 ], [ -79.180977, 43.769582 ], [ -79.180345, 43.769723 ], [ -79.180345, 43.769723 ], [ -79.18018, 43.76976 ], [ -79.179892, 43.76984 ], [ -79.178681, 43.770107 ], [ -79.177494, 43.770383 ], [ -79.176279, 43.770649 ], [ -79.175859, 43.77074 ], [ -79.175859, 43.77074 ], [ -79.175082, 43.770907 ], [ -79.174173, 43.771102 ], [ -79.173923, 43.771156 ], [ -79.172558, 43.771469 ], [ -79.172558, 43.771469 ], [ -79.172258, 43.771538 ], [ -79.171761, 43.771652 ], [ -79.171577, 43.771693 ], [ -79.170703, 43.771893 ], [ -79.170703, 43.771893 ], [ -79.170581, 43.771921 ], [ -79.169043, 43.772267 ], [ -79.169043, 43.772267 ], [ -79.168882, 43.772303 ], [ -79.167212, 43.772685 ], [ -79.166661, 43.772808 ], [ -79.166661, 43.772808 ], [ -79.166336, 43.77288 ], [ -79.165493, 43.773058 ], [ -79.163914, 43.773422 ], [ -79.163366, 43.773545 ], [ -79.162282, 43.773787 ], [ -79.162003, 43.773846 ], [ -79.162003, 43.773846 ], [ -79.161785, 43.773893 ], [ -79.160321, 43.774231 ], [ -79.159054, 43.774524 ], [ -79.157889, 43.774782 ], [ -79.157525, 43.774862 ], [ -79.156389, 43.775138 ], [ -79.156059, 43.775215 ], [ -79.156059, 43.775215 ], [ -79.155441, 43.77536 ], [ -79.153002, 43.775914 ], [ -79.153002, 43.775914 ], [ -79.152761, 43.775969 ], [ -79.150685, 43.776429 ], [ -79.150685, 43.776429 ], [ -79.150541, 43.776461 ], [ -79.149131, 43.776769 ], [ -79.148165, 43.776994 ], [ -79.146563, 43.777358 ], [ -79.146059, 43.777471 ], [ -79.146059, 43.777471 ], [ -79.143467, 43.778053 ], [ -79.141011, 43.778603 ] ] } },
{ "type": "Feature", "properties": { "route": 10.0, "segment": 20, "leg": 4.0, "leg_segment": 7, "mode": "WALK", "route_short_name": "", "note": "arrive Port Union", "from_library": "Highland Creek", "to_library": "Port Union", "segment_depart": "12:21:00", "segment_arrive": "12:24:00", "wait_min": 0.0, "duration_min": 2.9, "distance_m": 166.0 }, "geometry": { "type": "LineString", "coordinates": [ [ -79.140996, 43.778477 ], [ -79.140994, 43.778461 ], [ -79.140905, 43.77848 ], [ -79.140909, 43.77849 ], [ -79.140935, 43.77857 ], [ -79.140972, 43.778667 ], [ -79.14099, 43.778714 ], [ -79.14099, 43.778765 ], [ -79.140956, 43.778774 ], [ -79.14089, 43.778787 ], [ -79.140988, 43.779047 ], [ -79.141134, 43.779369 ], [ -79.141033, 43.779392 ], [ -79.140593, 43.779565 ] ] } },
{ "type": "Feature", "properties": { "route": 10.0, "segment": 21, "leg": 5.0, "leg_segment": 1, "mode": "WALK", "route_short_name": "", "note": "start Port Union", "from_library": "Port Union", "to_library": "Morningside", "segment_depart": "12:59:00", "segment_arrive": "13:02:00", "wait_min": 0.0, "duration_min": 3.4, "distance_m": 220.0 }, "geometry": { "type": "LineString", "coordinates": [ [ -79.140535, 43.779707 ], [ -79.140523, 43.779713 ], [ -79.140476, 43.779721 ], [ -79.140428, 43.779719 ], [ -79.140384, 43.779705 ], [ -79.140348, 43.779682 ], [ -79.140324, 43.779651 ], [ -79.140316, 43.779617 ], [ -79.140323, 43.779582 ], [ -79.140346, 43.779551 ], [ -79.140382, 43.779527 ], [ -79.140426, 43.779512 ], [ -79.140475, 43.779509 ], [ -79.140522, 43.779518 ], [ -79.140563, 43.779537 ], [ -79.140593, 43.779565 ], [ -79.141033, 43.779392 ], [ -79.140792, 43.778811 ], [ -79.140825, 43.778803 ], [ -79.14089, 43.778787 ], [ -79.140956, 43.778774 ], [ -79.14099, 43.778765 ], [ -79.14099, 43.778714 ], [ -79.140972, 43.778667 ], [ -79.141237, 43.778607 ], [ -79.141305, 43.778635 ] ] } },
{ "type": "Feature", "properties": { "route": 10.0, "segment": 22, "leg": 5.0, "leg_segment": 2, "mode": "BUS", "route_short_name": "54", "note": "", "from_library": "Port Union", "to_library": "Morningside", "segment_depart": "13:04:00", "segment_arrive": "13:11:00", "wait_min": 2.0, "duration_min": 6.4, "distance_m": 2997.0 }, "geometry": { "type": "LineString", "coordinates": [ [ -79.141294, 43.778539 ], [ -79.143467, 43.778053 ], [ -79.145958, 43.777494 ], [ -79.145958, 43.777494 ], [ -79.146563, 43.777358 ], [ -79.148165, 43.776994 ], [ -79.149131, 43.776769 ], [ -79.150541, 43.776461 ], [ -79.150909, 43.77638 ], [ -79.150909, 43.77638 ], [ -79.152538, 43.776018 ], [ -79.152538, 43.776018 ], [ -79.152761, 43.775969 ], [ -79.155441, 43.77536 ], [ -79.15599, 43.775231 ], [ -79.15599, 43.775231 ], [ -79.156389, 43.775138 ], [ -79.157525, 43.774862 ], [ -79.157889, 43.774782 ], [ -79.159054, 43.774524 ], [ -79.160321, 43.774231 ], [ -79.161785, 43.773893 ], [ -79.162153, 43.773815 ], [ -79.162153, 43.773815 ], [ -79.162282, 43.773787 ], [ -79.163366, 43.773545 ], [ -79.163914, 43.773422 ], [ -79.165493, 43.773058 ], [ -79.166029, 43.772945 ], [ -79.166029, 43.772945 ], [ -79.166336, 43.77288 ], [ -79.167212, 43.772685 ], [ -79.168763, 43.77233 ], [ -79.168763, 43.77233 ], [ -79.168882, 43.772303 ], [ -79.170581, 43.771921 ], [ -79.171577, 43.771693 ], [ -79.171586, 43.771691 ], [ -79.171586, 43.771691 ], [ -79.171761, 43.771652 ], [ -79.172258, 43.771538 ], [ -79.173923, 43.771156 ], [ -79.174173, 43.771102 ], [ -79.175082, 43.770907 ], [ -79.176279, 43.770649 ], [ -79.176946, 43.770503 ] ] } },
{ "type": "Feature", "properties": { "route": 10.0, "segment": 23, "leg": 5.0, "leg_segment": 3, "mode": "WALK", "route_short_name": "", "note": "arrive Morningside", "from_library": "Port Union", "to_library": "Morningside", "segment_depart": "13:11:00", "segment_arrive": "13:13:00", "wait_min": 0.0, "duration_min": 2.7, "distance_m": 158.0 }, "geometry": { "type": "LineString", "coordinates": [ [ -79.176953, 43.770564 ], [ -79.176957, 43.770595 ], [ -79.177464, 43.770481 ], [ -79.177549, 43.770463 ], [ -79.17751, 43.770366 ], [ -79.178127, 43.770226 ], [ -79.178085, 43.770124 ], [ -79.178357, 43.770066 ], [ -79.178331, 43.770009 ] ] } },
{ "type": "Feature", "properties": { "route": 10.0, "segment": 24, "leg": 6.0, "leg_segment": 1, "mode": "WALK", "route_short_name": "", "note": "start Morningside", "from_library": "Morningside", "to_library": "Cedarbrae", "segment_depart": "13:34:00", "segment_arrive": "13:37:00", "wait_min": 0.0, "duration_min": 3.0, "distance_m": 188.0 }, "geometry": { "type": "LineString", "coordinates": [ [ -79.178666, 43.7699 ], [ -79.17862, 43.769914 ], [ -79.178556, 43.769951 ], [ -79.17849, 43.769972 ], [ -79.178423, 43.769973 ], [ -79.178391, 43.769982 ], [ -79.178331, 43.770009 ], [ -79.178357, 43.770066 ], [ -79.178085, 43.770124 ], [ -79.178127, 43.770226 ], [ -79.17751, 43.770366 ], [ -79.177549, 43.770463 ], [ -79.177464, 43.770481 ], [ -79.176957, 43.770595 ], [ -79.176953, 43.770564 ] ] } },
{ "type": "Feature", "properties": { "route": 10.0, "segment": 25, "leg": 6.0, "leg_segment": 2, "mode": "BUS", "route_short_name": "54", "note": "", "from_library": "Morningside", "to_library": "Cedarbrae", "segment_depart": "13:39:00", "segment_arrive": "13:51:00", "wait_min": 1.5, "duration_min": 12.6, "distance_m": 4036.0 }, "geometry": { "type": "LineString", "coordinates": [ [ -79.176946, 43.770503 ], [ -79.177494, 43.770383 ], [ -79.178681, 43.770107 ], [ -79.179764, 43.769868 ], [ -79.179764, 43.769868 ], [ -79.179892, 43.76984 ], [ -79.18018, 43.76976 ], [ -79.180977, 43.769582 ], [ -79.182708, 43.769201 ], [ -79.182708, 43.769201 ], [ -79.182836, 43.769173 ], [ -79.184668, 43.768755 ], [ -79.185852, 43.768491 ], [ -79.185852, 43.768491 ], [ -79.186225, 43.768408 ], [ -79.18837, 43.767929 ], [ -79.188863, 43.767819 ], [ -79.188863, 43.767819 ], [ -79.189609, 43.767653 ], [ -79.19066, 43.767412 ], [ -79.191693, 43.767204 ], [ -79.192764, 43.766967 ], [ -79.192764, 43.766967 ], [ -79.194893, 43.766495 ], [ -79.196303, 43.766179 ], [ -79.196303, 43.766179 ], [ -79.196434, 43.76615 ], [ -79.199472, 43.765447 ], [ -79.199849, 43.765362 ], [ -79.199849, 43.765362 ], [ -79.200216, 43.76528 ], [ -79.201592, 43.764973 ], [ -79.202059, 43.764868 ], [ -79.203554, 43.764528 ], [ -79.204859, 43.764231 ], [ -79.205241, 43.764141 ], [ -79.205241, 43.764141 ], [ -79.205628, 43.764049 ], [ -79.207094, 43.76372 ], [ -79.208844, 43.763346 ], [ -79.210912, 43.762896 ], [ -79.210912, 43.762896 ], [ -79.21105, 43.762866 ], [ -79.213934, 43.762255 ], [ -79.215516, 43.76192 ], [ -79.215516, 43.76192 ], [ -79.215838, 43.761852 ], [ -79.219661, 43.761029 ], [ -79.219661, 43.761029 ], [ -79.219768, 43.761006 ], [ -79.222828, 43.760345 ], [ -79.222828, 43.760345 ], [ -79.222982, 43.760312 ], [ -79.223847, 43.760131 ], [ -79.22503, 43.759884 ] ] } },
{ "type": "Feature", "properties": { "route": 10.0, "segment": 26, "leg": 6.0, "leg_segment": 3, "mode": "WALK", "route_short_name": "", "note": "arrive Cedarbrae", "from_library": "Morningside", "to_library": "Cedarbrae", "segment_depart": "13:51:00", "segment_arrive": "13:56:00", "wait_min": 0.0, "duration_min": 4.9, "distance_m": 288.0 }, "geometry": { "type": "LineString", "coordinates": [ [ -79.225042, 43.759995 ], [ -79.225045, 43.760022 ], [ -79.225145, 43.76 ], [ -79.225125, 43.759939 ], [ -79.225077, 43.759799 ], [ -79.225041, 43.759695 ], [ -79.225012, 43.759597 ], [ -79.224916, 43.759281 ], [ -79.224814, 43.758945 ], [ -79.224805, 43.758913 ], [ -79.224654, 43.758398 ], [ -79.224615, 43.758267 ], [ -79.224594, 43.758194 ], [ -79.224546, 43.758029 ], [ -79.22453, 43.757959 ], [ -79.224495, 43.757839 ], [ -79.224452, 43.75771 ], [ -79.224365, 43.757726 ], [ -79.224329, 43.757672 ], [ -79.224318, 43.757657 ] ] } },
{ "type": "Feature", "properties": { "route": 10.0, "segment": 27, "leg": 7.0, "leg_segment": 1, "mode": "WALK", "route_short_name": "", "note": "start Cedarbrae", "from_library": "Cedarbrae", "to_library": "Bendale", "segment_depart": "14:18:00", "segment_arrive": "14:24:00", "wait_min": 0.0, "duration_min": 5.4, "distance_m": 328.0 }, "geometry": { "type": "LineString", "coordinates": [ [ -79.224462, 43.757521 ], [ -79.224365, 43.757544 ], [ -79.22432, 43.7575 ], [ -79.22422, 43.757516 ], [ -79.224318, 43.757657 ], [ -79.224329, 43.757672 ], [ -79.224365, 43.757726 ], [ -79.224452, 43.75771 ], [ -79.224495, 43.757839 ], [ -79.22453, 43.757959 ], [ -79.224546, 43.758029 ], [ -79.224594, 43.758194 ], [ -79.224615, 43.758267 ], [ -79.224654, 43.758398 ], [ -79.224805, 43.758913 ], [ -79.224814, 43.758945 ], [ -79.224916, 43.759281 ], [ -79.225012, 43.759597 ], [ -79.225041, 43.759695 ], [ -79.225077, 43.759799 ], [ -79.225125, 43.759939 ], [ -79.225145, 43.76 ], [ -79.225045, 43.760022 ], [ -79.225042, 43.759995 ] ] } },
{ "type": "Feature", "properties": { "route": 10.0, "segment": 28, "leg": 7.0, "leg_segment": 2, "mode": "BUS", "route_short_name": "54", "note": "", "from_library": "Cedarbrae", "to_library": "Bendale", "segment_depart": "14:25:00", "segment_arrive": "14:33:00", "wait_min": 1.8, "duration_min": 7.4, "distance_m": 1807.0 }, "geometry": { "type": "LineString", "coordinates": [ [ -79.225004, 43.759889 ], [ -79.225324, 43.759822 ], [ -79.22583, 43.759706 ], [ -79.226979, 43.759466 ], [ -79.229224, 43.758994 ], [ -79.230262, 43.758772 ], [ -79.230813, 43.75866 ], [ -79.230813, 43.75866 ], [ -79.230923, 43.758638 ], [ -79.232817, 43.758239 ], [ -79.232817, 43.758239 ], [ -79.233077, 43.758184 ], [ -79.235267, 43.757721 ], [ -79.235707, 43.757628 ], [ -79.235707, 43.757628 ], [ -79.23806, 43.757129 ], [ -79.23806, 43.757129 ], [ -79.238246, 43.757089 ], [ -79.240188, 43.756661 ], [ -79.241319, 43.756416 ], [ -79.241319, 43.756416 ], [ -79.242208, 43.756224 ], [ -79.243121, 43.756026 ], [ -79.243232, 43.756002 ], [ -79.245422, 43.755548 ], [ -79.246595, 43.755298 ] ] } },
{ "type": "Feature", "properties": { "route": 10.0, "segment": 29, "leg": 7.0, "leg_segment": 3, "mode": "WALK", "route_short_name": "", "note": "arrive Bendale", "from_library": "Cedarbrae", "to_library": "Bendale", "segment_depart": "14:33:00", "segment_arrive": "14:42:00", "wait_min": 0.0, "duration_min": 8.9, "distance_m": 527.0 }, "geometry": { "type": "LineString", "coordinates": [ [ -79.246651, 43.755437 ], [ -79.246652, 43.755444 ], [ -79.246712, 43.75543 ], [ -79.246656, 43.755307 ], [ -79.246608, 43.755186 ], [ -79.246587, 43.755152 ], [ -79.24654, 43.755053 ], [ -79.246489, 43.754949 ], [ -79.246394, 43.754747 ], [ -79.246387, 43.75473 ], [ -79.246207, 43.754513 ], [ -79.246122, 43.754383 ], [ -79.246017, 43.754135 ], [ -79.245996, 43.754083 ], [ -79.245721, 43.753417 ], [ -79.244872, 43.753593 ], [ -79.244857, 43.753578 ], [ -79.244831, 43.753525 ], [ -79.244813, 43.753489 ], [ -79.244811, 43.753472 ], [ -79.244736, 43.753291 ], [ -79.244579, 43.75292 ], [ -79.244561, 43.752797 ], [ -79.24457, 43.752153 ], [ -79.244571, 43.752119 ], [ -79.244573, 43.752063 ], [ -79.244417, 43.75207 ], [ -79.244274, 43.752084 ], [ -79.244272, 43.752031 ], [ -79.244267, 43.751961 ] ] } },
{ "type": "Feature", "properties": { "route": 10.0, "segment": 30, "leg": 8.0, "leg_segment": 1, "mode": "WALK", "route_short_name": "", "note": "start Bendale", "from_library": "Bendale", "to_library": "Kennedy/Eglinton", "segment_depart": "15:10", "segment_arrive": "15:13", "wait_min": 0.0, "duration_min": 2.1, "distance_m": 197.0 }, "geometry": { "type": "LineString", "coordinates": [ [ -79.244267, 43.751961 ], [ -79.244278, 43.751059 ], [ -79.244281, 43.75085 ], [ -79.244287, 43.750447 ], [ -79.244343, 43.750442 ], [ -79.244429, 43.750465 ], [ -79.244578, 43.750504 ], [ -79.244527, 43.750508 ] ] } },
{ "type": "Feature", "properties": { "route": 10.0, "segment": 31, "leg": 8.0, "leg_segment": 2, "mode": "BUS", "route_short_name": "16", "note": "", "from_library": "Bendale", "to_library": "Kennedy/Eglinton", "segment_depart": "15:14", "segment_arrive": "15:19", "wait_min": 1.2, "duration_min": 5.7, "distance_m": 1493.0 }, "geometry": { "type": "LineString", "coordinates": [ [ -79.244425, 43.750507 ], [ -79.244426, 43.750396 ], [ -79.244414, 43.749967 ], [ -79.244457, 43.749535 ], [ -79.24447, 43.749104 ], [ -79.24451, 43.748561 ], [ -79.244532, 43.747913 ], [ -79.244532, 43.747913 ], [ -79.244536, 43.747808 ], [ -79.244576, 43.747195 ], [ -79.244554, 43.746777 ], [ -79.244546, 43.74636 ], [ -79.244567, 43.746095 ], [ -79.244567, 43.746095 ], [ -79.244577, 43.745977 ], [ -79.244589, 43.745768 ], [ -79.244667, 43.745007 ], [ -79.244708, 43.744781 ], [ -79.244747, 43.744348 ], [ -79.244788, 43.744161 ], [ -79.244891, 43.743696 ], [ -79.245039, 43.743253 ], [ -79.245039, 43.743253 ], [ -79.245049, 43.743223 ], [ -79.245155, 43.742833 ], [ -79.245304, 43.742267 ], [ -79.245357, 43.741948 ], [ -79.245417, 43.741465 ], [ -79.245459, 43.741094 ], [ -79.245498, 43.74072 ], [ -79.245498, 43.74072 ], [ -79.245524, 43.740474 ], [ -79.245528, 43.740032 ], [ -79.24552, 43.739915 ], [ -79.245516, 43.739703 ], [ -79.245522, 43.739602 ], [ -79.245521, 43.739563 ], [ -79.245521, 43.739563 ], [ -79.245517, 43.739448 ], [ -79.245497, 43.738932 ], [ -79.245584, 43.738379 ], [ -79.245725, 43.738084 ], [ -79.245835, 43.737855 ], [ -79.246001, 43.737496 ], [ -79.246087, 43.737296 ], [ -79.24612, 43.737191 ] ] } },
{ "type": "Feature", "properties": { "route": 10.0, "segment": 32, "leg": 8.0, "leg_segment": 3, "mode": "WALK", "route_short_name": "", "note": "", "from_library": "Bendale", "to_library": "Kennedy/Eglinton", "segment_depart": "15:19", "segment_arrive": "15:20", "wait_min": 0.0, "duration_min": 0.8, "distance_m": 45.0 }, "geometry": { "type": "LineString", "coordinates": [ [ -79.24626, 43.737276 ], [ -79.246259, 43.737262 ], [ -79.246181, 43.737276 ], [ -79.245997, 43.737309 ], [ -79.245965, 43.737327 ], [ -79.24593, 43.737346 ], [ -79.245882, 43.737373 ], [ -79.245807, 43.737357 ], [ -79.245758, 43.737365 ] ] } },
{ "type": "Feature", "properties": { "route": 10.0, "segment": 33, "leg": 8.0, "leg_segment": 4, "mode": "BUS", "route_short_name": "116", "note": "", "from_library": "Bendale", "to_library": "Kennedy/Eglinton", "segment_depart": "15:23", "segment_arrive": "15:28", "wait_min": 2.7, "duration_min": 4.7, "distance_m": 1808.0 }, "geometry": { "type": "LineString", "coordinates": [ [ -79.245738, 43.737181 ], [ -79.246152, 43.73709 ], [ -79.248072, 43.736689 ], [ -79.250212, 43.736217 ], [ -79.252039, 43.735843 ], [ -79.253069, 43.735601 ], [ -79.253069, 43.735601 ], [ -79.253178, 43.735575 ], [ -79.254355, 43.735334 ], [ -79.255597, 43.735067 ], [ -79.255953, 43.735001 ], [ -79.256028, 43.735001 ], [ -79.256214, 43.735064 ], [ -79.256576, 43.735073 ], [ -79.256875, 43.735064 ], [ -79.257773, 43.734868 ], [ -79.257988, 43.734781 ], [ -79.257988, 43.734781 ], [ -79.258172, 43.734707 ], [ -79.258322, 43.734555 ], [ -79.258496, 43.734456 ], [ -79.259159, 43.734301 ], [ -79.260176, 43.73406 ], [ -79.260931, 43.73389 ], [ -79.261771, 43.733685 ], [ -79.262363, 43.733542 ], [ -79.262958, 43.733405 ], [ -79.263113, 43.733369 ], [ -79.263278, 43.733328 ], [ -79.26465, 43.733005 ], [ -79.264831, 43.732962 ], [ -79.266048, 43.732668 ], [ -79.266104, 43.732812 ], [ -79.266102, 43.732848 ], [ -79.2661, 43.732893 ], [ -79.266087, 43.732938 ], [ -79.266057, 43.732983 ], [ -79.266024, 43.733028 ], [ -79.265996, 43.733055 ], [ -79.265965, 43.733072 ], [ -79.265929, 43.733081 ], [ -79.265884, 43.73309 ], [ -79.265651, 43.73309 ], [ -79.26557, 43.733081 ], [ -79.265477, 43.733081 ] ] } },
{ "type": "Feature", "properties": { "route": 10.0, "segment": 34, "leg": 8.0, "leg_segment": 5, "mode": "WALK", "route_short_name": "", "note": "arrive Kennedy/Eglinton", "from_library": "Bendale", "to_library": "Kennedy/Eglinton", "segment_depart": "15:28", "segment_arrive": "15:34", "wait_min": 0.0, "duration_min": 6.1, "distance_m": 357.0 }, "geometry": { "type": "LineString", "coordinates": [ [ -79.265477, 43.733029 ], [ -79.265486, 43.73305 ], [ -79.265681, 43.733047 ], [ -79.265956, 43.732895 ], [ -79.266004, 43.732872 ], [ -79.266051, 43.732845 ], [ -79.26621, 43.732811 ], [ -79.266243, 43.732811 ], [ -79.2663, 43.732812 ], [ -79.266594, 43.732737 ], [ -79.267743, 43.732468 ], [ -79.267802, 43.732459 ], [ -79.267835, 43.732462 ], [ -79.267858, 43.732469 ], [ -79.267976, 43.732441 ], [ -79.268126, 43.732405 ], [ -79.268228, 43.732383 ], [ -79.26828, 43.732406 ], [ -79.268294, 43.732393 ], [ -79.268317, 43.732379 ], [ -79.268367, 43.73236 ], [ -79.268488, 43.732331 ], [ -79.268872, 43.732239 ], [ -79.269012, 43.732205 ], [ -79.269187, 43.732164 ], [ -79.269427, 43.732107 ], [ -79.269489, 43.732231 ] ] } },
{ "type": "Feature", "properties": { "route": 10.0, "segment": 35, "leg": 9.0, "leg_segment": 1, "mode": "WALK", "route_short_name": "", "note": "start Kennedy/Eglinton", "from_library": "Kennedy/Eglinton", "to_library": "Scarborough Civic Centre", "segment_depart": "16:03:00", "segment_arrive": "16:08:00", "wait_min": 0.0, "duration_min": 4.5, "distance_m": 259.0 }, "geometry": { "type": "LineString", "coordinates": [ [ -79.270207, 43.732058 ], [ -79.270252, 43.732171 ], [ -79.269531, 43.732341 ], [ -79.269489, 43.732231 ], [ -79.269427, 43.732107 ], [ -79.269393, 43.732037 ], [ -79.269156, 43.732092 ], [ -79.268984, 43.732132 ], [ -79.268927, 43.732145 ], [ -79.26885, 43.732163 ], [ -79.268666, 43.732203 ], [ -79.268449, 43.732241 ], [ -79.268266, 43.732273 ], [ -79.268088, 43.732307 ], [ -79.267932, 43.732341 ], [ -79.267771, 43.732379 ], [ -79.267638, 43.732406 ], [ -79.267636, 43.732385 ] ] } },
{ "type": "Feature", "properties": { "route": 10.0, "segment": 36, "leg": 9.0, "leg_segment": 2, "mode": "BUS", "route_short_name": "43", "note": "", "from_library": "Kennedy/Eglinton", "to_library": "Scarborough Civic Centre", "segment_depart": "16:09:00", "segment_arrive": "16:32:00", "wait_min": 1.5, "duration_min": 22.6, "distance_m": 6319.0 }, "geometry": { "type": "LineString", "coordinates": [ [ -79.267621, 43.73227 ], [ -79.267919, 43.732194 ], [ -79.267978, 43.73232 ], [ -79.268064, 43.732483 ], [ -79.268254, 43.73296 ], [ -79.26844, 43.73342 ], [ -79.268595, 43.733807 ], [ -79.268833, 43.734374 ], [ -79.268833, 43.734374 ], [ -79.268905, 43.734546 ], [ -79.269227, 43.735284 ], [ -79.269587, 43.736176 ], [ -79.27012, 43.737446 ], [ -79.270283, 43.73787 ], [ -79.270283, 43.73787 ], [ -79.270321, 43.737969 ], [ -79.270452, 43.738248 ], [ -79.270981, 43.739563 ], [ -79.271081, 43.739806 ], [ -79.271081, 43.739806 ], [ -79.271618, 43.741104 ], [ -79.271985, 43.74202 ], [ -79.271985, 43.74202 ], [ -79.272048, 43.742176 ], [ -79.272283, 43.742761 ], [ -79.272554, 43.743414 ], [ -79.272771, 43.743942 ], [ -79.27325, 43.745068 ], [ -79.273543, 43.745759 ], [ -79.273543, 43.745759 ], [ -79.27364, 43.745987 ], [ -79.274045, 43.747005 ], [ -79.274129, 43.747209 ], [ -79.274405, 43.747878 ], [ -79.274475, 43.748072 ], [ -79.274475, 43.748072 ], [ -79.274595, 43.748401 ], [ -79.274738, 43.748761 ], [ -79.27485, 43.749193 ], [ -79.274855, 43.749212 ], [ -79.274855, 43.749212 ], [ -79.274923, 43.749491 ], [ -79.274999, 43.749689 ], [ -79.275047, 43.749842 ], [ -79.275088, 43.749977 ], [ -79.27512, 43.750121 ], [ -79.275156, 43.750292 ], [ -79.275208, 43.750454 ], [ -79.27529, 43.750697 ], [ -79.275675, 43.751724 ], [ -79.275766, 43.751914 ], [ -79.275932, 43.752373 ], [ -79.276216, 43.753075 ], [ -79.276216, 43.753075 ], [ -79.276275, 43.75322 ], [ -79.276859, 43.754715 ], [ -79.277062, 43.755208 ], [ -79.277062, 43.755208 ], [ -79.277141, 43.7554 ], [ -79.277315, 43.755877 ], [ -79.277493, 43.756325 ], [ -79.277512, 43.756373 ], [ -79.277881, 43.757372 ], [ -79.277968, 43.757588 ], [ -79.277968, 43.757588 ], [ -79.278375, 43.758598 ], [ -79.278568, 43.759094 ], [ -79.278568, 43.759094 ], [ -79.278666, 43.759345 ], [ -79.278771, 43.759606 ], [ -79.279206, 43.760694 ], [ -79.279431, 43.761257 ], [ -79.279431, 43.761257 ], [ -79.279445, 43.761291 ], [ -79.280051, 43.762867 ], [ -79.28032, 43.763543 ], [ -79.280466, 43.76393 ], [ -79.280608, 43.764309 ], [ -79.280727, 43.764624 ], [ -79.280855, 43.764948 ], [ -79.280914, 43.765146 ], [ -79.280964, 43.765317 ], [ -79.280989, 43.765452 ], [ -79.280994, 43.765578 ], [ -79.281066, 43.765795 ], [ -79.281117, 43.76601 ], [ -79.281163, 43.766164 ], [ -79.281178, 43.766332 ], [ -79.2812, 43.766459 ], [ -79.2812, 43.766459 ], [ -79.281213, 43.766536 ], [ -79.281253, 43.766721 ], [ -79.281295, 43.766874 ], [ -79.281333, 43.76701 ], [ -79.281364, 43.767101 ], [ -79.281409, 43.767259 ], [ -79.281456, 43.767415 ], [ -79.281512, 43.767575 ], [ -79.281729, 43.768121 ], [ -79.281986, 43.768743 ], [ -79.282086, 43.768994 ], [ -79.282148, 43.769182 ], [ -79.282196, 43.769324 ], [ -79.282245, 43.769414 ], [ -79.282186, 43.769427 ], [ -79.282126, 43.76944 ], [ -79.282067, 43.769453 ], [ -79.282007, 43.769465 ], [ -79.281948, 43.769478 ], [ -79.281888, 43.769491 ], [ -79.281829, 43.769504 ], [ -79.281769, 43.769517 ], [ -79.28171, 43.76953 ], [ -79.28165, 43.769543 ], [ -79.281591, 43.769555 ], [ -79.281531, 43.769568 ], [ -79.281515, 43.769571 ], [ -79.281515, 43.769571 ], [ -79.281471, 43.769581 ], [ -79.281412, 43.769594 ], [ -79.281352, 43.769607 ], [ -79.281293, 43.76962 ], [ -79.281233, 43.769632 ], [ -79.281174, 43.769645 ], [ -79.281114, 43.769658 ], [ -79.281055, 43.769671 ], [ -79.280995, 43.769684 ], [ -79.280936, 43.769697 ], [ -79.280876, 43.76971 ], [ -79.280817, 43.769722 ], [ -79.280757, 43.769735 ], [ -79.280698, 43.769748 ], [ -79.280638, 43.769761 ], [ -79.280579, 43.769774 ], [ -79.280519, 43.769787 ], [ -79.28046, 43.7698 ], [ -79.2804, 43.769812 ], [ -79.280341, 43.769825 ], [ -79.280281, 43.769838 ], [ -79.280222, 43.769851 ], [ -79.280162, 43.769864 ], [ -79.280103, 43.769877 ], [ -79.280043, 43.76989 ], [ -79.279984, 43.769902 ], [ -79.279924, 43.769915 ], [ -79.279864, 43.769928 ], [ -79.279805, 43.769941 ], [ -79.279745, 43.769954 ], [ -79.279686, 43.769967 ], [ -79.279626, 43.76998 ], [ -79.279567, 43.769993 ], [ -79.279507, 43.770006 ], [ -79.279448, 43.770018 ], [ -79.279416, 43.770025 ], [ -79.279416, 43.770025 ], [ -79.279389, 43.770031 ], [ -79.279329, 43.770045 ], [ -79.27927, 43.770059 ], [ -79.279211, 43.770073 ], [ -79.279151, 43.770085 ], [ -79.279092, 43.770098 ], [ -79.279032, 43.770111 ], [ -79.278973, 43.770125 ], [ -79.278915, 43.77014 ], [ -79.278856, 43.770155 ], [ -79.278798, 43.77017 ], [ -79.278778, 43.770175 ], [ -79.278739, 43.770185 ], [ -79.278681, 43.770201 ], [ -79.278623, 43.770217 ], [ -79.278565, 43.770233 ], [ -79.278508, 43.770251 ], [ -79.278451, 43.770269 ], [ -79.278395, 43.770288 ], [ -79.278339, 43.770308 ], [ -79.278284, 43.770329 ], [ -79.278229, 43.77035 ], [ -79.278173, 43.77037 ], [ -79.278117, 43.770388 ], [ -79.278061, 43.770408 ], [ -79.278007, 43.77043 ], [ -79.277952, 43.770451 ], [ -79.277898, 43.770473 ], [ -79.277845, 43.770496 ], [ -79.277792, 43.77052 ], [ -79.27774, 43.770545 ], [ -79.277542, 43.770641 ], [ -79.277499, 43.770663 ], [ -79.277449, 43.77069 ], [ -79.277401, 43.770718 ], [ -79.277355, 43.770749 ], [ -79.277311, 43.770781 ], [ -79.277267, 43.770812 ], [ -79.27722, 43.770842 ], [ -79.277173, 43.770871 ], [ -79.277125, 43.7709 ], [ -79.277079, 43.77093 ], [ -79.277034, 43.770961 ], [ -79.27699, 43.770993 ], [ -79.276947, 43.771025 ], [ -79.276904, 43.771058 ], [ -79.276861, 43.771091 ], [ -79.276819, 43.771124 ], [ -79.276777, 43.771157 ], [ -79.276735, 43.77119 ], [ -79.276693, 43.771223 ], [ -79.27665, 43.771255 ], [ -79.276606, 43.771287 ], [ -79.276565, 43.771317 ], [ -79.276502, 43.771368 ], [ -79.276461, 43.771402 ], [ -79.276421, 43.771436 ], [ -79.27638, 43.77147 ], [ -79.276338, 43.771503 ], [ -79.276296, 43.771537 ], [ -79.276255, 43.77157 ], [ -79.276212, 43.771603 ], [ -79.276176, 43.77163 ], [ -79.276176, 43.77163 ], [ -79.276169, 43.771635 ], [ -79.276126, 43.771668 ], [ -79.276083, 43.7717 ], [ -79.27604, 43.771732 ], [ -79.275996, 43.771764 ], [ -79.275953, 43.771797 ], [ -79.27591, 43.771829 ], [ -79.275867, 43.771862 ], [ -79.275824, 43.771894 ], [ -79.275781, 43.771927 ], [ -79.275739, 43.77196 ], [ -79.275699, 43.771994 ], [ -79.275659, 43.772029 ], [ -79.275619, 43.772063 ], [ -79.275577, 43.772096 ], [ -79.275534, 43.772129 ], [ -79.27549, 43.772161 ], [ -79.275445, 43.772191 ], [ -79.275397, 43.77222 ], [ -79.275348, 43.772248 ], [ -79.275299, 43.772276 ], [ -79.27525, 43.772303 ], [ -79.275201, 43.77233 ], [ -79.27515, 43.772356 ], [ -79.275097, 43.77238 ], [ -79.275043, 43.772402 ], [ -79.274989, 43.772424 ], [ -79.274935, 43.772447 ], [ -79.274881, 43.772469 ], [ -79.274827, 43.772492 ], [ -79.274773, 43.772513 ], [ -79.274717, 43.772533 ], [ -79.27466, 43.772551 ], [ -79.274603, 43.772569 ], [ -79.274547, 43.772588 ], [ -79.274491, 43.772607 ], [ -79.274434, 43.772626 ], [ -79.274377, 43.772644 ], [ -79.274319, 43.77266 ], [ -79.274261, 43.772677 ], [ -79.274203, 43.772692 ], [ -79.274145, 43.772708 ], [ -79.274086, 43.772723 ], [ -79.274028, 43.772737 ], [ -79.273968, 43.772751 ], [ -79.273909, 43.772765 ], [ -79.27385, 43.772777 ], [ -79.27379, 43.772789 ], [ -79.27373, 43.772801 ], [ -79.27367, 43.772813 ], [ -79.27361, 43.772824 ], [ -79.27355, 43.772836 ], [ -79.27349, 43.772848 ], [ -79.27343, 43.772859 ], [ -79.273369, 43.77287 ], [ -79.273349, 43.772874 ], [ -79.273349, 43.772874 ], [ -79.273309, 43.772882 ], [ -79.273249, 43.772893 ], [ -79.27319, 43.772906 ], [ -79.27313, 43.772919 ], [ -79.273072, 43.772934 ], [ -79.272974, 43.772958 ], [ -79.270324, 43.773518 ], [ -79.270324, 43.773518 ], [ -79.270013, 43.773584 ], [ -79.268032, 43.774011 ], [ -79.267629, 43.774102 ], [ -79.26738, 43.774167 ], [ -79.267182, 43.774226 ], [ -79.267007, 43.774286 ], [ -79.266788, 43.774367 ], [ -79.266597, 43.774438 ], [ -79.266415, 43.774508 ], [ -79.266258, 43.774565 ], [ -79.266258, 43.774565 ], [ -79.266214, 43.774581 ], [ -79.266035, 43.774647 ], [ -79.265996, 43.774659 ], [ -79.265836, 43.774707 ], [ -79.265589, 43.77477 ], [ -79.265104, 43.774877 ], [ -79.264104, 43.775087 ], [ -79.263371, 43.775234 ], [ -79.263371, 43.775234 ], [ -79.263171, 43.775274 ], [ -79.262414, 43.773332 ], [ -79.261433, 43.773539 ] ] } },
{ "type": "Feature", "properties": { "route": 10.0, "segment": 37, "leg": 9.0, "leg_segment": 3, "mode": "WALK", "route_short_name": "", "note": "arrive Scarborough Civic Centre", "from_library": "Kennedy/Eglinton", "to_library": "Scarborough Civic Centre", "segment_depart": "16:32:00", "segment_arrive": "16:41:00", "wait_min": 0.0, "duration_min": 8.5, "distance_m": 492.0 }, "geometry": { "type": "LineString", "coordinates": [ [ -79.261427, 43.773482 ], [ -79.261427, 43.773484 ], [ -79.26133, 43.773504 ], [ -79.261288, 43.773497 ], [ -79.261262, 43.77349 ], [ -79.261211, 43.773461 ], [ -79.260943, 43.772812 ], [ -79.260895, 43.772797 ], [ -79.260869, 43.772802 ], [ -79.260737, 43.772828 ], [ -79.260647, 43.772591 ], [ -79.260595, 43.772473 ], [ -79.260562, 43.772478 ], [ -79.260498, 43.772444 ], [ -79.260488, 43.772386 ], [ -79.260424, 43.772215 ], [ -79.260398, 43.772156 ], [ -79.260389, 43.772135 ], [ -79.260316, 43.772025 ], [ -79.260183, 43.771891 ], [ -79.260114, 43.771841 ], [ -79.259938, 43.771763 ], [ -79.259588, 43.771669 ], [ -79.259276, 43.771666 ], [ -79.258878, 43.771753 ], [ -79.25868, 43.771796 ], [ -79.258646, 43.771804 ], [ -79.25864, 43.771805 ], [ -79.258542, 43.771828 ], [ -79.258444, 43.771843 ], [ -79.258393, 43.771851 ], [ -79.258309, 43.771868 ], [ -79.257934, 43.771945 ], [ -79.257879, 43.772026 ], [ -79.257814, 43.772122 ], [ -79.257755, 43.772209 ], [ -79.257697, 43.772297 ], [ -79.257469, 43.772382 ], [ -79.257417, 43.772402 ], [ -79.257395, 43.772419 ] ] } }
]
}
